atom_index,electrode,x_angstrom,y_angstrom,z_angstrom,q_e
0,cathode,3.0,3.0,16.0,0.006388523615896702
1,cathode,3.0,6.5,16.0,0.0057253181003034115
2,cathode,3.0,10.0,16.0,0.005402783397585154
3,cathode,3.0,13.5,16.0,0.005316603928804398
4,cathode,3.0,17.0,16.0,0.00543212192133069
5,cathode,3.0,20.5,16.0,0.005750515032559633
6,cathode,3.0,24.0,16.0,0.006306860130280256
7,cathode,3.0,27.5,16.0,0.007240065839141607
8,cathode,3.0,31.0,16.0,0.008652075193822384
9,cathode,3.0,34.5,16.0,0.009577974677085876
10,cathode,3.0,38.0,16.0,0.010550439357757568
11,cathode,3.0,41.5,16.0,0.0125726955011487
12,cathode,3.0,45.0,16.0,0.010487654246389866
13,cathode,3.0,48.5,16.0,0.008405283093452454
14,cathode,3.0,52.0,16.0,0.007457163650542498
15,cathode,6.5,3.0,16.0,0.005973652005195618
16,cathode,6.5,6.5,16.0,0.005377208814024925
17,cathode,6.5,10.0,16.0,0.005120669957250357
18,cathode,6.5,13.5,16.0,0.005073298700153828
19,cathode,6.5,17.0,16.0,0.0052084061317145824
20,cathode,6.5,20.5,16.0,0.005538193043321371
21,cathode,6.5,24.0,16.0,0.006039748899638653
22,cathode,6.5,27.5,16.0,0.00677871098741889
23,cathode,6.5,31.0,16.0,0.008622768335044384
24,cathode,6.5,34.5,16.0,0.011483917944133282
25,cathode,6.5,38.0,16.0,0.011441449634730816
26,cathode,6.5,41.5,16.0,0.011163607239723206
27,cathode,6.5,45.0,16.0,0.009352941066026688
28,cathode,6.5,48.5,16.0,0.0076280864886939526
29,cathode,6.5,52.0,16.0,0.006863705813884735
30,cathode,10.0,3.0,16.0,0.005816257558763027
31,cathode,10.0,6.5,16.0,0.005307708866894245
32,cathode,10.0,10.0,16.0,0.005138069856911898
33,cathode,10.0,13.5,16.0,0.0051750680431723595
34,cathode,10.0,17.0,16.0,0.005400473717600107
35,cathode,10.0,20.5,16.0,0.005847687367349863
36,cathode,10.0,24.0,16.0,0.006458213087171316
37,cathode,10.0,27.5,16.0,0.007304078433662653
38,cathode,10.0,31.0,16.0,0.00963218230754137
39,cathode,10.0,34.5,16.0,0.01237711776047945
40,cathode,10.0,38.0,16.0,0.012621592730283737
41,cathode,10.0,41.5,16.0,0.012820147909224033
42,cathode,10.0,45.0,16.0,0.009522802196443081
43,cathode,10.0,48.5,16.0,0.007347641047090292
44,cathode,10.0,52.0,16.0,0.006579085718840361
45,cathode,13.5,3.0,16.0,0.00581463472917676
46,cathode,13.5,6.5,16.0,0.005414524581283331
47,cathode,13.5,10.0,16.0,0.005400093272328377
48,cathode,13.5,13.5,16.0,0.005652696825563908
49,cathode,13.5,17.0,16.0,0.006098458077758551
50,cathode,13.5,20.5,16.0,0.006676499266177416
51,cathode,13.5,24.0,16.0,0.0074179042130708694
52,cathode,13.5,27.5,16.0,0.008968334645032883
53,cathode,13.5,31.0,16.0,0.012798145413398743
54,cathode,13.5,34.5,16.0,0.015427909791469574
55,cathode,13.5,38.0,16.0,0.013914356008172035
56,cathode,13.5,41.5,16.0,0.012663583271205425
57,cathode,13.5,45.0,16.0,0.00906492117792368
58,cathode,13.5,48.5,16.0,0.007056560833007097
59,cathode,13.5,52.0,16.0,0.006425983272492886
60,cathode,17.0,3.0,16.0,0.005901254713535309
61,cathode,17.0,6.5,16.0,0.0056129926815629005
62,cathode,17.0,10.0,16.0,0.005857913289219141
63,cathode,17.0,13.5,16.0,0.006662034895271063
64,cathode,17.0,17.0,16.0,0.00775334145873785
65,cathode,17.0,20.5,16.0,0.008196718990802765
66,cathode,17.0,24.0,16.0,0.008593634702265263
67,cathode,17.0,27.5,16.0,0.010869837366044521
68,cathode,17.0,31.0,16.0,0.016360513865947723
69,cathode,17.0,34.5,16.0,0.017064005136489868
70,cathode,17.0,38.0,16.0,0.012699608691036701
71,cathode,17.0,41.5,16.0,0.009763303212821484
72,cathode,17.0,45.0,16.0,0.007846917025744915
73,cathode,17.0,48.5,16.0,0.006754130590707064
74,cathode,17.0,52.0,16.0,0.006395748816430569
75,cathode,20.5,3.0,16.0,0.006028873845934868
76,cathode,20.5,6.5,16.0,0.005787052679806948
77,cathode,20.5,10.0,16.0,0.006319425534456968
78,cathode,20.5,13.5,16.0,0.008275270462036133
79,cathode,20.5,17.0,16.0,0.01242031529545784
80,cathode,20.5,20.5,16.0,0.011601525358855724
81,cathode,20.5,24.0,16.0,0.010761309415102005
82,cathode,20.5,27.5,16.0,0.013724349439144135
83,cathode,20.5,31.0,16.0,0.020522136241197586
84,cathode,20.5,34.5,16.0,0.016837123781442642
85,cathode,20.5,38.0,16.0,0.011485828086733818
86,cathode,20.5,41.5,16.0,0.008942591026425362
87,cathode,20.5,45.0,16.0,0.007714427541941404
88,cathode,20.5,48.5,16.0,0.007007969543337822
89,cathode,20.5,52.0,16.0,0.0066531989723443985
90,cathode,24.0,3.0,16.0,0.00616148067638278
91,cathode,24.0,6.5,16.0,0.005820875987410545
92,cathode,24.0,10.0,16.0,0.006356727331876755
93,cathode,24.0,13.5,16.0,0.008546191267669201
94,cathode,24.0,17.0,16.0,0.013570590876042843
95,cathode,24.0,20.5,16.0,0.011978890746831894
96,cathode,24.0,24.0,16.0,0.01104248408228159
97,cathode,24.0,27.5,16.0,0.01503930613398552
98,cathode,24.0,31.0,16.0,0.017810409888625145
99,cathode,24.0,34.5,16.0,0.016689296811819077
100,cathode,24.0,38.0,16.0,0.011583874002099037
101,cathode,24.0,41.5,16.0,0.009636134840548038
102,cathode,24.0,45.0,16.0,0.009019865654408932
103,cathode,24.0,48.5,16.0,0.00834241695702076
104,cathode,24.0,52.0,16.0,0.007365379482507706
105,cathode,27.5,3.0,16.0,0.006274605635553598
106,cathode,27.5,6.5,16.0,0.005716281943023205
107,cathode,27.5,10.0,16.0,0.00593848992139101
108,cathode,27.5,13.5,16.0,0.00695843156427145
109,cathode,27.5,17.0,16.0,0.008508306927978992
110,cathode,27.5,20.5,16.0,0.009310372173786163
111,cathode,27.5,24.0,16.0,0.012924812734127045
112,cathode,27.5,27.5,16.0,0.018516819924116135
113,cathode,27.5,31.0,16.0,0.015576646663248539
114,cathode,27.5,34.5,16.0,0.01542508602142334
115,cathode,27.5,38.0,16.0,0.01327515672892332
116,cathode,27.5,41.5,16.0,0.011459916830062866
117,cathode,27.5,45.0,16.0,0.012559544295072556
118,cathode,27.5,48.5,16.0,0.011539814993739128
119,cathode,27.5,52.0,16.0,0.008430708199739456
120,cathode,31.0,3.0,16.0,0.006373073440045118
121,cathode,31.0,6.5,16.0,0.0055877142585814
122,cathode,31.0,10.0,16.0,0.005521420855075121
123,cathode,31.0,13.5,16.0,0.005948478821665049
124,cathode,31.0,17.0,16.0,0.006795000750571489
125,cathode,31.0,20.5,16.0,0.008381759747862816
126,cathode,31.0,24.0,16.0,0.012790137901902199
127,cathode,31.0,27.5,16.0,0.01641676388680935
128,cathode,31.0,31.0,16.0,0.016081523150205612
129,cathode,31.0,34.5,16.0,0.019933346658945084
130,cathode,31.0,38.0,16.0,0.016277000308036804
131,cathode,31.0,41.5,16.0,0.012251012027263641
132,cathode,31.0,45.0,16.0,0.012850276194512844
133,cathode,31.0,48.5,16.0,0.011745973490178585
134,cathode,31.0,52.0,16.0,0.008900872431695461
135,cathode,34.5,3.0,16.0,0.006516532972455025
136,cathode,34.5,6.5,16.0,0.005520787090063095
137,cathode,34.5,10.0,16.0,0.005278211552649736
138,cathode,34.5,13.5,16.0,0.005483937915414572
139,cathode,34.5,17.0,16.0,0.0060544549487531185
140,cathode,34.5,20.5,16.0,0.007164314854890108
141,cathode,34.5,24.0,16.0,0.00901621114462614
142,cathode,34.5,27.5,16.0,0.010458426550030708
143,cathode,34.5,31.0,16.0,0.012208894826471806
144,cathode,34.5,34.5,16.0,0.015346893109381199
145,cathode,34.5,38.0,16.0,0.01326760370284319
146,cathode,34.5,41.5,16.0,0.009507568553090096
147,cathode,34.5,45.0,16.0,0.008475027047097683
148,cathode,34.5,48.5,16.0,0.009966437704861164
149,cathode,34.5,52.0,16.0,0.009273928590118885
150,cathode,38.0,3.0,16.0,0.006677614059299231
151,cathode,38.0,6.5,16.0,0.005511303897947073
152,cathode,38.0,10.0,16.0,0.00514871533960104
153,cathode,38.0,13.5,16.0,0.005220196675509214
154,cathode,38.0,17.0,16.0,0.0055748699232935905
155,cathode,38.0,20.5,16.0,0.0061849988996982574
156,cathode,38.0,24.0,16.0,0.007002617232501507
157,cathode,38.0,27.5,16.0,0.00794005487114191
158,cathode,38.0,31.0,16.0,0.00971005018800497
159,cathode,38.0,34.5,16.0,0.01200885884463787
160,cathode,38.0,38.0,16.0,0.009086030535399914
161,cathode,38.0,41.5,16.0,0.00703462352976203
162,cathode,38.0,45.0,16.0,0.00914798490703106
163,cathode,38.0,48.5,16.0,0.012746498920023441
164,cathode,38.0,52.0,16.0,0.010806544683873653
165,cathode,41.5,3.0,16.0,0.0066778347827494144
166,cathode,41.5,6.5,16.0,0.005505938082933426
167,cathode,41.5,10.0,16.0,0.005075938533991575
168,cathode,41.5,13.5,16.0,0.005045974627137184
169,cathode,41.5,17.0,16.0,0.005249653477221727
170,cathode,41.5,20.5,16.0,0.005607171915471554
171,cathode,41.5,24.0,16.0,0.006078535225242376
172,cathode,41.5,27.5,16.0,0.0067386385053396225
173,cathode,41.5,31.0,16.0,0.007782959379255772
174,cathode,41.5,34.5,16.0,0.007691358216106892
175,cathode,41.5,38.0,16.0,0.007835290394723415
176,cathode,41.5,41.5,16.0,0.008829155005514622
177,cathode,41.5,45.0,16.0,0.010413888841867447
178,cathode,41.5,48.5,16.0,0.012428008019924164
179,cathode,41.5,52.0,16.0,0.010353888384997845
180,cathode,45.0,3.0,16.0,0.006544220726937056
181,cathode,45.0,6.5,16.0,0.005495887715369463
182,cathode,45.0,10.0,16.0,0.005050224252045155
183,cathode,45.0,13.5,16.0,0.004958718549460173
184,cathode,45.0,17.0,16.0,0.005081187933683395
185,cathode,45.0,20.5,16.0,0.005336699541658163
186,cathode,45.0,24.0,16.0,0.0056867594830691814
187,cathode,45.0,27.5,16.0,0.00619964674115181
188,cathode,45.0,31.0,16.0,0.007275008130818605
189,cathode,45.0,34.5,16.0,0.010823230259120464
190,cathode,45.0,38.0,16.0,0.014773248694837093
191,cathode,45.0,41.5,16.0,0.010781899094581604
192,cathode,45.0,45.0,16.0,0.009675481356680393
193,cathode,45.0,48.5,16.0,0.00943188276141882
194,cathode,45.0,52.0,16.0,0.008645378053188324
195,cathode,48.5,3.0,16.0,0.0064819916151463985
196,cathode,48.5,6.5,16.0,0.005556229967623949
197,cathode,48.5,10.0,16.0,0.005123849958181381
198,cathode,48.5,13.5,16.0,0.005007520318031311
199,cathode,48.5,17.0,16.0,0.005103444214910269
200,cathode,48.5,20.5,16.0,0.005345307290554047
201,cathode,48.5,24.0,16.0,0.005692731123417616
202,cathode,48.5,27.5,16.0,0.006190516520291567
203,cathode,48.5,31.0,16.0,0.007291021291166544
204,cathode,48.5,34.5,16.0,0.010889356955885887
205,cathode,48.5,38.0,16.0,0.014320864342153072
206,cathode,48.5,41.5,16.0,0.011391920037567616
207,cathode,48.5,45.0,16.0,0.009667690843343735
208,cathode,48.5,48.5,16.0,0.00860767625272274
209,cathode,48.5,52.0,16.0,0.007942354306578636
210,cathode,52.0,3.0,16.0,0.0066380309872329235
211,cathode,52.0,6.5,16.0,0.0058234441094100475
212,cathode,52.0,10.0,16.0,0.005416675936430693
213,cathode,52.0,13.5,16.0,0.005298460368067026
214,cathode,52.0,17.0,16.0,0.005400724709033966
215,cathode,52.0,20.5,16.0,0.005683314520865679
216,cathode,52.0,24.0,16.0,0.006124429404735565
217,cathode,52.0,27.5,16.0,0.006731943227350712
218,cathode,52.0,31.0,16.0,0.0076308040879666805
219,cathode,52.0,34.5,16.0,0.009251365438103676
220,cathode,52.0,38.0,16.0,0.011561624705791473
221,cathode,52.0,41.5,16.0,0.012265059165656567
222,cathode,52.0,45.0,16.0,0.010575134307146072
223,cathode,52.0,48.5,16.0,0.00884469784796238
224,cathode,52.0,52.0,16.0,0.007937787100672722
225,cathode,3.0,3.0,13.5,0.004968239925801754
226,cathode,3.0,6.5,13.5,0.004345471505075693
227,cathode,3.0,10.0,13.5,0.0040637534111738205
228,cathode,3.0,13.5,13.5,0.003983164206147194
229,cathode,3.0,17.0,13.5,0.004042387939989567
230,cathode,3.0,20.5,13.5,0.004226366523653269
231,cathode,3.0,24.0,13.5,0.004548399243503809
232,cathode,3.0,27.5,13.5,0.005058214534074068
233,cathode,3.0,31.0,13.5,0.005770950112491846
234,cathode,3.0,34.5,13.5,0.006450278218835592
235,cathode,3.0,38.0,13.5,0.007098890841007233
236,cathode,3.0,41.5,13.5,0.00749287661164999
237,cathode,3.0,45.0,13.5,0.006792489904910326
238,cathode,3.0,48.5,13.5,0.005933587439358234
239,cathode,3.0,52.0,13.5,0.005628105252981186
240,cathode,6.5,3.0,13.5,0.0045023285783827305
241,cathode,6.5,6.5,13.5,0.003910172265022993
242,cathode,6.5,10.0,13.5,0.0036740764044225216
243,cathode,6.5,13.5,13.5,0.0036264066584408283
244,cathode,6.5,17.0,13.5,0.003704508300870657
245,cathode,6.5,20.5,13.5,0.0038964555133134127
246,cathode,6.5,24.0,13.5,0.004208130296319723
247,cathode,6.5,27.5,13.5,0.004714267794042826
248,cathode,6.5,31.0,13.5,0.005605378653854132
249,cathode,6.5,34.5,13.5,0.006564490497112274
250,cathode,6.5,38.0,13.5,0.006877361796796322
251,cathode,6.5,41.5,13.5,0.006755052600055933
252,cathode,6.5,45.0,13.5,0.005996664520353079
253,cathode,6.5,48.5,13.5,0.005229763220995665
254,cathode,6.5,52.0,13.5,0.005039970390498638
255,cathode,10.0,3.0,13.5,0.0043137879110872746
256,cathode,10.0,6.5,13.5,0.003777056699618697
257,cathode,10.0,10.0,13.5,0.003596540540456772
258,cathode,10.0,13.5,13.5,0.003606477752327919
259,cathode,10.0,17.0,13.5,0.0037402654998004436
260,cathode,10.0,20.5,13.5,0.0039843046106398106
261,cathode,10.0,24.0,13.5,0.004352076910436153
262,cathode,10.0,27.5,13.5,0.004972903989255428
263,cathode,10.0,31.0,13.5,0.006082543171942234
264,cathode,10.0,34.5,13.5,0.007108090445399284
265,cathode,10.0,38.0,13.5,0.007319305557757616
266,cathode,10.0,41.5,13.5,0.006976651027798653
267,cathode,10.0,45.0,13.5,0.005848115310072899
268,cathode,10.0,48.5,13.5,0.004949006251990795
269,cathode,10.0,52.0,13.5,0.004771379288285971
270,cathode,13.5,3.0,13.5,0.004274813923984766
271,cathode,13.5,6.5,13.5,0.0038027362897992134
272,cathode,13.5,10.0,13.5,0.0037141568027436733
273,cathode,13.5,13.5,13.5,0.003851592307910323
274,cathode,13.5,17.0,13.5,0.004108065739274025
275,cathode,13.5,20.5,13.5,0.00441615330055356
276,cathode,13.5,24.0,13.5,0.0048621781170368195
277,cathode,13.5,27.5,13.5,0.0057716588489711285
278,cathode,13.5,31.0,13.5,0.007278479170054197
279,cathode,13.5,34.5,13.5,0.008160880766808987
280,cathode,13.5,38.0,13.5,0.007728581316769123
281,cathode,13.5,41.5,13.5,0.006883316673338413
282,cathode,13.5,45.0,13.5,0.005615087226033211
283,cathode,13.5,48.5,13.5,0.0047664032317698
284,cathode,13.5,52.0,13.5,0.004650314338505268
285,cathode,17.0,3.0,13.5,0.0043149772100150585
286,cathode,17.0,6.5,13.5,0.0039040970150381327
287,cathode,17.0,10.0,13.5,0.00396002409979701
288,cathode,17.0,13.5,13.5,0.004384492989629507
289,cathode,17.0,17.0,13.5,0.0049567497335374355
290,cathode,17.0,20.5,13.5,0.005260896403342485
291,cathode,17.0,24.0,13.5,0.0056358445435762405
292,cathode,17.0,27.5,13.5,0.006861429661512375
293,cathode,17.0,31.0,13.5,0.00873093493282795
294,cathode,17.0,34.5,13.5,0.00892290472984314
295,cathode,17.0,38.0,13.5,0.007494053337723017
296,cathode,17.0,41.5,13.5,0.0061551486141979694
297,cathode,17.0,45.0,13.5,0.005176507867872715
298,cathode,17.0,48.5,13.5,0.0046288734301924706
299,cathode,17.0,52.0,13.5,0.0046311235055327415
300,cathode,20.5,3.0,13.5,0.004397758282721043
301,cathode,20.5,6.5,13.5,0.004007510840892792
302,cathode,20.5,10.0,13.5,0.004213872831314802
303,cathode,20.5,13.5,13.5,0.005115502513945103
304,cathode,20.5,17.0,13.5,0.006477654911577702
305,cathode,20.5,20.5,13.5,0.006577958352863789
306,cathode,20.5,24.0,13.5,0.006618431769311428
307,cathode,20.5,27.5,13.5,0.008014176040887833
308,cathode,20.5,31.0,13.5,0.009890616871416569
309,cathode,20.5,34.5,13.5,0.009163408540189266
310,cathode,20.5,38.0,13.5,0.007180347107350826
311,cathode,20.5,41.5,13.5,0.005848379340022802
312,cathode,20.5,45.0,13.5,0.005131508223712444
313,cathode,20.5,48.5,13.5,0.004765985533595085
314,cathode,20.5,52.0,13.5,0.00477977842092514
315,cathode,24.0,3.0,13.5,0.004496444948017597
316,cathode,24.0,6.5,13.5,0.004043230786919594
317,cathode,24.0,10.0,13.5,0.004247763194143772
318,cathode,24.0,13.5,13.5,0.005228309892117977
319,cathode,24.0,17.0,13.5,0.006761610507965088
320,cathode,24.0,20.5,13.5,0.006835863459855318
321,cathode,24.0,24.0,13.5,0.0070865401066839695
322,cathode,24.0,27.5,13.5,0.008510404266417027
323,cathode,24.0,31.0,13.5,0.009537545964121819
324,cathode,24.0,34.5,13.5,0.009005272760987282
325,cathode,24.0,38.0,13.5,0.007269249297678471
326,cathode,24.0,41.5,13.5,0.006179689895361662
327,cathode,24.0,45.0,13.5,0.005735338199883699
328,cathode,24.0,48.5,13.5,0.005387633107602596
329,cathode,24.0,52.0,13.5,0.005163070745766163
330,cathode,27.5,3.0,13.5,0.004588328767567873
331,cathode,27.5,6.5,13.5,0.004003820009529591
332,cathode,27.5,10.0,13.5,0.00403725216165185
333,cathode,27.5,13.5,13.5,0.0045713745057582855
334,cathode,27.5,17.0,13.5,0.005366593133658171
335,cathode,27.5,20.5,13.5,0.006001864094287157
336,cathode,27.5,24.0,13.5,0.007479910738766193
337,cathode,27.5,27.5,13.5,0.009159515611827374
338,cathode,27.5,31.0,13.5,0.009182426147162914
339,cathode,27.5,34.5,13.5,0.00904898252338171
340,cathode,27.5,38.0,13.5,0.00795083399862051
341,cathode,27.5,41.5,13.5,0.006957575678825378
342,cathode,27.5,45.0,13.5,0.0068925414234399796
343,cathode,27.5,48.5,13.5,0.006433555856347084
344,cathode,27.5,52.0,13.5,0.005676578264683485
345,cathode,31.0,3.0,13.5,0.004667156375944614
346,cathode,31.0,6.5,13.5,0.003945855423808098
347,cathode,31.0,10.0,13.5,0.003808289533481002
348,cathode,31.0,13.5,13.5,0.004034591838717461
349,cathode,31.0,17.0,13.5,0.0045243543572723866
350,cathode,31.0,20.5,13.5,0.005376418586820364
351,cathode,31.0,24.0,13.5,0.0070527284406125546
352,cathode,31.0,27.5,13.5,0.008474518544971943
353,cathode,31.0,31.0,13.5,0.009006858803331852
354,cathode,31.0,34.5,13.5,0.00976615585386753
355,cathode,31.0,38.0,13.5,0.008565821684896946
356,cathode,31.0,41.5,13.5,0.007156745996326208
357,cathode,31.0,45.0,13.5,0.006985633168369532
358,cathode,31.0,48.5,13.5,0.006615092977881432
359,cathode,31.0,52.0,13.5,0.005938082467764616
360,cathode,34.5,3.0,13.5,0.004756902810186148
361,cathode,34.5,6.5,13.5,0.003914275206625462
362,cathode,34.5,10.0,13.5,0.0036624339409172535
363,cathode,34.5,13.5,13.5,0.003743949346244335
364,cathode,34.5,17.0,13.5,0.004066301044076681
365,cathode,34.5,20.5,13.5,0.004680982790887356
366,cathode,34.5,24.0,13.5,0.005623105447739363
367,cathode,34.5,27.5,13.5,0.006497569847851992
368,cathode,34.5,31.0,13.5,0.007467527408152819
369,cathode,34.5,34.5,13.5,0.008414889685809612
370,cathode,34.5,38.0,13.5,0.007502533961087465
371,cathode,34.5,41.5,13.5,0.006090376991778612
372,cathode,34.5,45.0,13.5,0.00585988350212574
373,cathode,34.5,48.5,13.5,0.006216830108314753
374,cathode,34.5,52.0,13.5,0.00611722469329834
375,cathode,38.0,3.0,13.5,0.004839733708649874
376,cathode,38.0,6.5,13.5,0.00390693498775363
377,cathode,38.0,10.0,13.5,0.0035824913065880537
378,cathode,38.0,13.5,13.5,0.003577237715944648
379,cathode,38.0,17.0,13.5,0.0037663925904780626
380,cathode,38.0,20.5,13.5,0.004118954762816429
381,cathode,38.0,24.0,13.5,0.00460449093952775
382,cathode,38.0,27.5,13.5,0.005180315114557743
383,cathode,38.0,31.0,13.5,0.005965296179056168
384,cathode,38.0,34.5,13.5,0.006578017957508564
385,cathode,38.0,38.0,13.5,0.005955147091299295
386,cathode,38.0,41.5,13.5,0.005274105817079544
387,cathode,38.0,45.0,13.5,0.005806444212794304
388,cathode,38.0,48.5,13.5,0.006735804490745068
389,cathode,38.0,52.0,13.5,0.006554774474352598
390,cathode,41.5,3.0,13.5,0.004835406318306923
391,cathode,41.5,6.5,13.5,0.0039019545074552298
392,cathode,41.5,10.0,13.5,0.00354361510835588
393,cathode,41.5,13.5,13.5,0.003481506835669279
394,cathode,41.5,17.0,13.5,0.0035816491581499577
395,cathode,41.5,20.5,13.5,0.0037889203522354364
396,cathode,41.5,24.0,13.5,0.004082940984517336
397,cathode,41.5,27.5,13.5,0.004495399538427591
398,cathode,41.5,31.0,13.5,0.005055047105997801
399,cathode,41.5,34.5,13.5,0.005418809596449137
400,cathode,41.5,38.0,13.5,0.005581409204751253
401,cathode,41.5,41.5,13.5,0.00567846093326807
402,cathode,41.5,45.0,13.5,0.006133681628853083
403,cathode,41.5,48.5,13.5,0.006696406751871109
404,cathode,41.5,52.0,13.5,0.006435471586883068
405,cathode,45.0,3.0,13.5,0.004774330649524927
406,cathode,45.0,6.5,13.5,0.0039137788116931915
407,cathode,45.0,10.0,13.5,0.003554424038156867
408,cathode,45.0,13.5,13.5,0.0034618661738932133
409,cathode,45.0,17.0,13.5,0.0035153422504663467
410,cathode,45.0,20.5,13.5,0.0036604618653655052
411,cathode,45.0,24.0,13.5,0.0038819126784801483
412,cathode,45.0,27.5,13.5,0.004229446407407522
413,cathode,45.0,31.0,13.5,0.0048992084339261055
414,cathode,45.0,34.5,13.5,0.006293115671724081
415,cathode,45.0,38.0,13.5,0.007336550857871771
416,cathode,45.0,41.5,13.5,0.006506612058728933
417,cathode,45.0,45.0,13.5,0.006050638854503632
418,cathode,45.0,48.5,13.5,0.005951416213065386
419,cathode,45.0,52.0,13.5,0.005859690718352795
420,cathode,48.5,3.0,13.5,0.004811578895896673
421,cathode,48.5,6.5,13.5,0.004027172457426786
422,cathode,48.5,10.0,13.5,0.0036822864785790443
423,cathode,48.5,13.5,13.5,0.003579254262149334
424,cathode,48.5,17.0,13.5,0.003617696464061737
425,cathode,48.5,20.5,13.5,0.003751779207959771
426,cathode,48.5,24.0,13.5,0.00396775221452117
427,cathode,48.5,27.5,13.5,0.004313226789236069
428,cathode,48.5,31.0,13.5,0.005016356240957975
429,cathode,48.5,34.5,13.5,0.006506273522973061
430,cathode,48.5,38.0,13.5,0.0076390705071389675
431,cathode,48.5,41.5,13.5,0.006936781574040651
432,cathode,48.5,45.0,13.5,0.0061791762709617615
433,cathode,48.5,48.5,13.5,0.005720428191125393
434,cathode,48.5,52.0,13.5,0.005622604861855507
435,cathode,52.0,3.0,13.5,0.005114007741212845
436,cathode,52.0,6.5,13.5,0.004406606312841177
437,cathode,52.0,10.0,13.5,0.004075686447322369
438,cathode,52.0,13.5,13.5,0.003971064928919077
439,cathode,52.0,17.0,13.5,0.004014675505459309
440,cathode,52.0,20.5,13.5,0.004172970075160265
441,cathode,52.0,24.0,13.5,0.004438112489879131
442,cathode,52.0,27.5,13.5,0.004833661951124668
443,cathode,52.0,31.0,13.5,0.0054435101337730885
444,cathode,52.0,34.5,13.5,0.006390956696122885
445,cathode,52.0,38.0,13.5,0.007386310026049614
446,cathode,52.0,41.5,13.5,0.007561871781945229
447,cathode,52.0,45.0,13.5,0.006874405778944492
448,cathode,52.0,48.5,13.5,0.006140499841421843
449,cathode,52.0,52.0,13.5,0.005877526011317968
450,cathode,3.0,3.0,11.0,0.004896854516118765
451,cathode,3.0,6.5,11.0,0.00431237043812871
452,cathode,3.0,10.0,11.0,0.0040570395067334175
453,cathode,3.0,13.5,11.0,0.003978707827627659
454,cathode,3.0,17.0,11.0,0.004003420937806368
455,cathode,3.0,20.5,11.0,0.00410741800442338
456,cathode,3.0,24.0,11.0,0.004291420802474022
457,cathode,3.0,27.5,11.0,0.004570741672068834
458,cathode,3.0,31.0,11.0,0.004939919803291559
459,cathode,3.0,34.5,11.0,0.005318829324096441
460,cathode,3.0,38.0,11.0,0.005630664527416229
461,cathode,3.0,41.5,11.0,0.005725582130253315
462,cathode,3.0,45.0,11.0,0.005477482918649912
463,cathode,3.0,48.5,11.0,0.0052016074769198895
464,cathode,3.0,52.0,11.0,0.005282140802592039
465,cathode,6.5,3.0,11.0,0.004404961131513119
466,cathode,6.5,6.5,11.0,0.003825734369456768
467,cathode,6.5,10.0,11.0,0.0036000176332890987
468,cathode,6.5,13.5,11.0,0.0035460288636386395
469,cathode,6.5,17.0,11.0,0.003584669204428792
470,cathode,6.5,20.5,11.0,0.003693913808092475
471,cathode,6.5,24.0,11.0,0.0038777757436037064
472,cathode,6.5,27.5,11.0,0.00416656956076622
473,cathode,6.5,31.0,11.0,0.0045778690837323666
474,cathode,6.5,34.5,11.0,0.0049709598533809185
475,cathode,6.5,38.0,11.0,0.0051527065224945545
476,cathode,6.5,41.5,11.0,0.005095853470265865
477,cathode,6.5,45.0,11.0,0.0048020086251199245
478,cathode,6.5,48.5,11.0,0.004555089399218559
479,cathode,6.5,52.0,11.0,0.004714225884526968
480,cathode,10.0,3.0,11.0,0.004199184011667967
481,cathode,10.0,6.5,11.0,0.0036537866108119488
482,cathode,10.0,10.0,11.0,0.0034615888725966215
483,cathode,10.0,13.5,11.0,0.003442724235355854
484,cathode,10.0,17.0,11.0,0.003513125004246831
485,cathode,10.0,20.5,11.0,0.003648442681878805
486,cathode,10.0,24.0,11.0,0.0038628128822892904
487,cathode,10.0,27.5,11.0,0.004209024831652641
488,cathode,10.0,31.0,11.0,0.004694646690040827
489,cathode,10.0,34.5,11.0,0.005091697443276644
490,cathode,10.0,38.0,11.0,0.005177544895559549
491,cathode,10.0,41.5,11.0,0.004977400414645672
492,cathode,10.0,45.0,11.0,0.004572140984237194
493,cathode,10.0,48.5,11.0,0.004289606586098671
494,cathode,10.0,52.0,11.0,0.004460581112653017
495,cathode,13.5,3.0,11.0,0.004138830117881298
496,cathode,13.5,6.5,11.0,0.0036317124031484127
497,cathode,13.5,10.0,11.0,0.003490170231088996
498,cathode,13.5,13.5,11.0,0.0035384155344218016
499,cathode,13.5,17.0,11.0,0.003671777667477727
500,cathode,13.5,20.5,11.0,0.0038435461465269327
501,cathode,13.5,24.0,11.0,0.00410062912851572
502,cathode,13.5,27.5,11.0,0.004550018813461065
503,cathode,13.5,31.0,11.0,0.005133811384439468
504,cathode,13.5,34.5,11.0,0.005444565322250128
505,cathode,13.5,38.0,11.0,0.005298600997775793
506,cathode,13.5,41.5,11.0,0.004905947484076023
507,cathode,13.5,45.0,11.0,0.004434802103787661
508,cathode,13.5,48.5,11.0,0.004163539037108421
509,cathode,13.5,52.0,11.0,0.004357524681836367
510,cathode,17.0,3.0,11.0,0.004149299114942551
511,cathode,17.0,6.5,11.0,0.0036745828110724688
512,cathode,17.0,10.0,11.0,0.003604557830840349
513,cathode,17.0,13.5,11.0,0.0037781712599098682
514,cathode,17.0,17.0,11.0,0.00403870502486825
515,cathode,17.0,20.5,11.0,0.004235296510159969
516,cathode,17.0,24.0,11.0,0.004493029788136482
517,cathode,17.0,27.5,11.0,0.005037103779613972
518,cathode,17.0,31.0,11.0,0.00566941499710083
519,cathode,17.0,34.5,11.0,0.005759056191891432
520,cathode,17.0,38.0,11.0,0.005284081678837538
521,cathode,17.0,41.5,11.0,0.004723003134131432
522,cathode,17.0,45.0,11.0,0.004287024959921837
523,cathode,17.0,48.5,11.0,0.004101540893316269
524,cathode,17.0,52.0,11.0,0.004339423030614853
525,cathode,20.5,3.0,11.0,0.004197083879262209
526,cathode,20.5,6.5,11.0,0.0037303760182112455
527,cathode,20.5,10.0,11.0,0.0037255517672747374
528,cathode,20.5,13.5,11.0,0.0040624081157147884
529,cathode,20.5,17.0,11.0,0.004514723550528288
530,cathode,20.5,20.5,11.0,0.004713471978902817
531,cathode,20.5,24.0,11.0,0.004925400018692017
532,cathode,20.5,27.5,11.0,0.005494831129908562
533,cathode,20.5,31.0,11.0,0.00606017978861928
534,cathode,20.5,34.5,11.0,0.005910381209105253
535,cathode,20.5,38.0,11.0,0.00523874256759882
536,cathode,20.5,41.5,11.0,0.004646099638193846
537,cathode,20.5,45.0,11.0,0.0042892200872302055
538,cathode,20.5,48.5,11.0,0.004170087166130543
539,cathode,20.5,52.0,11.0,0.004416225478053093
540,cathode,24.0,3.0,11.0,0.004260903224349022
541,cathode,24.0,6.5,11.0,0.003758091013878584
542,cathode,24.0,10.0,11.0,0.0037485554348677397
543,cathode,24.0,13.5,11.0,0.004107901360839605
544,cathode,24.0,17.0,11.0,0.004608157556504011
545,cathode,24.0,20.5,11.0,0.0048535773530602455
546,cathode,24.0,24.0,11.0,0.005162445828318596
547,cathode,24.0,27.5,11.0,0.005722157657146454
548,cathode,24.0,31.0,11.0,0.006100540980696678
549,cathode,24.0,34.5,11.0,0.005919488612562418
550,cathode,24.0,38.0,11.0,0.005305659957230091
551,cathode,24.0,41.5,11.0,0.004793882369995117
552,cathode,24.0,45.0,11.0,0.004532581195235252
553,cathode,24.0,48.5,11.0,0.004427096340805292
554,cathode,24.0,52.0,11.0,0.004599702078849077
555,cathode,27.5,3.0,11.0,0.004323287401348352
556,cathode,27.5,6.5,11.0,0.003749086521565914
557,cathode,27.5,10.0,11.0,0.0036598648875951767
558,cathode,27.5,13.5,11.0,0.0038789294194430113
559,cathode,27.5,17.0,11.0,0.0042386166751384735
560,cathode,27.5,20.5,11.0,0.004616894293576479
561,cathode,27.5,24.0,11.0,0.005206379108130932
562,cathode,27.5,27.5,11.0,0.005817502737045288
563,cathode,27.5,31.0,11.0,0.006048441864550114
564,cathode,27.5,34.5,11.0,0.005969669669866562
565,cathode,27.5,38.0,11.0,0.005518331192433834
566,cathode,27.5,41.5,11.0,0.00507366145029664
567,cathode,27.5,45.0,11.0,0.00489610992372036
568,cathode,27.5,48.5,11.0,0.004772567190229893
569,cathode,27.5,52.0,11.0,0.004826640244573355
570,cathode,31.0,3.0,11.0,0.004376689903438091
571,cathode,31.0,6.5,11.0,0.003727397182956338
572,cathode,31.0,10.0,11.0,0.0035494312178343534
573,cathode,31.0,13.5,11.0,0.0036379708908498287
574,cathode,31.0,17.0,11.0,0.0038887413684278727
575,cathode,31.0,20.5,11.0,0.004304311703890562
576,cathode,31.0,24.0,11.0,0.0049460334703326225
577,cathode,31.0,27.5,11.0,0.005529145710170269
578,cathode,31.0,31.0,11.0,0.005863674450665712
579,cathode,31.0,34.5,11.0,0.005995628889650106
580,cathode,31.0,38.0,11.0,0.0056070443242788315
581,cathode,31.0,41.5,11.0,0.005117014981806278
582,cathode,31.0,45.0,11.0,0.004945552907884121
583,cathode,31.0,48.5,11.0,0.00488000875338912
584,cathode,31.0,52.0,11.0,0.004963234532624483
585,cathode,34.5,3.0,11.0,0.0044283256866037846
586,cathode,34.5,6.5,11.0,0.0037147984839975834
587,cathode,34.5,10.0,11.0,0.0034719270188361406
588,cathode,34.5,13.5,11.0,0.0034812006633728743
589,cathode,34.5,17.0,11.0,0.0036456480156630278
590,cathode,34.5,20.5,11.0,0.003956568893045187
591,cathode,34.5,24.0,11.0,0.004398460499942303
592,cathode,34.5,27.5,11.0,0.004842057358473539
593,cathode,34.5,31.0,11.0,0.005257234908640385
594,cathode,34.5,34.5,11.0,0.005504831206053495
595,cathode,34.5,38.0,11.0,0.005215599201619625
596,cathode,34.5,41.5,11.0,0.004771298263221979
597,cathode,34.5,45.0,11.0,0.004674139898270369
598,cathode,34.5,48.5,11.0,0.004811328370124102
599,cathode,34.5,52.0,11.0,0.005049062892794609
600,cathode,38.0,3.0,11.0,0.004470271989703178
601,cathode,38.0,6.5,11.0,0.0037126843817532063
602,cathode,38.0,10.0,11.0,0.0034286261070519686
603,cathode,38.0,13.5,11.0,0.00338730588555336
604,cathode,38.0,17.0,11.0,0.0034791685175150633
605,cathode,38.0,20.5,11.0,0.0036691338755190372
606,cathode,38.0,24.0,11.0,0.003934395965188742
607,cathode,38.0,27.5,11.0,0.004246434196829796
608,cathode,38.0,31.0,11.0,0.004594966769218445
609,cathode,38.0,34.5,11.0,0.004805759992450476
610,cathode,38.0,38.0,11.0,0.004666278604418039
611,cathode,38.0,41.5,11.0,0.004471208434551954
612,cathode,38.0,45.0,11.0,0.004592384677380323
613,cathode,38.0,48.5,11.0,0.004895953927189112
614,cathode,38.0,52.0,11.0,0.005168482195585966
615,cathode,41.5,3.0,11.0,0.0044762734323740005
616,cathode,41.5,6.5,11.0,0.0037169221322983503
617,cathode,41.5,10.0,11.0,0.003414894687011838
618,cathode,41.5,13.5,11.0,0.0033421642147004604
619,cathode,41.5,17.0,11.0,0.003385028801858425
620,cathode,41.5,20.5,11.0,0.0034998939372599125
621,cathode,41.5,24.0,11.0,0.0036714300513267517
622,cathode,41.5,27.5,11.0,0.0039045580197125673
623,cathode,41.5,31.0,11.0,0.0041948240250349045
624,cathode,41.5,34.5,11.0,0.004445938393473625
625,cathode,41.5,38.0,11.0,0.004540581256151199
626,cathode,41.5,41.5,11.0,0.004539520014077425
627,cathode,41.5,45.0,11.0,0.0046624597162008286
628,cathode,41.5,48.5,11.0,0.004889597184956074
629,cathode,41.5,52.0,11.0,0.005143790040165186
630,cathode,45.0,3.0,11.0,0.00447795819491148
631,cathode,45.0,6.5,11.0,0.003751548705622554
632,cathode,45.0,10.0,11.0,0.0034504220820963383
633,cathode,45.0,13.5,11.0,0.0033622542396187782
634,cathode,45.0,17.0,11.0,0.003379466477781534
635,cathode,45.0,20.5,11.0,0.003459878731518984
636,cathode,45.0,24.0,11.0,0.0035932022146880627
637,cathode,45.0,27.5,11.0,0.0038015099707990885
638,cathode,45.0,31.0,11.0,0.004146155435591936
639,cathode,45.0,34.5,11.0,0.004647129215300083
640,cathode,45.0,38.0,11.0,0.004963468294590712
641,cathode,45.0,41.5,11.0,0.004840634763240814
642,cathode,45.0,45.0,11.0,0.004714407492429018
643,cathode,45.0,48.5,11.0,0.0047454689629375935
644,cathode,45.0,52.0,11.0,0.004999816417694092
645,cathode,48.5,3.0,11.0,0.004591510631144047
646,cathode,48.5,6.5,11.0,0.003904119599610567
647,cathode,48.5,10.0,11.0,0.003612654749304056
648,cathode,48.5,13.5,11.0,0.0035198042169213295
649,cathode,48.5,17.0,11.0,0.0035288818180561066
650,cathode,48.5,20.5,11.0,0.003602550132200122
651,cathode,48.5,24.0,11.0,0.0037327585741877556
652,cathode,48.5,27.5,11.0,0.003944350406527519
653,cathode,48.5,31.0,11.0,0.004313730634748936
654,cathode,48.5,34.5,11.0,0.004879383835941553
655,cathode,48.5,38.0,11.0,0.005273156799376011
656,cathode,48.5,41.5,11.0,0.005162837449461222
657,cathode,48.5,45.0,11.0,0.004914766643196344
658,cathode,48.5,48.5,11.0,0.0048016151413321495
659,cathode,48.5,52.0,11.0,0.00502227246761322
660,cathode,52.0,3.0,11.0,0.004983533639460802
661,cathode,52.0,6.5,11.0,0.004352054093033075
662,cathode,52.0,10.0,11.0,0.004067692440003157
663,cathode,52.0,13.5,11.0,0.003972640726715326
664,cathode,52.0,17.0,11.0,0.0039848932065069675
665,cathode,52.0,20.5,11.0,0.004072642419487238
666,cathode,52.0,24.0,11.0,0.004229219164699316
667,cathode,52.0,27.5,11.0,0.004468114580959082
668,cathode,52.0,31.0,11.0,0.004821129608899355
669,cathode,52.0,34.5,11.0,0.005294188391417265
670,cathode,52.0,38.0,11.0,0.005709867458790541
671,cathode,52.0,41.5,11.0,0.005778148770332336
672,cathode,52.0,45.0,11.0,0.005534433759748936
673,cathode,52.0,48.5,11.0,0.005305906757712364
674,cathode,52.0,52.0,11.0,0.0054141441360116005
675,cathode,3.0,3.0,8.5,0.006291427183896303
676,cathode,3.0,6.5,8.5,0.005738728679716587
677,cathode,3.0,10.0,8.5,0.005509525071829557
678,cathode,3.0,13.5,8.5,0.005437503568828106
679,cathode,3.0,17.0,8.5,0.005445604212582111
680,cathode,3.0,20.5,8.5,0.00550690945237875
681,cathode,3.0,24.0,8.5,0.005615438334643841
682,cathode,3.0,27.5,8.5,0.005772468168288469
683,cathode,3.0,31.0,8.5,0.005968224257230759
684,cathode,3.0,34.5,8.5,0.006165248807519674
685,cathode,3.0,38.0,8.5,0.006310696247965097
686,cathode,3.0,41.5,8.5,0.006344533991068602
687,cathode,3.0,45.0,8.5,0.006267136428505182
688,cathode,3.0,48.5,8.5,0.006237740628421307
689,cathode,3.0,52.0,8.5,0.00651585916057229
690,cathode,6.5,3.0,8.5,0.005787790287286043
691,cathode,6.5,6.5,8.5,0.005219716578722
692,cathode,6.5,10.0,8.5,0.005008211359381676
693,cathode,6.5,13.5,8.5,0.004953540395945311
694,cathode,6.5,17.0,8.5,0.004971901886165142
695,cathode,6.5,20.5,8.5,0.0050372714176774025
696,cathode,6.5,24.0,8.5,0.005146544426679611
697,cathode,6.5,27.5,8.5,0.005305576138198376
698,cathode,6.5,31.0,8.5,0.005503311287611723
699,cathode,6.5,34.5,8.5,0.0056802649050951
700,cathode,6.5,38.0,8.5,0.005768845789134502
701,cathode,6.5,41.5,8.5,0.005744908470660448
702,cathode,6.5,45.0,8.5,0.005644728429615498
703,cathode,6.5,48.5,8.5,0.005627919919788837
704,cathode,6.5,52.0,8.5,0.005968143232166767
705,cathode,10.0,3.0,8.5,0.005579615477472544
706,cathode,10.0,6.5,8.5,0.00503093097358942
707,cathode,10.0,10.0,8.5,0.004839099943637848
708,cathode,10.0,13.5,8.5,0.004805363714694977
709,cathode,10.0,17.0,8.5,0.00484215235337615
710,cathode,10.0,20.5,8.5,0.004922115709632635
711,cathode,10.0,24.0,8.5,0.005047070328146219
712,cathode,10.0,27.5,8.5,0.005229058675467968
713,cathode,10.0,31.0,8.5,0.0054464442655444145
714,cathode,10.0,34.5,8.5,0.005609388928860426
715,cathode,10.0,38.0,8.5,0.0056427898816764355
716,cathode,10.0,41.5,8.5,0.005553700029850006
717,cathode,10.0,45.0,8.5,0.0054109469056129456
718,cathode,10.0,48.5,8.5,0.005384242627769709
719,cathode,10.0,52.0,8.5,0.0057325405068695545
720,cathode,13.5,3.0,8.5,0.005509722046554089
721,cathode,13.5,6.5,8.5,0.0049840244464576244
722,cathode,13.5,10.0,8.5,0.004819407593458891
723,cathode,13.5,13.5,8.5,0.004819467198103666
724,cathode,13.5,17.0,8.5,0.004887768067419529
725,cathode,13.5,20.5,8.5,0.004988884553313255
726,cathode,13.5,24.0,8.5,0.005135601386427879
727,cathode,13.5,27.5,8.5,0.005352315958589315
728,cathode,13.5,31.0,8.5,0.005589292850345373
729,cathode,13.5,34.5,8.5,0.005710260476917028
730,cathode,13.5,38.0,8.5,0.005654412321746349
731,cathode,13.5,41.5,8.5,0.00548855634406209
732,cathode,13.5,45.0,8.5,0.0053133172914385796
733,cathode,13.5,48.5,8.5,0.0052862525917589664
734,cathode,13.5,52.0,8.5,0.005640801042318344
735,cathode,17.0,3.0,8.5,0.005503345280885696
736,cathode,17.0,6.5,8.5,0.004994847811758518
737,cathode,17.0,10.0,8.5,0.004863591864705086
738,cathode,17.0,13.5,8.5,0.004915632773190737
739,cathode,17.0,17.0,8.5,0.005033702123910189
740,cathode,17.0,20.5,8.5,0.00515569606795907
741,cathode,17.0,24.0,8.5,0.005313917528837919
742,cathode,17.0,27.5,8.5,0.005556401796638966
743,cathode,17.0,31.0,8.5,0.005791377741843462
744,cathode,17.0,34.5,8.5,0.005833603907376528
745,cathode,17.0,38.0,8.5,0.0056671020574867725
746,cathode,17.0,41.5,8.5,0.005435440223664045
747,cathode,17.0,45.0,8.5,0.005257520359009504
748,cathode,17.0,48.5,8.5,0.005251951050013304
749,cathode,17.0,52.0,8.5,0.005620843730866909
750,cathode,20.5,3.0,8.5,0.005529260262846947
751,cathode,20.5,6.5,8.5,0.005023445934057236
752,cathode,20.5,10.0,8.5,0.004918125923722982
753,cathode,20.5,13.5,8.5,0.0050237118266522884
754,cathode,20.5,17.0,8.5,0.005198329221457243
755,cathode,20.5,20.5,8.5,0.00533894682303071
756,cathode,20.5,24.0,8.5,0.005499602761119604
757,cathode,20.5,27.5,8.5,0.00574485445395112
758,cathode,20.5,31.0,8.5,0.005946930963546038
759,cathode,20.5,34.5,8.5,0.005913380533456802
760,cathode,20.5,38.0,8.5,0.005677616689354181
761,cathode,20.5,41.5,8.5,0.005425704177469015
762,cathode,20.5,45.0,8.5,0.005268068518489599
763,cathode,20.5,48.5,8.5,0.005284604616463184
764,cathode,20.5,52.0,8.5,0.005658225156366825
765,cathode,24.0,3.0,8.5,0.005569819360971451
766,cathode,24.0,6.5,8.5,0.0050444211810827255
767,cathode,24.0,10.0,8.5,0.0049344683066010475
768,cathode,24.0,13.5,8.5,0.005047737155109644
769,cathode,24.0,17.0,8.5,0.005241218488663435
770,cathode,24.0,20.5,8.5,0.005408009979873896
771,cathode,24.0,24.0,8.5,0.005603103898465633
772,cathode,24.0,27.5,8.5,0.005846415646374226
773,cathode,24.0,31.0,8.5,0.006002349779009819
774,cathode,24.0,34.5,8.5,0.005945631302893162
775,cathode,24.0,38.0,8.5,0.005718159023672342
776,cathode,24.0,41.5,8.5,0.005491251591593027
777,cathode,24.0,45.0,8.5,0.005365017801523209
778,cathode,24.0,48.5,8.5,0.005390339531004429
779,cathode,24.0,52.0,8.5,0.005745765287429094
780,cathode,27.5,3.0,8.5,0.005612082779407501
781,cathode,27.5,6.5,8.5,0.00504976324737072
782,cathode,27.5,10.0,8.5,0.004903627559542656
783,cathode,27.5,13.5,8.5,0.004971900023519993
784,cathode,27.5,17.0,8.5,0.00513500114902854
785,cathode,27.5,20.5,8.5,0.005336923059076071
786,cathode,27.5,24.0,8.5,0.005597153212875128
787,cathode,27.5,27.5,8.5,0.005854169372469187
788,cathode,27.5,31.0,8.5,0.005990719422698021
789,cathode,27.5,34.5,8.5,0.0059634121134877205
790,cathode,27.5,38.0,8.5,0.005783583968877792
791,cathode,27.5,41.5,8.5,0.005588039755821228
792,cathode,27.5,45.0,8.5,0.005489825736731291
793,cathode,27.5,48.5,8.5,0.005518664605915546
794,cathode,27.5,52.0,8.5,0.005849653389304876
795,cathode,31.0,3.0,8.5,0.005649269092828035
796,cathode,31.0,6.5,8.5,0.005047593731433153
797,cathode,31.0,10.0,8.5,0.004857881926000118
798,cathode,31.0,13.5,8.5,0.004872978199273348
799,cathode,31.0,17.0,8.5,0.0049948072992265224
800,cathode,31.0,20.5,8.5,0.005196086131036282
801,cathode,31.0,24.0,8.5,0.005466238129884005
802,cathode,31.0,27.5,8.5,0.005720954388380051
803,cathode,31.0,31.0,8.5,0.0058835344389081
804,cathode,31.0,34.5,8.5,0.005917380563914776
805,cathode,31.0,38.0,8.5,0.005778024904429913
806,cathode,31.0,41.5,8.5,0.005597221665084362
807,cathode,31.0,45.0,8.5,0.005519523750990629
808,cathode,31.0,48.5,8.5,0.005577010102570057
809,cathode,31.0,52.0,8.5,0.0059227971360087395
810,cathode,34.5,3.0,8.5,0.0056820278987288475
811,cathode,34.5,6.5,8.5,0.00504735391587019
812,cathode,34.5,10.0,8.5,0.004822699353098869
813,cathode,34.5,13.5,8.5,0.0047972360625863075
814,cathode,34.5,17.0,8.5,0.00487647345289588
815,cathode,34.5,20.5,8.5,0.005031864158809185
816,cathode,34.5,24.0,8.5,0.005241813138127327
817,cathode,34.5,27.5,8.5,0.005456353537738323
818,cathode,34.5,31.0,8.5,0.0056350273080170155
819,cathode,34.5,34.5,8.5,0.005712317302823067
820,cathode,34.5,38.0,8.5,0.005621808581054211
821,cathode,34.5,41.5,8.5,0.005480596330016851
822,cathode,34.5,45.0,8.5,0.005451969802379608
823,cathode,34.5,48.5,8.5,0.005576448980718851
824,cathode,34.5,52.0,8.5,0.005970219150185585
825,cathode,38.0,3.0,8.5,0.005707983393222094
826,cathode,38.0,6.5,8.5,0.005051739513874054
827,cathode,38.0,10.0,8.5,0.00480412133038044
828,cathode,38.0,13.5,8.5,0.004750287160277367
829,cathode,38.0,17.0,8.5,0.00479166628792882
830,cathode,38.0,20.5,8.5,0.004893074743449688
831,cathode,38.0,24.0,8.5,0.005035467445850372
832,cathode,38.0,27.5,8.5,0.00519896112382412
833,cathode,38.0,31.0,8.5,0.005358796566724777
834,cathode,38.0,34.5,8.5,0.005450630560517311
835,cathode,38.0,38.0,8.5,0.0054254611022770405
836,cathode,38.0,41.5,8.5,0.005369784776121378
837,cathode,38.0,45.0,8.5,0.005413594655692577
838,cathode,38.0,48.5,8.5,0.005592483561486006
839,cathode,38.0,52.0,8.5,0.006011739373207092
840,cathode,41.5,3.0,8.5,0.005724178161472082
841,cathode,41.5,6.5,8.5,0.005064839031547308
842,cathode,41.5,10.0,8.5,0.004806814715266228
843,cathode,41.5,13.5,8.5,0.0047353352420032024
844,cathode,41.5,17.0,8.5,0.004750311840325594
845,cathode,41.5,20.5,8.5,0.004814537707716227
846,cathode,41.5,24.0,8.5,0.00491388700902462
847,cathode,41.5,27.5,8.5,0.0050436630845069885
848,cathode,41.5,31.0,8.5,0.005193596705794334
849,cathode,41.5,34.5,8.5,0.005320289172232151
850,cathode,41.5,38.0,8.5,0.0053742085583508015
851,cathode,41.5,41.5,8.5,0.005381024908274412
852,cathode,41.5,45.0,8.5,0.005434292368590832
853,cathode,41.5,48.5,8.5,0.005600146017968655
854,cathode,41.5,52.0,8.5,0.006017431151121855
855,cathode,45.0,3.0,8.5,0.005760918837040663
856,cathode,45.0,6.5,8.5,0.0051132976077497005
857,cathode,45.0,10.0,8.5,0.0048552448861300945
858,cathode,45.0,13.5,8.5,0.0047754249535501
859,cathode,45.0,17.0,8.5,0.004776347894221544
860,cathode,45.0,20.5,8.5,0.00482228584587574
861,cathode,45.0,24.0,8.5,0.00490274652838707
862,cathode,45.0,27.5,8.5,0.005022674798965454
863,cathode,45.0,31.0,8.5,0.0051928129978477955
864,cathode,45.0,34.5,8.5,0.00539007131010294
865,cathode,45.0,38.0,8.5,0.005513714626431465
866,cathode,45.0,41.5,8.5,0.005512391682714224
867,cathode,45.0,45.0,8.5,0.0055026826448738575
868,cathode,45.0,48.5,8.5,0.0056089963763952255
869,cathode,45.0,52.0,8.5,0.006015931721776724
870,cathode,48.5,3.0,8.5,0.005911828950047493
871,cathode,48.5,6.5,8.5,0.005283053498715162
872,cathode,48.5,10.0,8.5,0.005030772648751736
873,cathode,48.5,13.5,8.5,0.004948693327605724
874,cathode,48.5,17.0,8.5,0.004945265594869852
875,cathode,48.5,20.5,8.5,0.004987624008208513
876,cathode,48.5,24.0,8.5,0.005067080724984407
877,cathode,48.5,27.5,8.5,0.005191161762923002
878,cathode,48.5,31.0,8.5,0.005376855842769146
879,cathode,48.5,34.5,8.5,0.005606891121715307
880,cathode,48.5,38.0,8.5,0.005766128655523062
881,cathode,48.5,41.5,8.5,0.005769241601228714
882,cathode,48.5,45.0,8.5,0.005714681465178728
883,cathode,48.5,48.5,8.5,0.005762925837188959
884,cathode,48.5,52.0,8.5,0.006142968777567148
885,cathode,52.0,3.0,8.5,0.006349529605358839
886,cathode,52.0,6.5,8.5,0.0057702623307704926
887,cathode,52.0,10.0,8.5,0.005522982217371464
888,cathode,52.0,13.5,8.5,0.005438933148980141
889,cathode,52.0,17.0,8.5,0.005437412764877081
890,cathode,52.0,20.5,8.5,0.00548805994912982
891,cathode,52.0,24.0,8.5,0.005582415033131838
892,cathode,52.0,27.5,8.5,0.0057237595319747925
893,cathode,52.0,31.0,8.5,0.005917840171605349
894,cathode,52.0,34.5,8.5,0.006145926658064127
895,cathode,52.0,38.0,8.5,0.006326434668153524
896,cathode,52.0,41.5,8.5,0.006368658039718866
897,cathode,52.0,45.0,8.5,0.006303030997514725
898,cathode,52.0,48.5,8.5,0.00629716319963336
899,cathode,52.0,52.0,8.5,0.0065931412391364574
900,cathode,3.0,3.0,6.0,0.009432737715542316
901,cathode,3.0,6.5,6.0,0.008971897885203362
902,cathode,3.0,10.0,6.0,0.008785312995314598
903,cathode,3.0,13.5,6.0,0.008728585205972195
904,cathode,3.0,17.0,6.0,0.0087344441562891
905,cathode,3.0,20.5,6.0,0.00877760723233223
906,cathode,3.0,24.0,6.0,0.008849477395415306
907,cathode,3.0,27.5,6.0,0.008945954963564873
908,cathode,3.0,31.0,6.0,0.009057415649294853
909,cathode,3.0,34.5,6.0,0.0091623580083251
910,cathode,3.0,38.0,6.0,0.009232567623257637
911,cathode,3.0,41.5,6.0,0.009247655980288982
912,cathode,3.0,45.0,6.0,0.009228540584445
913,cathode,3.0,48.5,6.0,0.009275667369365692
914,cathode,3.0,52.0,6.0,0.00957393366843462
915,cathode,6.5,3.0,6.0,0.008988679386675358
916,cathode,6.5,6.5,6.0,0.008504655212163925
917,cathode,6.5,10.0,6.0,0.008328170515596867
918,cathode,6.5,13.5,6.0,0.008284219540655613
919,cathode,6.5,17.0,6.0,0.008298681117594242
920,cathode,6.5,20.5,6.0,0.00834634155035019
921,cathode,6.5,24.0,6.0,0.008419811725616455
922,cathode,6.5,27.5,6.0,0.008515721186995506
923,cathode,6.5,31.0,6.0,0.008621793240308762
924,cathode,6.5,34.5,6.0,0.008710085414350033
925,cathode,6.5,38.0,6.0,0.008752265945076942
926,cathode,6.5,41.5,6.0,0.008740872144699097
927,cathode,6.5,45.0,6.0,0.00870845653116703
928,cathode,6.5,48.5,6.0,0.008760967291891575
929,cathode,6.5,52.0,6.0,0.009106592275202274
930,cathode,10.0,3.0,6.0,0.008799306116998196
931,cathode,10.0,6.5,6.0,0.008325522765517235
932,cathode,10.0,10.0,6.0,0.008161159232258797
933,cathode,10.0,13.5,6.0,0.008130880072712898
934,cathode,10.0,17.0,6.0,0.008157641626894474
935,cathode,10.0,20.5,6.0,0.008215175941586494
936,cathode,10.0,24.0,6.0,0.00829753465950489
937,cathode,10.0,27.5,6.0,0.008402113802731037
938,cathode,10.0,31.0,6.0,0.008510859683156013
939,cathode,10.0,34.5,6.0,0.008585990406572819
940,cathode,10.0,38.0,6.0,0.008599258959293365
941,cathode,10.0,41.5,6.0,0.008556773886084557
942,cathode,10.0,45.0,6.0,0.008504528552293777
943,cathode,10.0,48.5,6.0,0.008552257902920246
944,cathode,10.0,52.0,6.0,0.008902573958039284
945,cathode,13.5,3.0,6.0,0.00872914120554924
946,cathode,13.5,6.5,6.0,0.008269237354397774
947,cathode,13.5,10.0,6.0,0.008120235987007618
948,cathode,13.5,13.5,6.0,0.008108113892376423
949,cathode,13.5,17.0,6.0,0.008152123540639877
950,cathode,13.5,20.5,6.0,0.008222868666052818
951,cathode,13.5,24.0,6.0,0.00831704493612051
952,cathode,13.5,27.5,6.0,0.008433600887656212
953,cathode,13.5,31.0,6.0,0.008544107899069786
954,cathode,13.5,34.5,6.0,0.008598101325333118
955,cathode,13.5,38.0,6.0,0.008573584258556366
956,cathode,13.5,41.5,6.0,0.008497252129018307
957,cathode,13.5,45.0,6.0,0.008427628315985203
958,cathode,13.5,48.5,6.0,0.008471583016216755
959,cathode,13.5,52.0,6.0,0.008821653202176094
960,cathode,17.0,3.0,6.0,0.008715180680155754
961,cathode,17.0,6.5,6.0,0.00826460961252451
962,cathode,17.0,10.0,6.0,0.008131438866257668
963,cathode,17.0,13.5,6.0,0.0081417765468359
964,cathode,17.0,17.0,6.0,0.008207602426409721
965,cathode,17.0,20.5,6.0,0.008291864767670631
966,cathode,17.0,24.0,6.0,0.008394960314035416
967,cathode,17.0,27.5,6.0,0.008519076742231846
968,cathode,17.0,31.0,6.0,0.008623356930911541
969,cathode,17.0,34.5,6.0,0.00864651333540678
970,cathode,17.0,38.0,6.0,0.008580596186220646
971,cathode,17.0,41.5,6.0,0.008476268500089645
972,cathode,17.0,45.0,6.0,0.008399710059165955
973,cathode,17.0,48.5,6.0,0.008447595871984959
974,cathode,17.0,52.0,6.0,0.008801325224339962
975,cathode,20.5,3.0,6.0,0.0087309330701828
976,cathode,20.5,6.5,6.0,0.008280931040644646
977,cathode,20.5,10.0,6.0,0.008157571777701378
978,cathode,20.5,13.5,6.0,0.008186858147382736
979,cathode,20.5,17.0,6.0,0.008273028768599033
980,cathode,20.5,20.5,6.0,0.008369443006813526
981,cathode,20.5,24.0,6.0,0.008478598669171333
982,cathode,20.5,27.5,6.0,0.00860308762639761
983,cathode,20.5,31.0,6.0,0.00869341753423214
984,cathode,20.5,34.5,6.0,0.008688870817422867
985,cathode,20.5,38.0,6.0,0.00859660841524601
986,cathode,20.5,41.5,6.0,0.008481618016958237
987,cathode,20.5,45.0,6.0,0.008409412577748299
988,cathode,20.5,48.5,6.0,0.008464686572551727
989,cathode,20.5,52.0,6.0,0.00882119219750166
990,cathode,24.0,3.0,6.0,0.008761734701693058
991,cathode,24.0,6.5,6.0,0.0083008399233222
992,cathode,24.0,10.0,6.0,0.008173196576535702
993,cathode,24.0,13.5,6.0,0.008204133249819279
994,cathode,24.0,17.0,6.0,0.008297222666442394
995,cathode,24.0,20.5,6.0,0.008405156433582306
996,cathode,24.0,24.0,6.0,0.008526121266186237
997,cathode,24.0,27.5,6.0,0.008650558069348335
998,cathode,24.0,31.0,6.0,0.008727951906621456
999,cathode,24.0,34.5,6.0,0.00871350709348917
1000,cathode,24.0,38.0,6.0,0.008621029555797577
1001,cathode,24.0,41.5,6.0,0.008514034561812878
1002,cathode,24.0,45.0,6.0,0.008453705348074436
1003,cathode,24.0,48.5,6.0,0.008515311405062675
1004,cathode,24.0,52.0,6.0,0.008869705721735954
1005,cathode,27.5,3.0,6.0,0.008797074668109417
1006,cathode,27.5,6.5,6.0,0.00831665750592947
1007,cathode,27.5,10.0,6.0,0.008170932531356812
1008,cathode,27.5,13.5,6.0,0.008184338919818401
1009,cathode,27.5,17.0,6.0,0.008267853409051895
1010,cathode,27.5,20.5,6.0,0.008383400738239288
1011,cathode,27.5,24.0,6.0,0.008519639261066914
1012,cathode,27.5,27.5,6.0,0.008648213930428028
1013,cathode,27.5,31.0,6.0,0.008723663166165352
1014,cathode,27.5,34.5,6.0,0.008718904107809067
1015,cathode,27.5,38.0,6.0,0.008643325418233871
1016,cathode,27.5,41.5,6.0,0.008552061393857002
1017,cathode,27.5,45.0,6.0,0.008506109938025475
1018,cathode,27.5,48.5,6.0,0.008575169369578362
1019,cathode,27.5,52.0,6.0,0.008927982300519943
1020,cathode,31.0,3.0,6.0,0.008830259554088116
1021,cathode,31.0,6.5,6.0,0.008328760974109173
1022,cathode,31.0,10.0,6.0,0.008160300552845001
1023,cathode,31.0,13.5,6.0,0.008149317465722561
1024,cathode,31.0,17.0,6.0,0.008213844150304794
1025,cathode,31.0,20.5,6.0,0.008322679437696934
1026,cathode,31.0,24.0,6.0,0.00845758244395256
1027,cathode,31.0,27.5,6.0,0.008584864437580109
1028,cathode,31.0,31.0,6.0,0.008668540976941586
1029,cathode,31.0,34.5,6.0,0.008684569038450718
1030,cathode,31.0,38.0,6.0,0.00863034650683403
1031,cathode,31.0,41.5,6.0,0.008555671200156212
1032,cathode,31.0,45.0,6.0,0.008526760153472424
1033,cathode,31.0,48.5,6.0,0.008612677454948425
1034,cathode,31.0,52.0,6.0,0.008975685574114323
1035,cathode,34.5,3.0,6.0,0.008858969435095787
1036,cathode,34.5,6.5,6.0,0.008339859545230865
1037,cathode,34.5,10.0,6.0,0.00815164390951395
1038,cathode,34.5,13.5,6.0,0.008118556812405586
1039,cathode,34.5,17.0,6.0,0.008160405792295933
1040,cathode,34.5,20.5,6.0,0.00824682042002678
1041,cathode,34.5,24.0,6.0,0.008358798921108246
1042,cathode,34.5,27.5,6.0,0.008471515960991383
1043,cathode,34.5,31.0,6.0,0.008559226989746094
1044,cathode,34.5,34.5,6.0,0.008594154380261898
1045,cathode,34.5,38.0,6.0,0.008564730174839497
1046,cathode,34.5,41.5,6.0,0.00851518101990223
1047,cathode,34.5,45.0,6.0,0.008512981235980988
1048,cathode,34.5,48.5,6.0,0.00862672459334135
1049,cathode,34.5,52.0,6.0,0.009009642526507378
1050,cathode,38.0,3.0,6.0,0.008882521651685238
1051,cathode,38.0,6.5,6.0,0.008352003060281277
1052,cathode,38.0,10.0,6.0,0.008150056935846806
1053,cathode,38.0,13.5,6.0,0.008100012317299843
1054,cathode,38.0,17.0,6.0,0.008120818063616753
1055,cathode,38.0,20.5,6.0,0.008181209675967693
1056,cathode,38.0,24.0,6.0,0.008264899253845215
1057,cathode,38.0,27.5,6.0,0.008357241749763489
1058,cathode,38.0,31.0,6.0,0.008440440520644188
1059,cathode,38.0,34.5,6.0,0.008488668128848076
1060,cathode,38.0,38.0,6.0,0.008488917723298073
1061,cathode,38.0,41.5,6.0,0.008474044501781464
1062,cathode,38.0,45.0,6.0,0.008501503616571426
1063,cathode,38.0,48.5,6.0,0.008638143539428711
1064,cathode,38.0,52.0,6.0,0.009035320952534676
1065,cathode,41.5,3.0,6.0,0.008905122056603432
1066,cathode,41.5,6.5,6.0,0.008371337316930294
1067,cathode,41.5,10.0,6.0,0.008162560872733593
1068,cathode,41.5,13.5,6.0,0.00810166634619236
1069,cathode,41.5,17.0,6.0,0.008107250556349754
1070,cathode,41.5,20.5,6.0,0.00814821757376194
1071,cathode,41.5,24.0,6.0,0.008211445063352585
1072,cathode,41.5,27.5,6.0,0.008289418183267117
1073,cathode,41.5,31.0,6.0,0.008371840231120586
1074,cathode,41.5,34.5,6.0,0.008438218384981155
1075,cathode,41.5,38.0,6.0,0.008469851687550545
1076,cathode,41.5,41.5,6.0,0.008480085991322994
1077,cathode,41.5,45.0,6.0,0.008516427129507065
1078,cathode,41.5,48.5,6.0,0.008653752505779266
1079,cathode,41.5,52.0,6.0,0.00905368011444807
1080,cathode,45.0,3.0,6.0,0.008952545002102852
1081,cathode,45.0,6.5,6.0,0.008421994745731354
1082,cathode,45.0,10.0,6.0,0.00821247510612011
1083,cathode,45.0,13.5,6.0,0.008146537467837334
1084,cathode,45.0,17.0,6.0,0.008143913932144642
1085,cathode,45.0,20.5,6.0,0.00817476399242878
1086,cathode,45.0,24.0,6.0,0.008228403516113758
1087,cathode,45.0,27.5,6.0,0.008302212692797184
1088,cathode,45.0,31.0,6.0,0.008393080905079842
1089,cathode,45.0,34.5,6.0,0.00848385039716959
1090,cathode,45.0,38.0,6.0,0.00854113046079874
1091,cathode,45.0,41.5,6.0,0.008556942455470562
1092,cathode,45.0,45.0,6.0,0.008578156121075153
1093,cathode,45.0,48.5,6.0,0.008696943521499634
1094,cathode,45.0,52.0,6.0,0.00909142754971981
1095,cathode,48.5,3.0,6.0,0.009097100235521793
1096,cathode,48.5,6.5,6.0,0.008576919324696064
1097,cathode,48.5,10.0,6.0,0.008371368981897831
1098,cathode,48.5,13.5,6.0,0.008304555900394917
1099,cathode,48.5,17.0,6.0,0.008299693465232849
1100,cathode,48.5,20.5,6.0,0.008328770287334919
1101,cathode,48.5,24.0,6.0,0.008382433094084263
1102,cathode,48.5,27.5,6.0,0.008459731005132198
1103,cathode,48.5,31.0,6.0,0.008559992536902428
1104,cathode,48.5,34.5,6.0,0.008666899986565113
1105,cathode,48.5,38.0,6.0,0.008740369230508804
1106,cathode,48.5,41.5,6.0,0.008758937940001488
1107,cathode,48.5,45.0,6.0,0.008763422258198261
1108,cathode,48.5,48.5,6.0,0.008856834843754768
1109,cathode,48.5,52.0,6.0,0.009232736192643642
1110,cathode,52.0,3.0,6.0,0.009484647773206234
1111,cathode,52.0,6.5,6.0,0.00900760293006897
1112,cathode,52.0,10.0,6.0,0.008807826787233353
1113,cathode,52.0,13.5,6.0,0.008740686811506748
1114,cathode,52.0,17.0,6.0,0.008737637661397457
1115,cathode,52.0,20.5,6.0,0.008772057481110096
1116,cathode,52.0,24.0,6.0,0.008834626525640488
1117,cathode,52.0,27.5,6.0,0.008923016488552094
1118,cathode,52.0,31.0,6.0,0.009033570066094398
1119,cathode,52.0,34.5,6.0,0.009149566292762756
1120,cathode,52.0,38.0,6.0,0.009235075674951077
1121,cathode,52.0,41.5,6.0,0.009261919185519218
1122,cathode,52.0,45.0,6.0,0.009256339631974697
1123,cathode,52.0,48.5,6.0,0.00932011567056179
1124,cathode,52.0,52.0,6.0,0.009632344357669353
1125,anode,3.0,3.0,74.0,-0.01016809232532978
1126,anode,3.0,6.5,74.0,-0.009090554900467396
1127,anode,3.0,10.0,74.0,-0.008392952382564545
1128,anode,3.0,13.5,74.0,-0.0081764692440629
1129,anode,3.0,17.0,74.0,-0.008105861954391003
1130,anode,3.0,20.5,74.0,-0.00856268685311079
1131,anode,3.0,24.0,74.0,-0.008356582373380661
1132,anode,3.0,27.5,74.0,-0.007596627343446016
1133,anode,3.0,31.0,74.0,-0.006886341609060764
1134,anode,3.0,34.5,74.0,-0.006576599553227425
1135,anode,3.0,38.0,74.0,-0.006575345061719418
1136,anode,3.0,41.5,74.0,-0.006811157334595919
1137,anode,3.0,45.0,74.0,-0.00731465732678771
1138,anode,3.0,48.5,74.0,-0.008204900659620762
1139,anode,3.0,52.0,74.0,-0.00958612933754921
1140,anode,6.5,3.0,74.0,-0.01393535640090704
1141,anode,6.5,6.5,74.0,-0.011575788259506226
1142,anode,6.5,10.0,74.0,-0.00993543304502964
1143,anode,6.5,13.5,74.0,-0.009218938648700714
1144,anode,6.5,17.0,74.0,-0.008146156556904316
1145,anode,6.5,20.5,74.0,-0.009554275311529636
1146,anode,6.5,24.0,74.0,-0.009130717255175114
1147,anode,6.5,27.5,74.0,-0.007877484895288944
1148,anode,6.5,31.0,74.0,-0.006642146501690149
1149,anode,6.5,34.5,74.0,-0.00617910036817193
1150,anode,6.5,38.0,74.0,-0.006161652039736509
1151,anode,6.5,41.5,74.0,-0.006475924514234066
1152,anode,6.5,45.0,74.0,-0.007225886452943087
1153,anode,6.5,48.5,74.0,-0.008827407844364643
1154,anode,6.5,52.0,74.0,-0.011844558641314507
1155,anode,10.0,3.0,74.0,-0.0212590042501688
1156,anode,10.0,6.5,74.0,-0.017525559291243553
1157,anode,10.0,10.0,74.0,-0.014888342469930649
1158,anode,10.0,13.5,74.0,-0.012987807393074036
1159,anode,10.0,17.0,74.0,-0.009677769616246223
1160,anode,10.0,20.5,74.0,-0.0089479461312294
1161,anode,10.0,24.0,74.0,-0.007650595158338547
1162,anode,10.0,27.5,74.0,-0.007257531862705946
1163,anode,10.0,31.0,74.0,-0.006525875069200993
1164,anode,10.0,34.5,74.0,-0.006063488312065601
1165,anode,10.0,38.0,74.0,-0.006024256348609924
1166,anode,10.0,41.5,74.0,-0.006399101112037897
1167,anode,10.0,45.0,74.0,-0.007377418223768473
1168,anode,10.0,48.5,74.0,-0.009866318665444851
1169,anode,10.0,52.0,74.0,-0.01633364148437977
1170,anode,13.5,3.0,74.0,-0.019089296460151672
1171,anode,13.5,6.5,74.0,-0.018461579456925392
1172,anode,13.5,10.0,74.0,-0.015574096702039242
1173,anode,13.5,13.5,74.0,-0.014729528687894344
1174,anode,13.5,17.0,74.0,-0.014392552897334099
1175,anode,13.5,20.5,74.0,-0.009457179345190525
1176,anode,13.5,24.0,74.0,-0.007526184897869825
1177,anode,13.5,27.5,74.0,-0.007225898094475269
1178,anode,13.5,31.0,74.0,-0.006564212031662464
1179,anode,13.5,34.5,74.0,-0.0060533760115504265
1180,anode,13.5,38.0,74.0,-0.005991962272673845
1181,anode,13.5,41.5,74.0,-0.006405980326235294
1182,anode,13.5,45.0,74.0,-0.007457330357283354
1183,anode,13.5,48.5,74.0,-0.01005923468619585
1184,anode,13.5,52.0,74.0,-0.01712714694440365
1185,anode,17.0,3.0,74.0,-0.015934044495224953
1186,anode,17.0,6.5,74.0,-0.01682548224925995
1187,anode,17.0,10.0,74.0,-0.015598761849105358
1188,anode,17.0,13.5,74.0,-0.015215747058391571
1189,anode,17.0,17.0,74.0,-0.014963380061089993
1190,anode,17.0,20.5,74.0,-0.011127011850476265
1191,anode,17.0,24.0,74.0,-0.008274267427623272
1192,anode,17.0,27.5,74.0,-0.0073462617583572865
1193,anode,17.0,31.0,74.0,-0.006505768746137619
1194,anode,17.0,34.5,74.0,-0.005991666577756405
1195,anode,17.0,38.0,74.0,-0.0059584761038422585
1196,anode,17.0,41.5,74.0,-0.0064267986454069614
1197,anode,17.0,45.0,74.0,-0.007525128778070211
1198,anode,17.0,48.5,74.0,-0.009821552783250809
1199,anode,17.0,52.0,74.0,-0.014481043443083763
1200,anode,20.5,3.0,74.0,-0.019708827137947083
1201,anode,20.5,6.5,74.0,-0.017704876139760017
1202,anode,20.5,10.0,74.0,-0.01687850058078766
1203,anode,20.5,13.5,74.0,-0.012471466325223446
1204,anode,20.5,17.0,74.0,-0.013753343373537064
1205,anode,20.5,20.5,74.0,-0.012496422044932842
1206,anode,20.5,24.0,74.0,-0.008682605810463428
1207,anode,20.5,27.5,74.0,-0.007071617990732193
1208,anode,20.5,31.0,74.0,-0.006237173918634653
1209,anode,20.5,34.5,74.0,-0.0058467271737754345
1210,anode,20.5,38.0,74.0,-0.005883930251002312
1211,anode,20.5,41.5,74.0,-0.00639580050483346
1212,anode,20.5,45.0,74.0,-0.007566405460238457
1213,anode,20.5,48.5,74.0,-0.010106953792273998
1214,anode,20.5,52.0,74.0,-0.016869455575942993
1215,anode,24.0,3.0,74.0,-0.01624658703804016
1216,anode,24.0,6.5,74.0,-0.013997402973473072
1217,anode,24.0,10.0,74.0,-0.018162691965699196
1218,anode,24.0,13.5,74.0,-0.015600373968482018
1219,anode,24.0,17.0,74.0,-0.012869245372712612
1220,anode,24.0,20.5,74.0,-0.010463202372193336
1221,anode,24.0,24.0,74.0,-0.007968815043568611
1222,anode,24.0,27.5,74.0,-0.006636790931224823
1223,anode,24.0,31.0,74.0,-0.005966527387499809
1224,anode,24.0,34.5,74.0,-0.005693899933248758
1225,anode,24.0,38.0,74.0,-0.005775500554591417
1226,anode,24.0,41.5,74.0,-0.006266466807574034
1227,anode,24.0,45.0,74.0,-0.007341158110648394
1228,anode,24.0,48.5,74.0,-0.009572220034897327
1229,anode,24.0,52.0,74.0,-0.01483631320297718
1230,anode,27.5,3.0,74.0,-0.01304448489099741
1231,anode,27.5,6.5,74.0,-0.013542701490223408
1232,anode,27.5,10.0,74.0,-0.013221655040979385
1233,anode,27.5,13.5,74.0,-0.012767213396728039
1234,anode,27.5,17.0,74.0,-0.011249876581132412
1235,anode,27.5,20.5,74.0,-0.009180624969303608
1236,anode,27.5,24.0,74.0,-0.007416112348437309
1237,anode,27.5,27.5,74.0,-0.006376571021974087
1238,anode,27.5,31.0,74.0,-0.0058127762749791145
1239,anode,27.5,34.5,74.0,-0.0055843922309577465
1240,anode,27.5,38.0,74.0,-0.0056710815988481045
1241,anode,27.5,41.5,74.0,-0.006101530976593494
1242,anode,27.5,45.0,74.0,-0.00695398636162281
1243,anode,27.5,48.5,74.0,-0.008399944752454758
1244,anode,27.5,52.0,74.0,-0.010705206543207169
1245,anode,31.0,3.0,74.0,-0.011847457848489285
1246,anode,31.0,6.5,74.0,-0.01244392991065979
1247,anode,31.0,10.0,74.0,-0.011490640230476856
1248,anode,31.0,13.5,74.0,-0.011204398237168789
1249,anode,31.0,17.0,74.0,-0.010362661443650723
1250,anode,31.0,20.5,74.0,-0.008738361299037933
1251,anode,31.0,24.0,74.0,-0.00728224590420723
1252,anode,31.0,27.5,74.0,-0.00637656869366765
1253,anode,31.0,31.0,74.0,-0.005800002720206976
1254,anode,31.0,34.5,74.0,-0.005541882943361998
1255,anode,31.0,38.0,74.0,-0.005622160620987415
1256,anode,31.0,41.5,74.0,-0.0060094743967056274
1257,anode,31.0,45.0,74.0,-0.006689969915896654
1258,anode,31.0,48.5,74.0,-0.007672169245779514
1259,anode,31.0,52.0,74.0,-0.009105569683015347
1260,anode,34.5,3.0,74.0,-0.010004938580095768
1261,anode,34.5,6.5,74.0,-0.009969410486519337
1262,anode,34.5,10.0,74.0,-0.009734769351780415
1263,anode,34.5,13.5,74.0,-0.009543885476887226
1264,anode,34.5,17.0,74.0,-0.009036440402269363
1265,anode,34.5,20.5,74.0,-0.008155740797519684
1266,anode,34.5,24.0,74.0,-0.007319348398596048
1267,anode,34.5,27.5,74.0,-0.006586551200598478
1268,anode,34.5,31.0,74.0,-0.005917326547205448
1269,anode,34.5,34.5,74.0,-0.00558089092373848
1270,anode,34.5,38.0,74.0,-0.005660473834723234
1271,anode,34.5,41.5,74.0,-0.006037686485797167
1272,anode,34.5,45.0,74.0,-0.0066319964826107025
1273,anode,34.5,48.5,74.0,-0.007414465304464102
1274,anode,34.5,52.0,74.0,-0.00854699220508337
1275,anode,38.0,3.0,74.0,-0.009034030139446259
1276,anode,38.0,6.5,74.0,-0.00866776518523693
1277,anode,38.0,10.0,74.0,-0.008312803693115711
1278,anode,38.0,13.5,74.0,-0.007968131452798843
1279,anode,38.0,17.0,74.0,-0.007634281180799007
1280,anode,38.0,20.5,74.0,-0.007544147782027721
1281,anode,38.0,24.0,74.0,-0.007345571182668209
1282,anode,38.0,27.5,74.0,-0.006720479112118483
1283,anode,38.0,31.0,74.0,-0.006045542657375336
1284,anode,38.0,34.5,74.0,-0.0056917183101177216
1285,anode,38.0,38.0,74.0,-0.0057781715877354145
1286,anode,38.0,41.5,74.0,-0.006150810047984123
1287,anode,38.0,45.0,74.0,-0.006697114557027817
1288,anode,38.0,48.5,74.0,-0.007361654657870531
1289,anode,38.0,52.0,74.0,-0.00828223954886198
1290,anode,41.5,3.0,74.0,-0.00824977271258831
1291,anode,41.5,6.5,74.0,-0.007688757032155991
1292,anode,41.5,10.0,74.0,-0.007220480125397444
1293,anode,41.5,13.5,74.0,-0.0067776464857161045
1294,anode,41.5,17.0,74.0,-0.006472860928624868
1295,anode,41.5,20.5,74.0,-0.006615354213863611
1296,anode,41.5,24.0,74.0,-0.0067825703881680965
1297,anode,41.5,27.5,74.0,-0.006451725494116545
1298,anode,41.5,31.0,74.0,-0.006037924438714981
1299,anode,41.5,34.5,74.0,-0.0058274357579648495
1300,anode,41.5,38.0,74.0,-0.005930237006396055
1301,anode,41.5,41.5,74.0,-0.0062791733071208
1302,anode,41.5,45.0,74.0,-0.006777400150895119
1303,anode,41.5,48.5,74.0,-0.0073371767066419125
1304,anode,41.5,52.0,74.0,-0.00804221909493208
1305,anode,45.0,3.0,74.0,-0.007627920713275671
1306,anode,45.0,6.5,74.0,-0.006995567586272955
1307,anode,45.0,10.0,74.0,-0.006531903985887766
1308,anode,45.0,13.5,74.0,-0.006108584813773632
1309,anode,45.0,17.0,74.0,-0.005803877022117376
1310,anode,45.0,20.5,74.0,-0.005827769637107849
1311,anode,45.0,24.0,74.0,-0.006045518442988396
1312,anode,45.0,27.5,74.0,-0.006098418030887842
1313,anode,45.0,31.0,74.0,-0.006017455365508795
1314,anode,45.0,34.5,74.0,-0.0059728967025876045
1315,anode,45.0,38.0,74.0,-0.0060855671763420105
1316,anode,45.0,41.5,74.0,-0.006370706018060446
1317,anode,45.0,45.0,74.0,-0.006778083276003599
1318,anode,45.0,48.5,74.0,-0.0072266710922122
1319,anode,45.0,52.0,74.0,-0.007760973647236824
1320,anode,48.5,3.0,74.0,-0.007448507938534021
1321,anode,48.5,6.5,74.0,-0.006809848360717297
1322,anode,48.5,10.0,74.0,-0.006361403502523899
1323,anode,48.5,13.5,74.0,-0.005980274174362421
1324,anode,48.5,17.0,74.0,-0.005704602692276239
1325,anode,48.5,20.5,74.0,-0.005651265382766724
1326,anode,48.5,24.0,74.0,-0.005838400684297085
1327,anode,48.5,27.5,74.0,-0.0060709393583238125
1328,anode,48.5,31.0,74.0,-0.006177396513521671
1329,anode,48.5,34.5,74.0,-0.006210939958691597
1330,anode,48.5,38.0,74.0,-0.0062953149899840355
1331,anode,48.5,41.5,74.0,-0.006489811930805445
1332,anode,48.5,45.0,74.0,-0.006787604186683893
1333,anode,48.5,48.5,74.0,-0.007150300312787294
1334,anode,48.5,52.0,74.0,-0.007632628548890352
1335,anode,52.0,3.0,74.0,-0.00797218456864357
1336,anode,52.0,6.5,74.0,-0.0073458473198115826
1337,anode,52.0,10.0,74.0,-0.0068765003234148026
1338,anode,52.0,13.5,74.0,-0.006507469341158867
1339,anode,52.0,17.0,74.0,-0.006249070167541504
1340,anode,52.0,20.5,74.0,-0.006150420289486647
1341,anode,52.0,24.0,74.0,-0.006296203471720219
1342,anode,52.0,27.5,74.0,-0.0065678684040904045
1343,anode,52.0,31.0,74.0,-0.006657106336206198
1344,anode,52.0,34.5,74.0,-0.0066460552625358105
1345,anode,52.0,38.0,74.0,-0.006682492792606354
1346,anode,52.0,41.5,74.0,-0.006832667160779238
1347,anode,52.0,45.0,74.0,-0.007109071593731642
1348,anode,52.0,48.5,74.0,-0.007499059196561575
1349,anode,52.0,52.0,74.0,-0.008042290806770325
1350,anode,3.0,3.0,76.5,-0.007369238883256912
1351,anode,3.0,6.5,76.5,-0.006479891017079353
1352,anode,3.0,10.0,76.5,-0.005917629227042198
1353,anode,3.0,13.5,76.5,-0.0056141880340874195
1354,anode,3.0,17.0,76.5,-0.005494324024766684
1355,anode,3.0,20.5,76.5,-0.0055499509908258915
1356,anode,3.0,24.0,76.5,-0.00544176297262311
1357,anode,3.0,27.5,76.5,-0.00513841537758708
1358,anode,3.0,31.0,76.5,-0.004831400699913502
1359,anode,3.0,34.5,76.5,-0.004675853997468948
1360,anode,3.0,38.0,76.5,-0.004680135753005743
1361,anode,3.0,41.5,76.5,-0.004839537665247917
1362,anode,3.0,45.0,76.5,-0.0051977364346385
1363,anode,3.0,48.5,76.5,-0.0058703296817839146
1364,anode,3.0,52.0,76.5,-0.007003119681030512
1365,anode,6.5,3.0,76.5,-0.009075387381017208
1366,anode,6.5,6.5,76.5,-0.0076289125718176365
1367,anode,6.5,10.0,76.5,-0.006658215541392565
1368,anode,6.5,13.5,76.5,-0.006024692207574844
1369,anode,6.5,17.0,76.5,-0.005561898462474346
1370,anode,6.5,20.5,76.5,-0.005596169736236334
1371,anode,6.5,24.0,76.5,-0.005357382819056511
1372,anode,6.5,27.5,76.5,-0.004899775609374046
1373,anode,6.5,31.0,76.5,-0.004443194717168808
1374,anode,6.5,34.5,76.5,-0.004218354355543852
1375,anode,6.5,38.0,76.5,-0.004212080966681242
1376,anode,6.5,41.5,76.5,-0.004414584953337908
1377,anode,6.5,45.0,76.5,-0.0049192532896995544
1378,anode,6.5,48.5,76.5,-0.006000816822052002
1379,anode,6.5,52.0,76.5,-0.00802353024482727
1380,anode,10.0,3.0,76.5,-0.011949927546083927
1381,anode,10.0,6.5,76.5,-0.009842132218182087
1382,anode,10.0,10.0,76.5,-0.008570774458348751
1383,anode,10.0,13.5,76.5,-0.007453477941453457
1384,anode,10.0,17.0,76.5,-0.006348356604576111
1385,anode,10.0,20.5,76.5,-0.005660288035869598
1386,anode,10.0,24.0,76.5,-0.005033832974731922
1387,anode,10.0,27.5,76.5,-0.004644823260605335
1388,anode,10.0,31.0,76.5,-0.00427741976454854
1389,anode,10.0,34.5,76.5,-0.004052151460200548
1390,anode,10.0,38.0,76.5,-0.00404413603246212
1391,anode,10.0,41.5,76.5,-0.004289664328098297
1392,anode,10.0,45.0,76.5,-0.004944251850247383
1393,anode,10.0,48.5,76.5,-0.006515336688607931
1394,anode,10.0,52.0,76.5,-0.00988520123064518
1395,anode,13.5,3.0,76.5,-0.012156837619841099
1396,anode,13.5,6.5,76.5,-0.01048912201076746
1397,anode,13.5,10.0,76.5,-0.009316532872617245
1398,anode,13.5,13.5,76.5,-0.008593874052166939
1399,anode,13.5,17.0,76.5,-0.007913365960121155
1400,anode,13.5,20.5,76.5,-0.006304698996245861
1401,anode,13.5,24.0,76.5,-0.0050361379981040955
1402,anode,13.5,27.5,76.5,-0.004579376894980669
1403,anode,13.5,31.0,76.5,-0.004230314400047064
1404,anode,13.5,34.5,76.5,-0.004000709857791662
1405,anode,13.5,38.0,76.5,-0.003993225749582052
1406,anode,13.5,41.5,76.5,-0.004266838543117046
1407,anode,13.5,45.0,76.5,-0.0049864924512803555
1408,anode,13.5,48.5,76.5,-0.006695544812828302
1409,anode,13.5,52.0,76.5,-0.010352926328778267
1410,anode,17.0,3.0,76.5,-0.011111412197351456
1411,anode,17.0,6.5,76.5,-0.010096543468534946
1412,anode,17.0,10.0,76.5,-0.009195227175951004
1413,anode,17.0,13.5,76.5,-0.008652857504785061
1414,anode,17.0,17.0,76.5,-0.008349612355232239
1415,anode,17.0,20.5,76.5,-0.006873045116662979
1416,anode,17.0,24.0,76.5,-0.005303930025547743
1417,anode,17.0,27.5,76.5,-0.004613046534359455
1418,anode,17.0,31.0,76.5,-0.004190532490611076
1419,anode,17.0,34.5,76.5,-0.00395662896335125
1420,anode,17.0,38.0,76.5,-0.003962930757552385
1421,anode,17.0,41.5,76.5,-0.004259894136339426
1422,anode,17.0,45.0,76.5,-0.004993699491024017
1423,anode,17.0,48.5,76.5,-0.006598660256713629
1424,anode,17.0,52.0,76.5,-0.009666410274803638
1425,anode,20.5,3.0,76.5,-0.011947985738515854
1426,anode,20.5,6.5,76.5,-0.010293938219547272
1427,anode,20.5,10.0,76.5,-0.009512815624475479
1428,anode,20.5,13.5,76.5,-0.008240492083132267
1429,anode,20.5,17.0,76.5,-0.007862214930355549
1430,anode,20.5,20.5,76.5,-0.006882776971906424
1431,anode,20.5,24.0,76.5,-0.005391636397689581
1432,anode,20.5,27.5,76.5,-0.004534386098384857
1433,anode,20.5,31.0,76.5,-0.004085669759660959
1434,anode,20.5,34.5,76.5,-0.0038841015193611383
1435,anode,20.5,38.0,76.5,-0.003917394205927849
1436,anode,20.5,41.5,76.5,-0.004229320213198662
1437,anode,20.5,45.0,76.5,-0.004971494432538748
1438,anode,20.5,48.5,76.5,-0.006618755403906107
1439,anode,20.5,52.0,76.5,-0.010183087550103664
1440,anode,24.0,3.0,76.5,-0.010429632849991322
1441,anode,24.0,6.5,76.5,-0.00920096691697836
1442,anode,24.0,10.0,76.5,-0.009416990913450718
1443,anode,24.0,13.5,76.5,-0.008443953469395638
1444,anode,24.0,17.0,76.5,-0.007389658130705357
1445,anode,24.0,20.5,76.5,-0.006272167898714542
1446,anode,24.0,24.0,76.5,-0.0050972760654985905
1447,anode,24.0,27.5,76.5,-0.004351223818957806
1448,anode,24.0,31.0,76.5,-0.00396069185808301
1449,anode,24.0,34.5,76.5,-0.0038038690108805895
1450,anode,24.0,38.0,76.5,-0.0038553366903215647
1451,anode,24.0,41.5,76.5,-0.004151852801442146
1452,anode,24.0,45.0,76.5,-0.0048230369575321674
1453,anode,24.0,48.5,76.5,-0.006251449231058359
1454,anode,24.0,52.0,76.5,-0.009172944352030754
1455,anode,27.5,3.0,76.5,-0.00855258572846651
1456,anode,27.5,6.5,76.5,-0.0081164026632905
1457,anode,27.5,10.0,76.5,-0.00789708737283945
1458,anode,27.5,13.5,76.5,-0.007458696141839027
1459,anode,27.5,17.0,76.5,-0.006643624976277351
1460,anode,27.5,20.5,76.5,-0.005669963080435991
1461,anode,27.5,24.0,76.5,-0.004791880492120981
1462,anode,27.5,27.5,76.5,-0.004206474404782057
1463,anode,27.5,31.0,76.5,-0.003876832779496908
1464,anode,27.5,34.5,76.5,-0.0037444147747009993
1465,anode,27.5,38.0,76.5,-0.003796352306380868
1466,anode,27.5,41.5,76.5,-0.004053311422467232
1467,anode,27.5,45.0,76.5,-0.004585730843245983
1468,anode,27.5,48.5,76.5,-0.005575594957917929
1469,anode,27.5,52.0,76.5,-0.00731502054259181
1470,anode,31.0,3.0,76.5,-0.007476903963834047
1471,anode,31.0,6.5,76.5,-0.007240201812237501
1472,anode,31.0,10.0,76.5,-0.006851064972579479
1473,anode,31.0,13.5,76.5,-0.006544202100485563
1474,anode,31.0,17.0,76.5,-0.006047727074474096
1475,anode,31.0,20.5,76.5,-0.005331206601113081
1476,anode,31.0,24.0,76.5,-0.0046514589339494705
1477,anode,31.0,27.5,76.5,-0.004167444538325071
1478,anode,31.0,31.0,76.5,-0.0038592370692640543
1479,anode,31.0,34.5,76.5,-0.003722852561622858
1480,anode,31.0,38.0,76.5,-0.0037662028335034847
1481,anode,31.0,41.5,76.5,-0.003987097647041082
1482,anode,31.0,45.0,76.5,-0.004403832834213972
1483,anode,31.0,48.5,76.5,-0.005101486574858427
1484,anode,31.0,52.0,76.5,-0.006299945991486311
1485,anode,34.5,3.0,76.5,-0.006567663978785276
1486,anode,34.5,6.5,76.5,-0.0061993831768631935
1487,anode,34.5,10.0,76.5,-0.005945345386862755
1488,anode,34.5,13.5,76.5,-0.005733949597924948
1489,anode,34.5,17.0,76.5,-0.00542839802801609
1490,anode,34.5,20.5,76.5,-0.005009283311665058
1491,anode,34.5,24.0,76.5,-0.0045841229148209095
1492,anode,34.5,27.5,76.5,-0.004203983582556248
1493,anode,34.5,31.0,76.5,-0.003897458780556917
1494,anode,34.5,34.5,76.5,-0.0037435325793921947
1495,anode,34.5,38.0,76.5,-0.0037793980445712805
1496,anode,34.5,41.5,76.5,-0.00397994602099061
1497,anode,34.5,45.0,76.5,-0.004330340772867203
1498,anode,34.5,48.5,76.5,-0.004884266294538975
1499,anode,34.5,52.0,76.5,-0.00584638025611639
1500,anode,38.0,3.0,76.5,-0.005984250456094742
1501,anode,38.0,6.5,76.5,-0.005490531213581562
1502,anode,38.0,10.0,76.5,-0.005206602159887552
1503,anode,38.0,13.5,76.5,-0.004991143476217985
1504,anode,38.0,17.0,76.5,-0.0048003471456468105
1505,anode,38.0,20.5,76.5,-0.0046589914709329605
1506,anode,38.0,24.0,76.5,-0.004486592952162027
1507,anode,38.0,27.5,76.5,-0.004214805085211992
1508,anode,38.0,31.0,76.5,-0.003940220922231674
1509,anode,38.0,34.5,76.5,-0.003794267773628235
1510,anode,38.0,38.0,76.5,-0.003831347683444619
1511,anode,38.0,41.5,76.5,-0.004020102322101593
1512,anode,38.0,45.0,76.5,-0.0043311831541359425
1513,anode,38.0,48.5,76.5,-0.004801052622497082
1514,anode,38.0,52.0,76.5,-0.005611923988908529
1515,anode,41.5,3.0,76.5,-0.0055772182531654835
1516,anode,41.5,6.5,76.5,-0.004997636191546917
1517,anode,41.5,10.0,76.5,-0.004664459265768528
1518,anode,41.5,13.5,76.5,-0.004426771774888039
1519,anode,41.5,17.0,76.5,-0.00427623838186264
1520,anode,41.5,20.5,76.5,-0.004256482236087322
1521,anode,41.5,24.0,76.5,-0.004246998578310013
1522,anode,41.5,27.5,76.5,-0.0041139619424939156
1523,anode,41.5,31.0,76.5,-0.003945458214730024
1524,anode,41.5,34.5,76.5,-0.0038582312408834696
1525,anode,41.5,38.0,76.5,-0.003907324280589819
1526,anode,41.5,41.5,76.5,-0.004081883933395147
1527,anode,41.5,45.0,76.5,-0.004358392208814621
1528,anode,41.5,48.5,76.5,-0.004761590156704187
1529,anode,41.5,52.0,76.5,-0.005450838711112738
1530,anode,45.0,3.0,76.5,-0.0053253998048603535
1531,anode,45.0,6.5,76.5,-0.004706467501819134
1532,anode,45.0,10.0,76.5,-0.004359585233032703
1533,anode,45.0,13.5,76.5,-0.004122592508792877
1534,anode,45.0,17.0,76.5,-0.003976823296397924
1535,anode,45.0,20.5,76.5,-0.003959852736443281
1536,anode,45.0,24.0,76.5,-0.004008873365819454
1537,anode,45.0,27.5,76.5,-0.004012127406895161
1538,anode,45.0,31.0,76.5,-0.003972101490944624
1539,anode,45.0,34.5,76.5,-0.003954654093831778
1540,anode,45.0,38.0,76.5,-0.004013336729258299
1541,anode,45.0,41.5,76.5,-0.004162594676017761
1542,anode,45.0,45.0,76.5,-0.004397114273160696
1543,anode,45.0,48.5,76.5,-0.004743143450468779
1544,anode,45.0,52.0,76.5,-0.00534723000600934
1545,anode,48.5,3.0,76.5,-0.005379069596529007
1546,anode,48.5,6.5,76.5,-0.004749996121972799
1547,anode,48.5,10.0,76.5,-0.004400789737701416
1548,anode,48.5,13.5,76.5,-0.004171228967607021
1549,anode,48.5,17.0,76.5,-0.004027803894132376
1550,anode,48.5,20.5,76.5,-0.003991873003542423
1551,anode,48.5,24.0,76.5,-0.0040482645854353905
1552,anode,48.5,27.5,76.5,-0.004120237659662962
1553,anode,48.5,31.0,76.5,-0.004152766894549131
1554,anode,48.5,34.5,76.5,-0.004169174004346132
1555,anode,48.5,38.0,76.5,-0.004221528302878141
1556,anode,48.5,41.5,76.5,-0.004341045394539833
1557,anode,48.5,45.0,76.5,-0.004540263209491968
1558,anode,48.5,48.5,76.5,-0.004856955725699663
1559,anode,48.5,52.0,76.5,-0.005435435101389885
1560,anode,52.0,3.0,76.5,-0.005995652638375759
1561,anode,52.0,6.5,76.5,-0.005376969929784536
1562,anode,52.0,10.0,76.5,-0.005002508871257305
1563,anode,52.0,13.5,76.5,-0.004763445816934109
1564,anode,52.0,17.0,76.5,-0.004620206542313099
1565,anode,52.0,20.5,76.5,-0.00456999521702528
1566,anode,52.0,24.0,76.5,-0.004602418281137943
1567,anode,52.0,27.5,76.5,-0.0046587721444666386
1568,anode,52.0,31.0,76.5,-0.004669892601668835
1569,anode,52.0,34.5,76.5,-0.0046629710122942924
1570,anode,52.0,38.0,76.5,-0.004697909113019705
1571,anode,52.0,41.5,76.5,-0.0048109195195138454
1572,anode,52.0,45.0,76.5,-0.00502498634159565
1573,anode,52.0,48.5,76.5,-0.005383683368563652
1574,anode,52.0,52.0,76.5,-0.005994904786348343
1575,anode,3.0,3.0,79.0,-0.006340092979371548
1576,anode,3.0,6.5,79.0,-0.005598282441496849
1577,anode,3.0,10.0,79.0,-0.005164988338947296
1578,anode,3.0,13.5,79.0,-0.004921330604702234
1579,anode,3.0,17.0,79.0,-0.004795767366886139
1580,anode,3.0,20.5,79.0,-0.004745346959680319
1581,anode,3.0,24.0,79.0,-0.00466713635250926
1582,anode,3.0,27.5,79.0,-0.004536618944257498
1583,anode,3.0,31.0,79.0,-0.004406820982694626
1584,anode,3.0,34.5,79.0,-0.004337037447839975
1585,anode,3.0,38.0,79.0,-0.0043503292836248875
1586,anode,3.0,41.5,79.0,-0.0044633629731833935
1587,anode,3.0,45.0,79.0,-0.004720980301499367
1588,anode,3.0,48.5,79.0,-0.005226409062743187
1589,anode,3.0,52.0,79.0,-0.006130942143499851
1590,anode,6.5,3.0,79.0,-0.0068482584320008755
1591,anode,6.5,6.5,79.0,-0.005855845753103495
1592,anode,6.5,10.0,79.0,-0.005253310780972242
1593,anode,6.5,13.5,79.0,-0.004868540447205305
1594,anode,6.5,17.0,79.0,-0.0046121529303491116
1595,anode,6.5,20.5,79.0,-0.004479771014302969
1596,anode,6.5,24.0,79.0,-0.004322301596403122
1597,anode,6.5,27.5,79.0,-0.004124926868826151
1598,anode,6.5,31.0,79.0,-0.003942190203815699
1599,anode,6.5,34.5,79.0,-0.0038441638462245464
1600,anode,6.5,38.0,79.0,-0.003852670080959797
1601,anode,6.5,41.5,79.0,-0.00398838147521019
1602,anode,6.5,45.0,79.0,-0.0043236189521849155
1603,anode,6.5,48.5,79.0,-0.0050348760560154915
1604,anode,6.5,52.0,79.0,-0.006370513699948788
1605,anode,10.0,3.0,79.0,-0.0078084818087518215
1606,anode,10.0,6.5,79.0,-0.006592473480850458
1607,anode,10.0,10.0,79.0,-0.005857601296156645
1608,anode,10.0,13.5,79.0,-0.005323254503309727
1609,anode,10.0,17.0,79.0,-0.0048704929649829865
1610,anode,10.0,20.5,79.0,-0.0044958037324249744
1611,anode,10.0,24.0,79.0,-0.0041744462214410305
1612,anode,10.0,27.5,79.0,-0.0039381543174386024
1613,anode,10.0,31.0,79.0,-0.0037565212696790695
1614,anode,10.0,34.5,79.0,-0.0036541963927447796
1615,anode,10.0,38.0,79.0,-0.0036652833223342896
1616,anode,10.0,41.5,79.0,-0.0038282296154648066
1617,anode,10.0,45.0,79.0,-0.00424883421510458
1618,anode,10.0,48.5,79.0,-0.005190789699554443
1619,anode,10.0,52.0,79.0,-0.007008242886513472
1620,anode,13.5,3.0,79.0,-0.008090500719845295
1621,anode,13.5,6.5,79.0,-0.00692429393529892
1622,anode,13.5,10.0,79.0,-0.006230268627405167
1623,anode,13.5,13.5,79.0,-0.005774999503046274
1624,anode,13.5,17.0,79.0,-0.005343829747289419
1625,anode,13.5,20.5,79.0,-0.004736132919788361
1626,anode,13.5,24.0,79.0,-0.004186290316283703
1627,anode,13.5,27.5,79.0,-0.003882820252329111
1628,anode,13.5,31.0,79.0,-0.0036923035513609648
1629,anode,13.5,34.5,79.0,-0.0035881763324141502
1630,anode,13.5,38.0,79.0,-0.0036034502554684877
1631,anode,13.5,41.5,79.0,-0.0037851310335099697
1632,anode,13.5,45.0,79.0,-0.004249747842550278
1633,anode,13.5,48.5,79.0,-0.0052819205448031425
1634,anode,13.5,52.0,79.0,-0.007242641877382994
1635,anode,17.0,3.0,79.0,-0.007898165844380856
1636,anode,17.0,6.5,79.0,-0.0068802610039711
1637,anode,17.0,10.0,79.0,-0.006266195792704821
1638,anode,17.0,13.5,79.0,-0.005869043059647083
1639,anode,17.0,17.0,79.0,-0.005523710045963526
1640,anode,17.0,20.5,79.0,-0.004917982034385204
1641,anode,17.0,24.0,79.0,-0.00426869373768568
1642,anode,17.0,27.5,79.0,-0.003881614888086915
1643,anode,17.0,31.0,79.0,-0.0036600052844733
1644,anode,17.0,34.5,79.0,-0.0035527965519577265
1645,anode,17.0,38.0,79.0,-0.003574397647753358
1646,anode,17.0,41.5,79.0,-0.0037668091244995594
1647,anode,17.0,45.0,79.0,-0.004240024369210005
1648,anode,17.0,48.5,79.0,-0.005252940580248833
1649,anode,17.0,52.0,79.0,-0.00711174588650465
1650,anode,20.5,3.0,79.0,-0.007902206853032112
1651,anode,20.5,6.5,79.0,-0.006840272806584835
1652,anode,20.5,10.0,79.0,-0.006280066911131144
1653,anode,20.5,13.5,79.0,-0.005790189374238253
1654,anode,20.5,17.0,79.0,-0.005408007651567459
1655,anode,20.5,20.5,79.0,-0.004882112145423889
1656,anode,20.5,24.0,79.0,-0.004268729127943516
1657,anode,20.5,27.5,79.0,-0.003847386920824647
1658,anode,20.5,31.0,79.0,-0.003613703418523073
1659,anode,20.5,34.5,79.0,-0.0035143995191901922
1660,anode,20.5,38.0,79.0,-0.0035449780989438295
1661,anode,20.5,41.5,79.0,-0.003740101819857955
1662,anode,20.5,45.0,79.0,-0.00420553982257843
1663,anode,20.5,48.5,79.0,-0.005204657092690468
1664,anode,20.5,52.0,79.0,-0.007101922761648893
1665,anode,24.0,3.0,79.0,-0.007317241281270981
1666,anode,24.0,6.5,79.0,-0.006428852211683989
1667,anode,24.0,10.0,79.0,-0.006082166451960802
1668,anode,24.0,13.5,79.0,-0.005664160009473562
1669,anode,24.0,17.0,79.0,-0.0051910714246332645
1670,anode,24.0,20.5,79.0,-0.004669971764087677
1671,anode,24.0,24.0,79.0,-0.004142396617680788
1672,anode,24.0,27.5,79.0,-0.00376749224960804
1673,anode,24.0,31.0,79.0,-0.0035565155558288097
1674,anode,24.0,34.5,79.0,-0.0034732273779809475
1675,anode,24.0,38.0,79.0,-0.003509118454530835
1676,anode,24.0,41.5,79.0,-0.0036916935350745916
1677,anode,24.0,45.0,79.0,-0.0041099609807133675
1678,anode,24.0,48.5,79.0,-0.004986851010471582
1679,anode,24.0,52.0,79.0,-0.006640975829213858
1680,anode,27.5,3.0,79.0,-0.0064627486281096935
1681,anode,27.5,6.5,79.0,-0.005842760670930147
1682,anode,27.5,10.0,79.0,-0.005554744973778725
1683,anode,27.5,13.5,79.0,-0.0052637760527431965
1684,anode,27.5,17.0,79.0,-0.004866355564445257
1685,anode,27.5,20.5,79.0,-0.004415525589138269
1686,anode,27.5,24.0,79.0,-0.003996000159531832
1687,anode,27.5,27.5,79.0,-0.0036919242702424526
1688,anode,27.5,31.0,79.0,-0.00351250940002501
1689,anode,27.5,34.5,79.0,-0.00344129023142159
1690,anode,27.5,38.0,79.0,-0.003475195961073041
1691,anode,27.5,41.5,79.0,-0.0036324486136436462
1692,anode,27.5,45.0,79.0,-0.003971405792981386
1693,anode,27.5,48.5,79.0,-0.004638789687305689
1694,anode,27.5,52.0,79.0,-0.0058702523820102215
1695,anode,31.0,3.0,79.0,-0.005830875597894192
1696,anode,31.0,6.5,79.0,-0.0053270612843334675
1697,anode,31.0,10.0,79.0,-0.005046496167778969
1698,anode,31.0,13.5,79.0,-0.004825762007385492
1699,anode,31.0,17.0,79.0,-0.004553692415356636
1700,anode,31.0,20.5,79.0,-0.0042200833559036255
1701,anode,31.0,24.0,79.0,-0.0039000213146209717
1702,anode,31.0,27.5,79.0,-0.0036547912750393152
1703,anode,31.0,31.0,79.0,-0.0034964224323630333
1704,anode,31.0,34.5,79.0,-0.00342819606885314
1705,anode,31.0,38.0,79.0,-0.003455758560448885
1706,anode,31.0,41.5,79.0,-0.003587864339351654
1707,anode,31.0,45.0,79.0,-0.003856792114675045
1708,anode,31.0,48.5,79.0,-0.00436453428119421
1709,anode,31.0,52.0,79.0,-0.005321842152625322
1710,anode,34.5,3.0,79.0,-0.005361256189644337
1711,anode,34.5,6.5,79.0,-0.0048534562811255455
1712,anode,34.5,10.0,79.0,-0.004602030850946903
1713,anode,34.5,13.5,79.0,-0.004434168338775635
1714,anode,34.5,17.0,79.0,-0.004255371168255806
1715,anode,34.5,20.5,79.0,-0.0040458934381604195
1716,anode,34.5,24.0,79.0,-0.0038342850748449564
1717,anode,34.5,27.5,79.0,-0.00364669319242239
1718,anode,34.5,31.0,79.0,-0.0035044418182224035
1719,anode,34.5,34.5,79.0,-0.0034359493292868137
1720,anode,34.5,38.0,79.0,-0.003458058461546898
1721,anode,34.5,41.5,79.0,-0.0035728788934648037
1722,anode,34.5,45.0,79.0,-0.0037969457916915417
1723,anode,34.5,48.5,79.0,-0.004213348496705294
1724,anode,34.5,52.0,79.0,-0.0050222440622746944
1725,anode,38.0,3.0,79.0,-0.005044158548116684
1726,anode,38.0,6.5,79.0,-0.004500395618379116
1727,anode,38.0,10.0,79.0,-0.004242489580065012
1728,anode,38.0,13.5,79.0,-0.004091376438736916
1729,anode,38.0,17.0,79.0,-0.003972813952714205
1730,anode,38.0,20.5,79.0,-0.0038698380813002586
1731,anode,38.0,24.0,79.0,-0.0037613811437040567
1732,anode,38.0,27.5,79.0,-0.0036344644613564014
1733,anode,38.0,31.0,79.0,-0.003518663812428713
1734,anode,38.0,34.5,79.0,-0.0034594491589814425
1735,anode,38.0,38.0,79.0,-0.0034814446698874235
1736,anode,38.0,41.5,79.0,-0.0035855581518262625
1737,anode,38.0,45.0,79.0,-0.0037817007396370173
1738,anode,38.0,48.5,79.0,-0.0041429647244513035
1739,anode,38.0,52.0,79.0,-0.004857458174228668
1740,anode,41.5,3.0,79.0,-0.004842053167521954
1741,anode,41.5,6.5,79.0,-0.004265926778316498
1742,anode,41.5,10.0,79.0,-0.00399045879021287
1743,anode,41.5,13.5,79.0,-0.0038389263208955526
1744,anode,41.5,17.0,79.0,-0.0037476730067282915
1745,anode,41.5,20.5,79.0,-0.0037031827960163355
1746,anode,41.5,24.0,79.0,-0.00366639019921422
1747,anode,41.5,27.5,79.0,-0.003602560143917799
1748,anode,41.5,31.0,79.0,-0.003532439237460494
1749,anode,41.5,34.5,79.0,-0.0034981013741344213
1750,anode,41.5,38.0,79.0,-0.0035256873816251755
1751,anode,41.5,41.5,79.0,-0.003621290670707822
1752,anode,41.5,45.0,79.0,-0.003796077100560069
1753,anode,41.5,48.5,79.0,-0.0041180020198225975
1754,anode,41.5,52.0,79.0,-0.004765850026160479
1755,anode,45.0,3.0,79.0,-0.004767026286572218
1756,anode,45.0,6.5,79.0,-0.004170868545770645
1757,anode,45.0,10.0,79.0,-0.003885703394189477
1758,anode,45.0,13.5,79.0,-0.00373339862562716
1759,anode,45.0,17.0,79.0,-0.003649073885753751
1760,anode,45.0,20.5,79.0,-0.003620273433625698
1761,anode,45.0,24.0,79.0,-0.0036181965842843056
1762,anode,45.0,27.5,79.0,-0.0036069636698812246
1763,anode,45.0,31.0,79.0,-0.003585624508559704
1764,anode,45.0,34.5,79.0,-0.003579305950552225
1765,anode,45.0,38.0,79.0,-0.0036123611498624086
1766,anode,45.0,41.5,79.0,-0.0036982994060963392
1767,anode,45.0,45.0,79.0,-0.003854379989206791
1768,anode,45.0,48.5,79.0,-0.004148735199123621
1769,anode,45.0,52.0,79.0,-0.00475654611364007
1770,anode,48.5,3.0,79.0,-0.004930783063173294
1771,anode,48.5,6.5,79.0,-0.004325448535382748
1772,anode,48.5,10.0,79.0,-0.004033462610095739
1773,anode,48.5,13.5,79.0,-0.0038783587515354156
1774,anode,48.5,17.0,79.0,-0.0037927012890577316
1775,anode,48.5,20.5,79.0,-0.0037615918554365635
1776,anode,48.5,24.0,79.0,-0.003767459886148572
1777,anode,48.5,27.5,79.0,-0.003780638100579381
1778,anode,48.5,31.0,79.0,-0.0037848784122616053
1779,anode,48.5,34.5,79.0,-0.0037917625159025192
1780,anode,48.5,38.0,79.0,-0.0038245688192546368
1781,anode,48.5,41.5,79.0,-0.0039029319304972887
1782,anode,48.5,45.0,79.0,-0.004050615709275007
1783,anode,48.5,48.5,79.0,-0.004337656311690807
1784,anode,48.5,52.0,79.0,-0.00493717473000288
1785,anode,52.0,3.0,79.0,-0.005554358474910259
1786,anode,52.0,6.5,79.0,-0.004963987041264772
1787,anode,52.0,10.0,79.0,-0.004648501519113779
1788,anode,52.0,13.5,79.0,-0.004475230351090431
1789,anode,52.0,17.0,79.0,-0.0043806880712509155
1790,anode,52.0,20.5,79.0,-0.004340283572673798
1791,anode,52.0,24.0,79.0,-0.004331944976001978
1792,anode,52.0,27.5,79.0,-0.004329325165599585
1793,anode,52.0,31.0,79.0,-0.004317812621593475
1794,anode,52.0,34.5,79.0,-0.00431253295391798
1795,anode,52.0,38.0,79.0,-0.004340522922575474
1796,anode,52.0,41.5,79.0,-0.00442517502233386
1797,anode,52.0,45.0,79.0,-0.004595667589455843
1798,anode,52.0,48.5,79.0,-0.004919195082038641
1799,anode,52.0,52.0,79.0,-0.005529696121811867
1800,anode,3.0,3.0,81.5,-0.007166380528360605
1801,anode,3.0,6.5,81.5,-0.006526223849505186
1802,anode,3.0,10.0,81.5,-0.006189635954797268
1803,anode,3.0,13.5,81.5,-0.006006778683513403
1804,anode,3.0,17.0,81.5,-0.005902955774217844
1805,anode,3.0,20.5,81.5,-0.005839914549142122
1806,anode,3.0,24.0,81.5,-0.005780407227575779
1807,anode,3.0,27.5,81.5,-0.0057118781842291355
1808,anode,3.0,31.0,81.5,-0.005650041624903679
1809,anode,3.0,34.5,81.5,-0.0056187668815255165
1810,anode,3.0,38.0,81.5,-0.005635811015963554
1811,anode,3.0,41.5,81.5,-0.005720488727092743
1812,anode,3.0,45.0,81.5,-0.005912305787205696
1813,anode,3.0,48.5,81.5,-0.006300646811723709
1814,anode,3.0,52.0,81.5,-0.007045229431241751
1815,anode,6.5,3.0,81.5,-0.007119350600987673
1816,anode,6.5,6.5,81.5,-0.006346914917230606
1817,anode,6.5,10.0,81.5,-0.005938319489359856
1818,anode,6.5,13.5,81.5,-0.005699685774743557
1819,anode,6.5,17.0,81.5,-0.005542198196053505
1820,anode,6.5,20.5,81.5,-0.005432008299976587
1821,anode,6.5,24.0,81.5,-0.005331108812242746
1822,anode,6.5,27.5,81.5,-0.005230592098087072
1823,anode,6.5,31.0,81.5,-0.005146965384483337
1824,anode,6.5,34.5,81.5,-0.005104044917970896
1825,anode,6.5,38.0,81.5,-0.005119701381772757
1826,anode,6.5,41.5,81.5,-0.005216451361775398
1827,anode,6.5,45.0,81.5,-0.005447186529636383
1828,anode,6.5,48.5,81.5,-0.0059350524097681046
1829,anode,6.5,52.0,81.5,-0.006894031539559364
1830,anode,10.0,3.0,81.5,-0.007396082393825054
1831,anode,10.0,6.5,81.5,-0.006538702640682459
1832,anode,10.0,10.0,81.5,-0.006072077434509993
1833,anode,10.0,13.5,81.5,-0.005778525490313768
1834,anode,10.0,17.0,81.5,-0.005550467874854803
1835,anode,10.0,20.5,81.5,-0.005353372078388929
1836,anode,10.0,24.0,81.5,-0.005182524677366018
1837,anode,10.0,27.5,81.5,-0.005050380248576403
1838,anode,10.0,31.0,81.5,-0.004956145770847797
1839,anode,10.0,34.5,81.5,-0.004909338895231485
1840,anode,10.0,38.0,81.5,-0.004927964881062508
1841,anode,10.0,41.5,81.5,-0.005041296593844891
1842,anode,10.0,45.0,81.5,-0.005317640025168657
1843,anode,10.0,48.5,81.5,-0.005910827312618494
1844,anode,10.0,52.0,81.5,-0.007055946625769138
1845,anode,13.5,3.0,81.5,-0.007542837411165237
1846,anode,13.5,6.5,81.5,-0.006682719103991985
1847,anode,13.5,10.0,81.5,-0.006219375878572464
1848,anode,13.5,13.5,81.5,-0.0059310379438102245
1849,anode,13.5,17.0,81.5,-0.005683766677975655
1850,anode,13.5,20.5,81.5,-0.005413213279098272
1851,anode,13.5,24.0,81.5,-0.005164303816854954
1852,anode,13.5,27.5,81.5,-0.004994574934244156
1853,anode,13.5,31.0,81.5,-0.00488907378166914
1854,anode,13.5,34.5,81.5,-0.004840324632823467
1855,anode,13.5,38.0,81.5,-0.0048626745119690895
1856,anode,13.5,41.5,81.5,-0.004988193977624178
1857,anode,13.5,45.0,81.5,-0.00529140280559659
1858,anode,13.5,48.5,81.5,-0.005935401190072298
1859,anode,13.5,52.0,81.5,-0.007154732942581177
1860,anode,17.0,3.0,81.5,-0.007516993209719658
1861,anode,17.0,6.5,81.5,-0.0066925170831382275
1862,anode,17.0,10.0,81.5,-0.00625598756596446
1863,anode,17.0,13.5,81.5,-0.005985421594232321
1864,anode,17.0,17.0,81.5,-0.00575123680755496
1865,anode,17.0,20.5,81.5,-0.005466341972351074
1866,anode,17.0,24.0,81.5,-0.00517978286370635
1867,anode,17.0,27.5,81.5,-0.004978609271347523
1868,anode,17.0,31.0,81.5,-0.0048595876432955265
1869,anode,17.0,34.5,81.5,-0.004809001460671425
1870,anode,17.0,38.0,81.5,-0.004834560211747885
1871,anode,17.0,41.5,81.5,-0.004965747240930796
1872,anode,17.0,45.0,81.5,-0.005275194067507982
1873,anode,17.0,48.5,81.5,-0.005920957308262587
1874,anode,17.0,52.0,81.5,-0.007128085475414991
1875,anode,20.5,3.0,81.5,-0.007437920197844505
1876,anode,20.5,6.5,81.5,-0.006635039579123259
1877,anode,20.5,10.0,81.5,-0.006227183621376753
1878,anode,20.5,13.5,81.5,-0.005954314023256302
1879,anode,20.5,17.0,81.5,-0.005715630482882261
1880,anode,20.5,20.5,81.5,-0.005444192327558994
1881,anode,20.5,24.0,81.5,-0.005164995323866606
1882,anode,20.5,27.5,81.5,-0.004956248216331005
1883,anode,20.5,31.0,81.5,-0.0048332298174500465
1884,anode,20.5,34.5,81.5,-0.004784679040312767
1885,anode,20.5,38.0,81.5,-0.004812910221517086
1886,anode,20.5,41.5,81.5,-0.004943242762237787
1887,anode,20.5,45.0,81.5,-0.005244341678917408
1888,anode,20.5,48.5,81.5,-0.0058717806823551655
1889,anode,20.5,52.0,81.5,-0.00705863069742918
1890,anode,24.0,3.0,81.5,-0.007169835735112429
1891,anode,24.0,6.5,81.5,-0.006441736128181219
1892,anode,24.0,10.0,81.5,-0.006100848782807589
1893,anode,24.0,13.5,81.5,-0.005855971947312355
1894,anode,24.0,17.0,81.5,-0.00561431422829628
1895,anode,24.0,20.5,81.5,-0.005356852430850267
1896,anode,24.0,24.0,81.5,-0.005106823053210974
1897,anode,24.0,27.5,81.5,-0.0049171061255037785
1898,anode,24.0,31.0,81.5,-0.004804045893251896
1899,anode,24.0,34.5,81.5,-0.0047613829374313354
1900,anode,24.0,38.0,81.5,-0.004790126346051693
1901,anode,24.0,41.5,81.5,-0.004911042749881744
1902,anode,24.0,45.0,81.5,-0.005183664616197348
1903,anode,24.0,48.5,81.5,-0.005748449359089136
1904,anode,24.0,52.0,81.5,-0.006831077858805656
1905,anode,27.5,3.0,81.5,-0.006782751064747572
1906,anode,27.5,6.5,81.5,-0.006157442461699247
1907,anode,27.5,10.0,81.5,-0.00587065052241087
1908,anode,27.5,13.5,81.5,-0.0056733619421720505
1909,anode,27.5,17.0,81.5,-0.005466040689498186
1910,anode,27.5,20.5,81.5,-0.005243933759629726
1911,anode,27.5,24.0,81.5,-0.005036273039877415
1912,anode,27.5,27.5,81.5,-0.004877579864114523
1913,anode,27.5,31.0,81.5,-0.00478016072884202
1914,anode,27.5,34.5,81.5,-0.004743133671581745
1915,anode,27.5,38.0,81.5,-0.004769096150994301
1916,anode,27.5,41.5,81.5,-0.0048738582991063595
1917,anode,27.5,45.0,81.5,-0.005102937575429678
1918,anode,27.5,48.5,81.5,-0.005571399349719286
1919,anode,27.5,52.0,81.5,-0.006491981912404299
1920,anode,31.0,3.0,81.5,-0.0064475457184016705
1921,anode,31.0,6.5,81.5,-0.005882151424884796
1922,anode,31.0,10.0,81.5,-0.0056256139650940895
1923,anode,31.0,13.5,81.5,-0.005466258153319359
1924,anode,31.0,17.0,81.5,-0.005310127045959234
1925,anode,31.0,20.5,81.5,-0.005140894092619419
1926,anode,31.0,24.0,81.5,-0.004980107769370079
1927,anode,31.0,27.5,81.5,-0.004852226935327053
1928,anode,31.0,31.0,81.5,-0.004768664482980967
1929,anode,31.0,34.5,81.5,-0.004734753631055355
1930,anode,31.0,38.0,81.5,-0.0047561051324009895
1931,anode,31.0,41.5,81.5,-0.004844191949814558
1932,anode,31.0,45.0,81.5,-0.005032598040997982
1933,anode,31.0,48.5,81.5,-0.005418494343757629
1934,anode,31.0,52.0,81.5,-0.0062094638124108315
1935,anode,34.5,3.0,81.5,-0.006196352653205395
1936,anode,34.5,6.5,81.5,-0.005646152887493372
1937,anode,34.5,10.0,81.5,-0.005406673066318035
1938,anode,34.5,13.5,81.5,-0.005275373347103596
1939,anode,34.5,17.0,81.5,-0.0051637510769069195
1940,anode,34.5,20.5,81.5,-0.005049070809036493
1941,anode,34.5,24.0,81.5,-0.0049371374770998955
1942,anode,34.5,27.5,81.5,-0.004839813336730003
1943,anode,34.5,31.0,81.5,-0.0047691757790744305
1944,anode,34.5,34.5,81.5,-0.0047377790324389935
1945,anode,34.5,38.0,81.5,-0.004755242262035608
1946,anode,34.5,41.5,81.5,-0.004830584861338139
1947,anode,34.5,45.0,81.5,-0.004990186542272568
1948,anode,34.5,48.5,81.5,-0.005321870557963848
1949,anode,34.5,52.0,81.5,-0.006029007025063038
1950,anode,38.0,3.0,81.5,-0.006025364622473717
1951,anode,38.0,6.5,81.5,-0.005469213239848614
1952,anode,38.0,10.0,81.5,-0.005232112016528845
1953,anode,38.0,13.5,81.5,-0.00511487852782011
1954,anode,38.0,17.0,81.5,-0.005034192465245724
1955,anode,38.0,20.5,81.5,-0.004965110216289759
1956,anode,38.0,24.0,81.5,-0.004898080136626959
1957,anode,38.0,27.5,81.5,-0.004831599071621895
1958,anode,38.0,31.0,81.5,-0.004777031484991312
1959,anode,38.0,34.5,81.5,-0.0047516548074781895
1960,anode,38.0,38.0,81.5,-0.004768074490129948
1961,anode,38.0,41.5,81.5,-0.004834971856325865
1962,anode,38.0,45.0,81.5,-0.004975615069270134
1963,anode,38.0,48.5,81.5,-0.005272801034152508
1964,anode,38.0,52.0,81.5,-0.005924969911575317
1965,anode,41.5,3.0,81.5,-0.005929767154157162
1966,anode,41.5,6.5,81.5,-0.0053625451400876045
1967,anode,41.5,10.0,81.5,-0.005120661575347185
1968,anode,41.5,13.5,81.5,-0.005007581785321236
1969,anode,41.5,17.0,81.5,-0.0049431961961090565
1970,anode,41.5,20.5,81.5,-0.004902276676148176
1971,anode,41.5,24.0,81.5,-0.004868068732321262
1972,anode,41.5,27.5,81.5,-0.004830550402402878
1973,anode,41.5,31.0,81.5,-0.0047964900732040405
1974,anode,41.5,34.5,81.5,-0.004781894851475954
1975,anode,41.5,38.0,81.5,-0.004800137132406235
1976,anode,41.5,41.5,81.5,-0.004861414432525635
1977,anode,41.5,45.0,81.5,-0.004988958593457937
1978,anode,41.5,48.5,81.5,-0.005263271741569042
1979,anode,41.5,52.0,81.5,-0.005879637319594622
1980,anode,45.0,3.0,81.5,-0.005934220273047686
1981,anode,45.0,6.5,81.5,-0.0053562866523861885
1982,anode,45.0,10.0,81.5,-0.005109303630888462
1983,anode,45.0,13.5,81.5,-0.004996203817427158
1984,anode,45.0,17.0,81.5,-0.004937197081744671
1985,anode,45.0,20.5,81.5,-0.0049075172282755375
1986,anode,45.0,24.0,81.5,-0.004891138058155775
1987,anode,45.0,27.5,81.5,-0.004875447601079941
1988,anode,45.0,31.0,81.5,-0.004860520828515291
1989,anode,45.0,34.5,81.5,-0.004857053514569998
1990,anode,45.0,38.0,81.5,-0.0048777395859360695
1991,anode,45.0,41.5,81.5,-0.004935048520565033
1992,anode,45.0,45.0,81.5,-0.005054118111729622
1993,anode,45.0,48.5,81.5,-0.005315270274877548
1994,anode,45.0,52.0,81.5,-0.005913868080824614
1995,anode,48.5,3.0,81.5,-0.006133992224931717
1996,anode,48.5,6.5,81.5,-0.005550205707550049
1997,anode,48.5,10.0,81.5,-0.005297364667057991
1998,anode,48.5,13.5,81.5,-0.005179722327739
1999,anode,48.5,17.0,81.5,-0.005118693225085735
2000,anode,48.5,20.5,81.5,-0.005089186131954193
2001,anode,48.5,24.0,81.5,-0.005076938774436712
2002,anode,48.5,27.5,81.5,-0.00506970752030611
2003,anode,48.5,31.0,81.5,-0.005063301883637905
2004,anode,48.5,34.5,81.5,-0.005064612254500389
2005,anode,48.5,38.0,81.5,-0.005086258985102177
2006,anode,48.5,41.5,81.5,-0.005143117159605026
2007,anode,48.5,45.0,81.5,-0.005262431688606739
2008,anode,48.5,48.5,81.5,-0.005523583851754665
2009,anode,48.5,52.0,81.5,-0.006120656616985798
2010,anode,52.0,3.0,81.5,-0.0067319548688828945
2011,anode,52.0,6.5,81.5,-0.006173775531351566
2012,anode,52.0,10.0,81.5,-0.0059040989726781845
2013,anode,52.0,13.5,81.5,-0.005768849980086088
2014,anode,52.0,17.0,81.5,-0.005696714855730534
2015,anode,52.0,20.5,81.5,-0.005658797919750214
2016,anode,52.0,24.0,81.5,-0.005637180060148239
2017,anode,52.0,27.5,81.5,-0.0056195626966655254
2018,anode,52.0,31.0,81.5,-0.00560365803539753
2019,anode,52.0,34.5,81.5,-0.005598946940153837
2020,anode,52.0,38.0,81.5,-0.0056205689907073975
2021,anode,52.0,41.5,81.5,-0.00568625470623374
2022,anode,52.0,45.0,81.5,-0.005826012697070837
2023,anode,52.0,48.5,81.5,-0.006112780887633562
2024,anode,52.0,52.0,81.5,-0.006700432393699884
2025,anode,3.0,3.0,84.0,-0.010020134970545769
2026,anode,3.0,6.5,84.0,-0.009515627287328243
2027,anode,3.0,10.0,84.0,-0.009260803461074829
2028,anode,3.0,13.5,84.0,-0.009123618714511395
2029,anode,3.0,17.0,84.0,-0.009040177799761295
2030,anode,3.0,20.5,84.0,-0.008981788530945778
2031,anode,3.0,24.0,84.0,-0.008931266143918037
2032,anode,3.0,27.5,84.0,-0.008883257396519184
2033,anode,3.0,31.0,84.0,-0.008844160474836826
2034,anode,3.0,34.5,84.0,-0.008826097473502159
2035,anode,3.0,38.0,84.0,-0.00884211715310812
2036,anode,3.0,41.5,84.0,-0.008908949792385101
2037,anode,3.0,45.0,84.0,-0.009057560935616493
2038,anode,3.0,48.5,84.0,-0.009356539696455002
2039,anode,3.0,52.0,84.0,-0.009937848895788193
2040,anode,6.5,3.0,84.0,-0.009808683767914772
2041,anode,6.5,6.5,84.0,-0.009223898872733116
2042,anode,6.5,10.0,84.0,-0.00893342774361372
2043,anode,6.5,13.5,84.0,-0.00877125933766365
2044,anode,6.5,17.0,84.0,-0.008663157001137733
2045,anode,6.5,20.5,84.0,-0.008580503053963184
2046,anode,6.5,24.0,84.0,-0.00850838515907526
2047,anode,6.5,27.5,84.0,-0.008444150909781456
2048,anode,6.5,31.0,84.0,-0.008394910953938961
2049,anode,6.5,34.5,84.0,-0.008372350595891476
2050,anode,6.5,38.0,84.0,-0.008389415219426155
2051,anode,6.5,41.5,84.0,-0.008464404381811619
2052,anode,6.5,45.0,84.0,-0.008634448982775211
2053,anode,6.5,48.5,84.0,-0.00898481160402298
2054,anode,6.5,52.0,84.0,-0.009683395735919476
2055,anode,10.0,3.0,84.0,-0.009852726943790913
2056,anode,10.0,6.5,84.0,-0.009230339899659157
2057,anode,10.0,10.0,84.0,-0.008910663425922394
2058,anode,10.0,13.5,84.0,-0.008722909726202488
2059,anode,10.0,17.0,84.0,-0.008584368042647839
2060,anode,10.0,20.5,84.0,-0.008465815335512161
2061,anode,10.0,24.0,84.0,-0.008362450636923313
2062,anode,10.0,27.5,84.0,-0.00827967282384634
2063,anode,10.0,31.0,84.0,-0.008222304284572601
2064,anode,10.0,34.5,84.0,-0.00819779746234417
2065,anode,10.0,38.0,84.0,-0.008218313567340374
2066,anode,10.0,41.5,84.0,-0.008304620161652565
2067,anode,10.0,45.0,84.0,-0.008500393480062485
2068,anode,10.0,48.5,84.0,-0.008902202360332012
2069,anode,10.0,52.0,84.0,-0.009681431576609612
2070,anode,13.5,3.0,84.0,-0.00991055928170681
2071,anode,13.5,6.5,84.0,-0.009281252510845661
2072,anode,13.5,10.0,84.0,-0.008956140838563442
2073,anode,13.5,13.5,84.0,-0.008761610835790634
2074,anode,13.5,17.0,84.0,-0.008607232943177223
2075,anode,13.5,20.5,84.0,-0.008459078148007393
2076,anode,13.5,24.0,84.0,-0.008324864320456982
2077,anode,13.5,27.5,84.0,-0.008223150856792927
2078,anode,13.5,31.0,84.0,-0.008158263750374317
2079,anode,13.5,34.5,84.0,-0.008132902905344963
2080,anode,13.5,38.0,84.0,-0.008157102391123772
2081,anode,13.5,41.5,84.0,-0.008252270519733429
2082,anode,13.5,45.0,84.0,-0.008464911952614784
2083,anode,13.5,48.5,84.0,-0.008895196951925755
2084,anode,13.5,52.0,84.0,-0.00971260666847229
2085,anode,17.0,3.0,84.0,-0.009906750172376633
2086,anode,17.0,6.5,84.0,-0.00928773358464241
2087,anode,17.0,10.0,84.0,-0.008971305564045906
2088,anode,17.0,13.5,84.0,-0.00878075323998928
2089,anode,17.0,17.0,84.0,-0.008624684065580368
2090,anode,17.0,20.5,84.0,-0.008465797640383244
2091,anode,17.0,24.0,84.0,-0.008315115235745907
2092,anode,17.0,27.5,84.0,-0.008200105279684067
2093,anode,17.0,31.0,84.0,-0.008129160851240158
2094,anode,17.0,34.5,84.0,-0.008103377185761929
2095,anode,17.0,38.0,84.0,-0.008130147121846676
2096,anode,17.0,41.5,84.0,-0.00822940282523632
2097,anode,17.0,45.0,84.0,-0.008446870371699333
2098,anode,17.0,48.5,84.0,-0.008881737478077412
2099,anode,17.0,52.0,84.0,-0.009701807983219624
2100,anode,20.5,3.0,84.0,-0.009846950881183147
2101,anode,20.5,6.5,84.0,-0.009244945831596851
2102,anode,20.5,10.0,84.0,-0.008943995460867882
2103,anode,20.5,13.5,84.0,-0.008759398944675922
2104,anode,20.5,17.0,84.0,-0.008604589849710464
2105,anode,20.5,20.5,84.0,-0.008447994478046894
2106,anode,20.5,24.0,84.0,-0.008297676220536232
2107,anode,20.5,27.5,84.0,-0.008180413395166397
2108,anode,20.5,31.0,84.0,-0.008108418434858322
2109,anode,20.5,34.5,84.0,-0.008083627559244633
2110,anode,20.5,38.0,84.0,-0.008111456409096718
2111,anode,20.5,41.5,84.0,-0.008209492079913616
2112,anode,20.5,45.0,84.0,-0.008421092294156551
2113,anode,20.5,48.5,84.0,-0.008843690156936646
2114,anode,20.5,52.0,84.0,-0.009646311402320862
2115,anode,24.0,3.0,84.0,-0.009708134457468987
2116,anode,24.0,6.5,84.0,-0.009140309877693653
2117,anode,24.0,10.0,84.0,-0.008867613039910793
2118,anode,24.0,13.5,84.0,-0.00869886577129364
2119,anode,24.0,17.0,84.0,-0.008551218546926975
2120,anode,24.0,20.5,84.0,-0.008403921499848366
2121,anode,24.0,24.0,84.0,-0.008265415206551552
2122,anode,24.0,27.5,84.0,-0.008156693540513515
2123,anode,24.0,31.0,84.0,-0.00808959361165762
2124,anode,24.0,34.5,84.0,-0.008067178539931774
2125,anode,24.0,38.0,84.0,-0.008094039745628834
2126,anode,24.0,41.5,84.0,-0.008185180835425854
2127,anode,24.0,45.0,84.0,-0.008379559032619
2128,anode,24.0,48.5,84.0,-0.00876939669251442
2129,anode,24.0,52.0,84.0,-0.009524121880531311
2130,anode,27.5,3.0,84.0,-0.009516630321741104
2131,anode,27.5,6.5,84.0,-0.008991740643978119
2132,anode,27.5,10.0,84.0,-0.008749758824706078
2133,anode,27.5,13.5,84.0,-0.008604396134614944
2134,anode,27.5,17.0,84.0,-0.00847582332789898
2135,anode,27.5,20.5,84.0,-0.008347539231181145
2136,anode,27.5,24.0,84.0,-0.008228476159274578
2137,anode,27.5,27.5,84.0,-0.008134403266012669
2138,anode,27.5,31.0,84.0,-0.008075257763266563
2139,anode,27.5,34.5,84.0,-0.008055226877331734
2140,anode,27.5,38.0,84.0,-0.008078998886048794
2141,anode,27.5,41.5,84.0,-0.008158985525369644
2142,anode,27.5,45.0,84.0,-0.008328242227435112
2143,anode,27.5,48.5,84.0,-0.008671004325151443
2144,anode,27.5,52.0,84.0,-0.009356553666293621
2145,anode,31.0,3.0,84.0,-0.009334847331047058
2146,anode,31.0,6.5,84.0,-0.00884079560637474
2147,anode,31.0,10.0,84.0,-0.0086213368922472
2148,anode,31.0,13.5,84.0,-0.008498330600559711
2149,anode,31.0,17.0,84.0,-0.008395079523324966
2150,anode,31.0,20.5,84.0,-0.00829295627772808
2151,anode,31.0,24.0,84.0,-0.00819736160337925
2152,anode,31.0,27.5,84.0,-0.008119747042655945
2153,anode,31.0,31.0,84.0,-0.008068833500146866
2154,anode,31.0,34.5,84.0,-0.008050411939620972
2155,anode,31.0,38.0,84.0,-0.008069970645010471
2156,anode,31.0,41.5,84.0,-0.008137895725667477
2157,anode,31.0,45.0,84.0,-0.008282183669507504
2158,anode,31.0,48.5,84.0,-0.008580826222896576
2159,anode,31.0,52.0,84.0,-0.009203456342220306
2160,anode,34.5,3.0,84.0,-0.009192312136292458
2161,anode,34.5,6.5,84.0,-0.008711612783372402
2162,anode,34.5,10.0,84.0,-0.008505525067448616
2163,anode,34.5,13.5,84.0,-0.008399971760809422
2164,anode,34.5,17.0,84.0,-0.00832030177116394
2165,anode,34.5,20.5,84.0,-0.008245172910392284
2166,anode,34.5,24.0,84.0,-0.00817407388240099
2167,anode,34.5,27.5,84.0,-0.008113318122923374
2168,anode,34.5,31.0,84.0,-0.008070703595876694
2169,anode,34.5,34.5,84.0,-0.008053858764469624
2170,anode,34.5,38.0,84.0,-0.008069592528045177
2171,anode,34.5,41.5,84.0,-0.008127314038574696
2172,anode,34.5,45.0,84.0,-0.008251959457993507
2173,anode,34.5,48.5,84.0,-0.008517807349562645
2174,anode,34.5,52.0,84.0,-0.0090941172093153
2175,anode,38.0,3.0,84.0,-0.009095688350498676
2176,anode,38.0,6.5,84.0,-0.008616910316050053
2177,anode,38.0,10.0,84.0,-0.00841599702835083
2178,anode,38.0,13.5,84.0,-0.008321116678416729
2179,anode,38.0,17.0,84.0,-0.00825909711420536
2180,anode,38.0,20.5,84.0,-0.008206759579479694
2181,anode,38.0,24.0,84.0,-0.008157939650118351
2182,anode,38.0,27.5,84.0,-0.008113670162856579
2183,anode,38.0,31.0,84.0,-0.00808022078126669
2184,anode,38.0,34.5,84.0,-0.00806625746190548
2185,anode,38.0,38.0,84.0,-0.008079709485173225
2186,anode,38.0,41.5,84.0,-0.0081300288438797
2187,anode,38.0,45.0,84.0,-0.008240846917033195
2188,anode,38.0,48.5,84.0,-0.00848440546542406
2189,anode,38.0,52.0,84.0,-0.00902892742305994
2190,anode,41.5,3.0,84.0,-0.009050993248820305
2191,anode,41.5,6.5,84.0,-0.008568760007619858
2192,anode,41.5,10.0,84.0,-0.008367913775146008
2193,anode,41.5,13.5,84.0,-0.008277845568954945
2194,anode,41.5,17.0,84.0,-0.008226264268159866
2195,anode,41.5,20.5,84.0,-0.008189150132238865
2196,anode,41.5,24.0,84.0,-0.008157068863511086
2197,anode,41.5,27.5,84.0,-0.008127206936478615
2198,anode,41.5,31.0,84.0,-0.008103454485535622
2199,anode,41.5,34.5,84.0,-0.008093836717307568
2200,anode,41.5,38.0,84.0,-0.008106737397611141
2201,anode,41.5,41.5,84.0,-0.008152281865477562
2202,anode,41.5,45.0,84.0,-0.008254106156527996
2203,anode,41.5,48.5,84.0,-0.008483574725687504
2204,anode,41.5,52.0,84.0,-0.009008402936160564
2205,anode,45.0,3.0,84.0,-0.009083938784897327
2206,anode,45.0,6.5,84.0,-0.00859593041241169
2207,anode,45.0,10.0,84.0,-0.008392860181629658
2208,anode,45.0,13.5,84.0,-0.008303473703563213
2209,anode,45.0,17.0,84.0,-0.008255833759903908
2210,anode,45.0,20.5,84.0,-0.008225806057453156
2211,anode,45.0,24.0,84.0,-0.008203134872019291
2212,anode,45.0,27.5,84.0,-0.008183132857084274
2213,anode,45.0,31.0,84.0,-0.008167178370058537
2214,anode,45.0,34.5,84.0,-0.008161638863384724
2215,anode,45.0,38.0,84.0,-0.008174941875040531
2216,anode,45.0,41.5,84.0,-0.008218212053179741
2217,anode,45.0,45.0,84.0,-0.008315718732774258
2218,anode,45.0,48.5,84.0,-0.008538584224879742
2219,anode,45.0,52.0,84.0,-0.009055471047759056
2220,anode,48.5,3.0,84.0,-0.00927040632814169
2221,anode,48.5,6.5,84.0,-0.008780304342508316
2222,anode,48.5,10.0,84.0,-0.008573533035814762
2223,anode,48.5,13.5,84.0,-0.00848027877509594
2224,anode,48.5,17.0,84.0,-0.008430617861449718
2225,anode,48.5,20.5,84.0,-0.008400528691709042
2226,anode,48.5,24.0,84.0,-0.00837946031242609
2227,anode,48.5,27.5,84.0,-0.008362122811377048
2228,anode,48.5,31.0,84.0,-0.00834860373288393
2229,anode,48.5,34.5,84.0,-0.008344387635588646
2230,anode,48.5,38.0,84.0,-0.008358391001820564
2231,anode,48.5,41.5,84.0,-0.00840296782553196
2232,anode,48.5,45.0,84.0,-0.008502990007400513
2233,anode,48.5,48.5,84.0,-0.00872768834233284
2234,anode,48.5,52.0,84.0,-0.009244232438504696
2235,anode,52.0,3.0,84.0,-0.009771135635674
2236,anode,52.0,6.5,84.0,-0.009310235269367695
2237,anode,52.0,10.0,84.0,-0.009093795903027058
2238,anode,52.0,13.5,84.0,-0.008987079374492168
2239,anode,52.0,17.0,84.0,-0.008927647024393082
2240,anode,52.0,20.5,84.0,-0.008890277706086636
2241,anode,52.0,24.0,84.0,-0.008862446993589401
2242,anode,52.0,27.5,84.0,-0.008838378824293613
2243,anode,52.0,31.0,84.0,-0.008819115348160267
2244,anode,52.0,34.5,84.0,-0.008811775594949722
2245,anode,52.0,38.0,84.0,-0.008827119134366512
2246,anode,52.0,41.5,84.0,-0.008879518136382103
2247,anode,52.0,45.0,84.0,-0.0089949369430542
2248,anode,52.0,48.5,84.0,-0.009235532954335213
2249,anode,52.0,52.0,84.0,-0.009733528830111027
