<!--
 Unable to retrieve Git information.

 Simulation information:
           Machine Name: am3-peichenzhong-group-MS-7E47
      Working Directory: /home/am3-peichenzhong-group/Documents/project/PhyNEO/example/example_Li_PF6_DMC-EC
          Date and Time: 2026-02-13 13:26:00
-->
<simulation verbosity='low'>
   <prng>
      <seed>314155</seed>
      <state>[{"bit_generator": "MT19937", "state": {"key": [892372583, 81503636, 1562851718, 2582328880, 2291542814, 3870956013, 612029632, 922398630, 2005304374, 2106648084, 3291996531, 1225749802, 1236368173, 2118323786, 2422755662, 2235837568, 1208994792, 3318824505, 3236203966, 1665159172, 1957926438, 2506654123, 1578814108, 3093096110, 2392729269, 209632190, 472649146, 3775277944, 836661889, 1869876107, 585298053, 445902001, 2020462502, 249975379, 495910443, 4269116462, 4065103555, 479538253, 1726713939, 4010501218, 3993525316, 3574594703, 679209042, 570226051, 4143640587, 476459199, 2402490761, 3912288969, 4077229653, 1145491801, 3570922267, 2708642001, 2555484155, 175999741, 2773613109, 3030931615, 2665525102, 1537970411, 2891010645, 2430482223, 3534680660, 131538379, 917774090, 1739488059, 2893528538, 290859533, 318266316, 2039020028, 313353286, 664826942, 3322733008, 2116277384, 836786367, 1924958012, 2736914530, 787448073, 1379666429, 3682844771, 2146787761, 2718727475, 3815555245, 875828450, 2559876873, 715484044, 2847237623, 4174193471, 3189690586, 448609632, 3821768487, 2079022030, 1840289184, 1902959094, 1470448349, 2927518203, 1682607456, 2364874626, 2294552554, 3175787429, 221211026, 2081672260, 3002941220, 2974175816, 234758286, 2176195950, 3073588456, 2456453174, 2201291065, 2591884068, 2292508077, 3299784494, 1161934689, 612949797, 1629376549, 523139201, 2633992514, 1942452426, 3615581856, 287428718, 3641710147, 3931707396, 2825112214, 2297798178, 1529333574, 2598386697, 3905956406, 3387995956, 3412068859, 1322836935, 543217807, 3841446912, 303257286, 2732784928, 713489723, 436194797, 3780672587, 2908031126, 2927247762, 1444499557, 3182522294, 2924083680, 3588362029, 3882553770, 2659920378, 302773015, 49142878, 3878292102, 3217843949, 4088616120, 2831905812, 4004234249, 3811206251, 1215475302, 1716833564, 1292957111, 3723701657, 3097161427, 2582812553, 711919407, 1123588837, 1742576542, 1310116797, 4151618654, 1740052121, 3151416505, 3917462063, 2124711908, 3198729335, 2719322240, 2759951384, 3175190021, 3934243033, 1692503324, 2927534523, 1152998674, 2672608343, 3098140859, 1780411465, 766758723, 2529317564, 3698825221, 1085533631, 4221696536, 2621251770, 3080790745, 1492993574, 1826034613, 3201853108, 3108745018, 2409042160, 3984399064, 624061808, 2550609634, 2021576991, 2866188337, 56434165, 551756652, 3484329103, 4140887980, 1618110549, 2960339243, 679820370, 1574729114, 2558945069, 2066100586, 3671465330, 1548166300, 4205723417, 3370918343, 3263309688, 3620053694, 2664312163, 3596104144, 1083527893, 1009668206, 671293140, 2487521120, 4105456528, 2010227475, 931281652, 1751629128, 1465196341, 2156259574, 1792666233, 3747953758, 2037001259, 3335348071, 3628189809, 327106107, 2216286540, 1762783881, 3625648324, 3885696389, 4001035001, 2875854816, 387368024, 341742346, 907592560, 1324039500, 3411343416, 1167559840, 331011297, 421284342, 3391550782, 475099798, 2181289227, 2111378284, 372925730, 2722862511, 1623207672, 1398959554, 131426666, 3721415716, 109206912, 1784655712, 3272989616, 2234456701, 2793932146, 2019742461, 1258997289, 1952280506, 2106601459, 3780547913, 1923703836, 4204673397, 671015709, 1688320883, 2135701522, 3847681081, 3361261099, 4054791312, 402568366, 2479024186, 120960397, 1540325497, 2848184103, 2707481261, 3896670926, 785115570, 4103324780, 1574785094, 4104699595, 458410559, 1508943801, 106123145, 3900733291, 2428154542, 120567734, 3187416918, 4158658208, 1476043834, 282116322, 2707460553, 70364826, 4136601666, 747940737, 2122451933, 2808983240, 71837856, 3590725780, 434003198, 2086401179, 4230036175, 1194270793, 293598441, 1666128967, 578137410, 4235173743, 2625671646, 3848399519, 3345893664, 3402805340, 964701878, 3671234182, 3909624144, 589410673, 948520445, 4237551355, 1297468392, 613505306, 3950861206, 3529126116, 2751744332, 2331625302, 3721736794, 3898488217, 406024567, 2649769472, 2822035288, 478500176, 147330711, 1914542973, 998237363, 208225858, 1900970092, 1797182182, 747152877, 3472134884, 2656983496, 1789816940, 950438054, 4054067371, 4061136855, 2371764096, 4237432751, 3732664013, 3447536442, 2390455487, 1687618428, 1582121171, 2945012637, 936470493, 1545290906, 3036065541, 2895349970, 288935718, 696354815, 3423691371, 930625840, 2532853448, 3923688584, 3484338951, 630616137, 2476277521, 506584168, 842602628, 3287132651, 3781958565, 2425820617, 3648497042, 581984576, 779489897, 1980358121, 4262019981, 3877164282, 1055181274, 207423772, 2792190149, 278838310, 1028982922, 1294523598, 3047636157, 3598456191, 1207588826, 4204485032, 750750255, 774350733, 3055985734, 1754352851, 1044913786, 2491801933, 3579055680, 1930311236, 2237605430, 4131838307, 3606470538, 2019473545, 2408311377, 1064445782, 512963302, 362835683, 848607846, 1587757188, 858406251, 300872730, 1324515153, 1563354783, 2545726675, 294057605, 2295601933, 1997340445, 3557434249, 2141108410, 1397762704, 1994911150, 2672585904, 597944472, 3224143598, 639917573, 3280883578, 4263607183, 2762181277, 2035173952, 3943771614, 3638244194, 1276777309, 2490188654, 2571576352, 2694136884, 2375736806, 3273545050, 2276149666, 961890126, 3313516749, 2023713818, 2614519584, 2541298714, 3877743523, 2439400815, 1759979566, 3122261463, 3001097100, 1831971370, 3704926674, 3493802149, 921830029, 2651976383, 1464113224, 49185415, 4158752784, 1719831506, 1396418309, 3688814643, 1652462906, 3461689304, 457165945, 3242933199, 2533253752, 2643415976, 3389460825, 3179555189, 180282451, 873577177, 2169045519, 3726770226, 3913500477, 1563200343, 1530361333, 1437564819, 2064115194, 1925572826, 802102642, 3976014593, 3004530406, 3180412055, 1623426600, 3295376015, 151917871, 3378325704, 1860914866, 477250035, 328329726, 594142433, 3016958619, 2597610676, 3833990469, 3583035373, 2299994643, 952396522, 1113670253, 3315335121, 3197729075, 1718156444, 1860783399, 366329972, 2042746459, 2771642301, 3625488841, 393280065, 3015778462, 495399386, 2533457868, 1794266065, 863202838, 209324287, 183200417, 2092199212, 1423209639, 2837630154, 4223947578, 2355544558, 3082683753, 1516391142, 2977735854, 676833864, 4244144116, 1683507266, 1045879521, 3994303267, 2832350376, 1535576109, 1640943997, 4231969686, 18181603, 2311630496, 2635472993, 2217283033, 584643976, 1146178668, 2822459689, 3723579, 1034510891, 1317206817, 3447028147, 993052508, 2292150664, 561153179, 2772272311, 3841437426, 186355093, 773979739, 1665631127, 976958027, 3910392341, 699127835, 306862253, 1800765578, 2115846777, 1269947879, 1784150394, 3286262744, 632844576, 2933161694, 588304178, 3735622079, 2512858784, 3178590523, 1609811970, 594279316, 337807331, 459798772, 4179518263, 1191495801, 1020936199, 3613993924, 3531518017, 2462261506, 4031896042, 4208568154, 3861878567, 2963798706, 472091895, 2817894055, 1382169822, 931695436, 2714782030, 630572592, 1051708714, 3124047514, 3072630488, 3693195479, 671609378, 4022299247, 1612966037, 3275575125, 4103326003, 4125547100, 2074814972, 3353151701, 1501399076, 3933121751, 1876366876, 3451161961, 19058756, 1894326861, 2788031556, 2927354259, 2833527603, 3408047045, 1698763672, 1075865073, 1468825977, 2051083172, 1729565096, 2877690909, 1626807948, 3493069281, 2458330124, 1178676369, 2817426056, 2894931462, 850996886, 1173395417, 3450234627, 3604686594, 447399435, 1433257664, 2183878430, 4167530177, 493136660, 883270197, 3935682320, 2875560516, 1991312772, 203102653], "pos": 543}}]</state>
   </prng>
   <output prefix='ti'>
      <properties shape='(7)' stride='100'>
       [ step, time{picosecond}, temperature{kelvin}, conserved{electronvolt}, potential{electronvolt}, 
         volume{angstrom3}, density{g/cm3} ]
      </properties>
      <trajectory filename='pos' stride='100' cell_units='angstrom'>positions{angstrom}</trajectory>
   </output>
   <step>5564</step>
   <total_steps>50000</total_steps>
   <ffsocket mode='unix' name='dmff'>
      <address>unix_dmff</address>
   </ffsocket>
   <system>
      <forces>
         <force forcefield='dmff'>
         </force>
      </forces>
      <ensemble>
         <temperature>  9.44185952e-04</temperature>
         <pressure>  3.39882738e-09</pressure>
         <eens>  3.40516354e-02</eens>
         <hamiltonian_weights shape='(1)'> [   1.00000000e+00 ] </hamiltonian_weights>
         <time>  2.30023399e+05</time>
      </ensemble>
      <motion mode='dynamics'>
         <dynamics mode='npt'>
            <thermostat mode='multi'>
               <ethermo>  3.32288670e+02</ethermo>
               <thermostat mode='svr'>
                  <ethermo>  2.76703387e+02</ethermo>
                  <tau>  2.06706865e+03</tau>
               </thermostat>
               <thermostat mode='langevin'>
                  <ethermo>  5.55852833e+01</ethermo>
                  <tau>  2.06706865e+04</tau>
               </thermostat>
            </thermostat>
            <barostat mode='isotropic'>
               <thermostat mode='langevin'>
                  <ethermo>  7.08183610e+01</ethermo>
                  <tau>  4.13413730e+03</tau>
               </thermostat>
               <tau>  8.26827460e+03</tau>
               <p shape='(1)'> [   9.74458193e+02 ] </p>
            </barostat>
            <timestep>  4.13413730e+01</timestep>
            <nmts shape='(1)'> [ 1 ] </nmts>
         </dynamics>
      </motion>
      <beads natoms='2266' nbeads='1'>
         <q shape='(1, 6798)'>
          [   3.25307755e+02,   3.99014004e+02,   7.77525977e+00,   3.24251846e+02,   3.97776650e+02, 
              5.74119370e+00,   3.25575798e+02,   3.95794520e+02,   4.92524633e+00,   3.27592607e+02, 
              3.94972281e+02,   5.55728467e+00,   3.24124496e+02,   3.94717964e+02,   3.09335086e+00, 
              3.24925796e+02,   3.92353240e+02,   1.92813837e+00,   3.25453923e+02,   3.98006876e+02, 
              9.58809624e+00,   3.24017899e+02,   4.00575113e+02,   8.29248645e+00,   3.27285112e+02, 
              3.99472021e+02,   7.40487867e+00,   3.26791913e+02,   3.92720098e+02,   1.17277956e+00, 
              3.23598318e+02,   3.92121927e+02,   4.69253820e-01,   3.24884472e+02,   3.90671567e+02, 
              3.04243115e+00,   4.30089445e+02,   2.00305360e+02,   7.27199964e+02,   4.31526710e+02, 
              2.02681683e+02,   7.27255859e+02,   4.31541990e+02,   2.04014245e+02,   7.25258544e+02, 
              4.30530221e+02,   2.03701358e+02,   7.23253045e+02,   4.32980196e+02,   2.06091409e+02, 
              7.25856707e+02,   4.33270858e+02,   2.08011359e+02,   7.23838609e+02,   4.30760637e+02, 
              1.98984208e+02,   7.25754562e+02,   4.28102333e+02,   2.00802429e+02,   7.27041778e+02, 
              4.30514414e+02,   1.99508211e+02,   7.29005523e+02,   4.34513586e+02,   2.07231466e+02, 
              7.22483457e+02,   4.34007977e+02,   2.09612943e+02,   7.24892446e+02,   4.31416935e+02, 
              2.08391282e+02,   7.22816208e+02,   7.63156872e+02,   2.77649226e+02,   3.07371377e+02, 
              7.62090151e+02,   2.79744180e+02,   3.06220364e+02,   7.62554564e+02,   2.80111989e+02, 
              3.03732476e+02,   7.63826589e+02,   2.78812769e+02,   3.02338297e+02,   7.61280335e+02, 
              2.82269548e+02,   3.03321819e+02,   7.60689622e+02,   2.82715115e+02,   3.00747049e+02, 
              7.61545595e+02,   2.76270957e+02,   3.07918071e+02,   7.64256203e+02,   2.78293051e+02, 
              3.08951101e+02,   7.64523920e+02,   2.76787589e+02,   3.06195836e+02,   7.59025429e+02, 
              2.81758863e+02,   3.00239379e+02,   7.62247300e+02,   2.81755082e+02,   2.99549936e+02, 
              7.60801812e+02,   2.84731189e+02,   3.00291447e+02,   7.27068164e+02,   5.06601020e+02, 
              2.04861001e+02,   7.24459767e+02,   5.06274656e+02,   2.05433798e+02,   7.22778379e+02, 
              5.07925856e+02,   2.04280763e+02,   7.23216597e+02,   5.09981493e+02,   2.03351328e+02, 
              7.20486752e+02,   5.07054497e+02,   2.04754953e+02,   7.18494907e+02,   5.08023379e+02, 
              2.03233292e+02,   7.27511015e+02,   5.05791470e+02,   2.02956188e+02,   7.28237385e+02, 
              5.05900289e+02,   2.06492245e+02,   7.27536596e+02,   5.08634677e+02,   2.04637430e+02, 
              7.18479781e+02,   5.06941137e+02,   2.01538613e+02,   7.18854385e+02,   5.10024097e+02, 
              2.02871478e+02,   7.16822905e+02,   5.07811921e+02,   2.04311225e+02,   7.23271892e+02, 
              5.27300616e+01,   3.93488079e+02,   7.24106702e+02,   5.09649728e+01,   3.95439345e+02, 
              7.22851375e+02,   4.88252637e+01,   3.95494282e+02,   7.21083784e+02,   4.80579442e+01, 
              3.94242928e+02,   7.24072387e+02,   4.73025197e+01,   3.97100124e+02,   7.23222901e+02, 
              4.47386977e+01,   3.97224916e+02,   7.23793244e+02,   5.21579753e+01,   3.91650590e+02, 
              7.24186212e+02,   5.44687832e+01,   3.93947957e+02,   7.21210185e+02,   5.28145017e+01, 
              3.93688772e+02,   7.22928406e+02,   4.41392742e+01,   3.95233671e+02,   7.21263808e+02, 
              4.45178124e+01,   3.98016571e+02,   7.24549505e+02,   4.37363939e+01,   3.98397749e+02, 
              7.14362306e+02,   8.86313136e+01,   2.83935210e+02,   7.15723657e+02,   8.99454074e+01, 
              2.85834827e+02,   7.14717778e+02,   8.97781067e+01,   2.88062646e+02,   7.12711584e+02, 
              8.88919940e+01,   2.88645764e+02,   7.16231802e+02,   9.10861525e+01,   2.89786772e+02, 
              7.15068762e+02,   9.11636826e+01,   2.92210535e+02,   7.12554971e+02,   8.96936780e+01, 
              2.83527801e+02,   7.13941963e+02,   8.66096777e+01,   2.84427434e+02,   7.15587538e+02, 
              8.85864323e+01,   2.82293218e+02,   7.16524176e+02,   9.11668933e+01,   2.93608595e+02, 
              7.13811791e+02,   8.96384439e+01,   2.92576677e+02,   7.13912636e+02,   9.28894006e+01, 
              2.92397250e+02,   6.43958127e+02,   5.16356399e+02,   3.70918347e+02,   6.41361974e+02, 
              5.17011154e+02,   3.70848878e+02,   6.40316126e+02,   5.17785368e+02,   3.72989940e+02, 
              6.41065451e+02,   5.17389201e+02,   3.75088494e+02,   6.37939223e+02,   5.18622016e+02, 
              3.72415190e+02,   6.36355366e+02,   5.19502805e+02,   3.74389137e+02,   6.44254095e+02, 
              5.14804755e+02,   3.72214741e+02,   6.44991460e+02,   5.18118261e+02,   3.71535558e+02, 
              6.44634667e+02,   5.15835526e+02,   3.69031825e+02,   6.37283655e+02,   5.21045839e+02, 
              3.75346361e+02,   6.35979299e+02,   5.17885263e+02,   3.75608078e+02,   6.34573200e+02, 
              5.20098357e+02,   3.73729393e+02,   3.74466330e+02,   1.72373499e+02,   2.62072625e+02, 
              3.73722774e+02,   1.69981225e+02,   2.62812637e+02,   3.75255323e+02,   1.68061548e+02, 
              2.62862755e+02,   3.74650653e+02,   1.65909539e+02,   2.63027111e+02,   3.77620440e+02, 
              1.68831612e+02,   2.62424546e+02,   3.79743318e+02,   1.67256297e+02,   2.62899362e+02, 
              3.74388760e+02,   1.72565251e+02,   2.59922774e+02,   3.76158434e+02,   1.73047876e+02, 
              2.62891548e+02,   3.73083941e+02,   1.73703397e+02,   2.62914250e+02,   3.80962366e+02, 
              1.68432883e+02,   2.64101793e+02,   3.80624590e+02,   1.66499604e+02,   2.61214779e+02, 
              3.79264104e+02,   1.65461041e+02,   2.63909634e+02,   3.21494252e+02,   1.00117247e+02, 
              3.47883693e+02,   3.21022188e+02,   1.00689139e+02,   3.50482917e+02,   3.21304040e+02, 
              9.87593406e+01,   3.52143957e+02,   3.21684349e+02,   9.66358982e+01,   3.51640121e+02, 
              3.21062330e+02,   9.98536947e+01,   3.54425614e+02,   3.21056333e+02,   9.82050050e+01, 
              3.56433669e+02,   3.20258349e+02,   1.01458229e+02,   3.47000556e+02,   3.21130946e+02, 
              9.81707698e+01,   3.47453865e+02,   3.23490535e+02,   1.00410912e+02,   3.47327841e+02, 
              3.19350464e+02,   9.70435672e+01,   3.56459853e+02,   3.21329765e+02,   9.94400946e+01, 
              3.58071059e+02,   3.22891688e+02,   9.71799633e+01,   3.56439615e+02,   7.76838337e+02, 
              3.91015532e+02,   6.95402145e+02,   7.75669409e+02,   3.93484820e+02,   6.95914621e+02, 
              7.73719812e+02,   3.94147953e+02,   6.94569539e+02,   7.72583735e+02,   3.92912348e+02, 
              6.92995120e+02,   7.72929376e+02,   3.96395592e+02,   6.95356829e+02,   7.70466298e+02, 
              3.97025782e+02,   6.94350626e+02,   7.76714201e+02,   3.90715928e+02,   6.93404622e+02, 
              7.76153621e+02,   3.89490633e+02,   6.96592318e+02,   7.78860748e+02,   3.91345066e+02, 
              6.95778119e+02,   7.70558578e+02,   3.99066776e+02,   6.94140331e+02,   7.69021331e+02, 
              3.96574152e+02,   6.95634259e+02,   7.70182838e+02,   3.96207726e+02,   6.92463316e+02, 
              8.17283950e+02,   3.71098360e+02,   2.25796050e+02,   8.15213180e+02,   3.70827831e+02, 
              2.28033338e+02,   8.04298275e+02,   3.68245906e+02,   2.37721287e+02,   7.82364059e+02, 
              3.46582398e+02,   2.33172099e+02,   8.15859264e+02,   3.75992403e+02,   2.29706427e+02, 
              8.13290252e+02,   3.76674529e+02,   2.29215633e+02,   8.16331779e+02,   3.71497259e+02, 
              2.23893904e+02,   8.18136872e+02,   3.69189643e+02,   2.25667194e+02,   8.18658378e+02, 
              3.72618342e+02,   2.26218233e+02,   8.12804454e+02,   3.76301826e+02,   2.27189716e+02, 
              8.12994993e+02,   3.78642448e+02,   2.29524816e+02,   8.11894556e+02,   3.75799808e+02, 
              2.30304972e+02,   4.06262654e+02,   3.75855148e+02,   6.90901273e+02,   4.08319380e+02, 
              3.74740824e+02,   6.89567224e+02,   4.08957587e+02,   3.72462746e+02,   6.90381793e+02, 
              4.07739181e+02,   3.70983074e+02,   6.91578744e+02,   4.11255933e+02,   3.72014672e+02, 
              6.89518989e+02,   4.12752789e+02,   3.70225250e+02,   6.90846609e+02,   4.06203651e+02, 
              3.77820777e+02,   6.90207181e+02,   4.06705506e+02,   3.75580504e+02,   6.92914373e+02, 
              4.04317534e+02,   3.75001106e+02,   6.90772994e+02,   4.14656857e+02,   3.70270986e+02, 
              6.90217390e+02,   4.12229740e+02,   3.68247824e+02,   6.90581018e+02,   4.12640874e+02, 
              3.70747522e+02,   6.92804473e+02,   5.77928772e+02,   1.72854080e+02,   7.16244112e+02, 
              5.77616062e+02,   1.74342569e+02,   7.18554037e+02,   5.77483561e+02,   1.76841094e+02, 
              7.18195476e+02,   5.77729364e+02,   1.78072899e+02,   7.16171078e+02,   5.76909185e+02, 
              1.77856735e+02,   7.20379720e+02,   5.76174931e+02,   1.80395628e+02,   7.20472659e+02, 
              5.76972163e+02,   1.73816564e+02,   7.14803905e+02,   5.77232580e+02,   1.70974102e+02, 
              7.16639744e+02,   5.79922696e+02,   1.72850997e+02,   7.15827532e+02,   5.77770468e+02, 
              1.81603850e+02,   7.20098916e+02,   5.75368701e+02,   1.80972835e+02,   7.22265783e+02, 
              5.74895851e+02,   1.80738750e+02,   7.18949304e+02,   5.57909636e+02,   6.41035343e+02, 
              4.44729593e+02,   5.57304304e+02,   6.43657871e+02,   4.44273863e+02,   5.58206823e+02, 
              6.44713207e+02,   4.42206860e+02,   5.59225819e+02,   6.43519006e+02,   4.40515788e+02, 
              5.57364427e+02,   6.47132475e+02,   4.42050521e+02,   5.58094362e+02,   6.48559302e+02, 
              4.39833496e+02,   5.57410259e+02,   6.40799010e+02,   4.46575079e+02,   5.59826307e+02, 
              6.40553301e+02,   4.44185095e+02,   5.56556381e+02,   6.39941053e+02,   4.43514245e+02, 
              5.56369553e+02,   6.48468896e+02,   4.38742563e+02,   5.59690529e+02,   6.47644674e+02, 
              4.38988950e+02,   5.58490484e+02,   6.50508235e+02,   4.40339665e+02,   4.89176051e+02, 
              4.72326199e+02,   5.41099277e+02,   4.88770682e+02,   4.74277816e+02,   5.39235655e+02, 
              4.89059906e+02,   4.73537264e+02,   5.36808304e+02,   4.89828000e+02,   4.71566971e+02, 
              5.36005216e+02,   4.88165375e+02,   4.75407023e+02,   5.35458205e+02,   4.88101256e+02, 
              4.74684755e+02,   5.32676900e+02,   4.89220383e+02,   4.73271691e+02,   5.42864739e+02, 
              4.90988883e+02,   4.71402129e+02,   5.40835343e+02,   4.87558018e+02,   4.71048982e+02, 
              5.41020718e+02,   4.86725214e+02,   4.73243241e+02,   5.32133870e+02,   4.89978355e+02, 
              4.74131485e+02,   5.32149953e+02,   4.87801782e+02,   4.76544595e+02,   5.31716819e+02, 
              2.51485835e+02,   5.52506722e+02,   3.17608775e+02,   2.51466413e+02,   5.53092193e+02, 
              3.14925359e+02,   2.53946719e+02,   5.53286831e+02,   3.14107923e+02,   2.55656284e+02, 
              5.52530285e+02,   3.15299371e+02,   2.53961672e+02,   5.54609684e+02,   3.11952788e+02, 
              2.56501443e+02,   5.55178427e+02,   3.10622266e+02,   2.49671292e+02,   5.53029372e+02, 
              3.18111464e+02,   2.52761277e+02,   5.53697415e+02,   3.18855971e+02,   2.51929719e+02, 
              5.50582060e+02,   3.17874042e+02,   2.57250846e+02,   5.56762437e+02,   3.11519295e+02, 
              2.56064927e+02,   5.55600015e+02,   3.08646132e+02,   2.57444783e+02,   5.53446374e+02, 
              3.10828348e+02,   2.32245888e+02,   1.51440251e+02,   2.57216607e+02,   2.33222549e+02, 
              1.53542144e+02,   2.55905483e+02,   2.34341761e+02,   1.52945738e+02,   2.53741908e+02, 
              2.35624827e+02,   1.54370667e+02,   2.52506563e+02,   2.33811654e+02,   1.50496635e+02, 
              2.53137498e+02,   2.35202238e+02,   1.49523970e+02,   2.51075431e+02,   2.30923746e+02, 
              1.50494374e+02,   2.56043063e+02,   2.31589595e+02,   1.52116248e+02,   2.59114962e+02, 
              2.33637493e+02,   1.49911212e+02,   2.57456326e+02,   2.33969218e+02,   1.48658862e+02, 
              2.49695270e+02,   2.36699340e+02,   1.48173977e+02,   2.51798410e+02,   2.36243619e+02, 
              1.50827657e+02,   2.50042089e+02,   2.41455877e+02,   2.25618371e+02,   5.71418481e+02, 
              2.42867363e+02,   2.23281734e+02,   5.71667933e+02,   2.43613370e+02,   2.22745336e+02, 
              5.73915082e+02,   2.43633352e+02,   2.24268307e+02,   5.75683240e+02,   2.44487792e+02, 
              2.20419053e+02,   5.74024152e+02,   2.45071706e+02,   2.19265716e+02,   5.76439758e+02, 
              2.40672363e+02,   2.25704265e+02,   5.69557339e+02,   2.42596739e+02,   2.27272435e+02, 
              5.71828001e+02,   2.39717423e+02,   2.25493223e+02,   5.72625453e+02,   2.45105896e+02, 
              2.17269118e+02,   5.76189310e+02,   2.43510861e+02,   2.19677214e+02,   5.77672869e+02, 
              2.46867642e+02,   2.20121434e+02,   5.77023062e+02,   3.81885049e+02,   5.36392918e+02, 
              1.54075219e+02,   3.83731201e+02,   5.35761118e+02,   1.52226691e+02,   3.85838220e+02, 
              5.37243101e+02,   1.52185224e+02,   3.85749961e+02,   5.39530834e+02,   1.52442447e+02, 
              3.87898499e+02,   5.35748971e+02,   1.52140677e+02,   3.90411241e+02,   5.36779607e+02, 
              1.51910467e+02,   3.80303435e+02,   5.35115081e+02,   1.53756247e+02,   3.81323582e+02, 
              5.38479591e+02,   1.54050164e+02,   3.82645252e+02,   5.36303028e+02,   1.55975622e+02, 
              3.91639864e+02,   5.35217319e+02,   1.52171769e+02,   3.90910911e+02,   5.38394744e+02, 
              1.53163289e+02,   3.90822591e+02,   5.37659263e+02,   1.50073749e+02,   3.47684883e+01, 
              7.92907915e+02,   4.58418081e+02,   3.45765359e+01,   7.95515907e+02,   4.56867920e+02, 
              1.71468190e+01,   7.94525893e+02,   4.82946167e+02,   2.83216987e+01,   7.84882356e+02, 
              4.50151522e+02,   5.87005433e+01,   7.90942777e+02,   4.43226956e+02,   3.54713179e+01, 
              7.50138548e+02,   4.45696030e+02,   3.33959564e+01,   7.93230961e+02,   4.59819637e+02, 
              3.67513977e+01,   7.92831222e+02,   4.59064729e+02,   3.41710717e+01,   7.91328816e+02, 
              4.57122952e+02,   6.48785429e+01,   7.34311967e+02,   4.29867591e+02,   6.42057391e-01, 
              7.56489164e+02,   4.44200876e+02,   2.42694023e+01,   7.36010959e+02,   4.64130538e+02, 
              2.50542287e+01,   2.76575187e+02,   7.14431179e+02,   2.60739373e+01,   2.80382630e+02, 
              7.09586258e+02,   2.49243639e+01,   2.48090260e+02,   7.45031393e+02,   4.31098574e+01, 
              2.95522464e+02,   7.79687713e+02,  -1.29601874e+01,   2.94354259e+02,   7.51280991e+02, 
              3.72994085e+01,   2.38847958e+02,   7.72577346e+02,  -8.35128955e+00,   2.75251803e+02, 
              7.06372664e+02,   4.51505870e+01,   2.52408948e+02,   7.17965557e+02,   2.33375761e+01, 
              3.05124542e+02,   7.32962644e+02,  -2.98139861e+02,   6.18840959e+02,  -7.85363673e+01, 
             -7.33171555e+01,   2.10193596e+02,   7.49299931e+02,  -8.95582978e+02,   1.29600529e+03, 
              1.06157840e+03,   6.92576876e+02,   5.80163922e+02,   4.57297419e+02,   6.94571956e+02, 
              5.80540178e+02,   4.59130934e+02,   6.93874321e+02,   5.80615575e+02,   4.61586916e+02, 
              6.91883788e+02,   5.80071583e+02,   4.62485479e+02,   6.95864817e+02,   5.81105111e+02, 
              4.63223236e+02,   6.98186084e+02,   5.81601547e+02,   4.61503268e+02,   6.93572973e+02, 
              5.80019898e+02,   4.55524469e+02,   6.91438569e+02,   5.81832665e+02,   4.57312007e+02, 
              6.91401712e+02,   5.78376213e+02,   4.57679676e+02,   4.79185769e+02,   6.27777561e+02, 
              4.19102573e+02,   1.20022421e+03,  -4.22589762e+02,  -1.59219413e+03,   7.92522809e+02, 
              5.74884783e+02,   4.78323357e+02,   4.45656761e+02,   3.42441664e+02,   7.74189908e+02, 
              4.45926694e+02,   3.44828329e+02,   7.75436996e+02,   4.47899654e+02,   3.46197866e+02, 
              7.74671922e+02,   4.49458074e+02,   3.45675562e+02,   7.73062177e+02,   4.47774752e+02, 
              3.48377008e+02,   7.76251940e+02,   4.49672212e+02,   3.50319614e+02,   7.75808560e+02, 
              4.44294678e+02,   3.41449940e+02,   7.75221186e+02,   4.47410539e+02,   3.41327039e+02, 
              7.73867767e+02,   4.44856590e+02,   3.42768739e+02,   7.72316962e+02,   4.50240558e+02, 
              3.50358613e+02,   7.73876603e+02,   4.51208534e+02,   3.49826009e+02,   7.76946648e+02, 
              4.48906426e+02,   3.51961223e+02,   7.76550240e+02,   3.66970835e+02,   1.77009088e+02, 
              6.59890602e+02,   3.65120434e+02,   1.78425678e+02,   6.58521187e+02,   3.64085768e+02, 
              1.76958140e+02,   6.56718454e+02,   3.64437547e+02,   1.74758193e+02,   6.56300137e+02, 
              3.62317798e+02,   1.78224029e+02,   6.55443062e+02,   3.61610995e+02,   1.76922086e+02, 
              6.53193733e+02,   3.68462363e+02,   1.78481359e+02,   6.60231952e+02,   3.67684378e+02, 
              1.75289389e+02,   6.59010354e+02,   3.66095297e+02,   1.76348639e+02,   6.61663678e+02, 
              3.59662632e+02,   1.76490786e+02,   6.53641599e+02,   3.62600782e+02,   1.75161578e+02, 
              6.52842293e+02,   3.61703853e+02,   1.78122535e+02,   6.51498884e+02,   6.14339516e+02, 
              6.23504260e+02,   1.85194545e+01,   6.13712004e+02,   6.25806050e+02,   2.00350511e+01, 
              6.11457266e+02,   6.25787502e+02,   2.10528246e+01,   6.09971641e+02,   6.24000445e+02, 
              2.09633275e+01,   6.11211019e+02,   6.28008776e+02,   2.21856085e+01,   6.08779508e+02, 
              6.28189360e+02,   2.33650694e+01,   6.16341391e+02,   6.23432343e+02,   1.82000506e+01, 
              6.13405206e+02,   6.23654044e+02,   1.66569580e+01,   6.13681247e+02,   6.21837499e+02, 
              1.94976292e+01,   6.08084171e+02,   6.26348048e+02,   2.40549474e+01,   6.07272088e+02, 
              6.28888321e+02,   2.21219018e+01,   6.09015019e+02,   6.29605826e+02,   2.48835509e+01, 
              1.98704158e+02,   3.51086034e+02,   5.64606215e+02,   2.17124641e+02,   3.77053124e+02, 
              5.11021946e+02,   2.25500883e+02,   3.68932417e+02,   5.09007414e+02,   2.17104140e+02, 
              3.77382728e+02,   5.10486612e+02,   2.22493050e+02,   3.74318122e+02,   5.11444264e+02, 
              2.24174590e+02,   3.74939404e+02,   5.13299726e+02,   2.74132065e+02,   3.60049444e+02, 
              4.87106917e+02,   2.14570906e+02,   3.20733068e+02,   2.75970665e+02,   7.36000564e+02, 
              1.44423599e+02,   8.22188714e+02,   2.25054720e+02,   3.73328326e+02,   5.14235930e+02, 
              2.23087570e+02,   3.75958194e+02,   5.14708196e+02,   2.25546597e+02,   3.76402467e+02, 
              5.12822806e+02,   4.94834063e+02,   5.29306091e+02,   4.38164584e+02,   4.97404376e+02, 
              5.28442362e+02,   4.38681366e+02,   4.98140995e+02,   5.26723862e+02,   4.37059308e+02, 
              4.97018323e+02,   5.25594102e+02,   4.35465939e+02,   5.00687273e+02,   5.26459413e+02, 
              4.37391929e+02,   5.01979689e+02,   5.24721208e+02,   4.35819369e+02,   4.94801916e+02, 
              5.30542953e+02,   4.36461800e+02,   4.94341881e+02,   5.30225875e+02,   4.39949794e+02, 
              4.93420094e+02,   5.27860388e+02,   4.37953892e+02,   5.02237051e+02,   5.25522247e+02, 
              4.33982063e+02,   5.00933367e+02,   5.22979114e+02,   4.35739600e+02,   5.03770260e+02, 
              5.24529836e+02,   4.36838646e+02,   5.26018604e+02,   1.61468271e+02,   1.37384002e+02, 
              5.25785201e+02,   1.64013456e+02,   1.38404080e+02,   5.23882600e+02,   1.65314680e+02, 
              1.37525493e+02,   5.22347462e+02,   1.64592160e+02,   1.36032317e+02,   5.23842087e+02, 
              1.67646989e+02,   1.38596790e+02,   5.21595498e+02,   1.69007587e+02,   1.37959163e+02, 
              5.25695469e+02,   1.61615522e+02,   1.35422385e+02,   5.24507281e+02,   1.60488223e+02, 
              1.38251044e+02,   5.27815071e+02,   1.60847628e+02,   1.37706902e+02,   5.21549748e+02, 
              1.70665667e+02,   1.39022824e+02,   5.20051184e+02,   1.67976852e+02,   1.38455063e+02, 
              5.21785033e+02,   1.69261796e+02,   1.35900074e+02,   2.11770449e+02,   1.64593471e+02, 
              3.78329148e+02,   2.10997766e+02,   1.61749454e+02,   3.77760264e+02,   2.12504961e+02, 
              1.34977548e+02,   3.94421426e+02,   2.34745410e+02,   1.70821370e+02,   3.68592258e+02, 
              2.13579514e+02,   1.61050687e+02,   3.57221101e+02,   2.06870790e+02,   1.94324859e+02, 
              3.84820553e+02,   2.13583949e+02,   1.64896198e+02,   3.77462674e+02,   2.11762404e+02, 
              1.64982331e+02,   3.80326171e+02,   2.10345208e+02,   1.65834716e+02,   3.77519926e+02, 
              1.68698994e+02,   2.24780851e+02,   3.30095869e+02,   1.88280759e+02,   1.48729428e+02, 
              2.98449663e+02,   2.15884069e+02,   2.16856737e+02,   4.48642455e+02,   4.10561513e+02, 
              3.89553846e+02,   1.20478431e+02,   4.08825042e+02,   3.90583013e+02,   1.22173606e+02, 
              4.10032986e+02,   3.91482628e+02,   1.24240703e+02,   4.12226967e+02,   3.91275321e+02, 
              1.24676921e+02,   4.08363450e+02,   3.92492971e+02,   1.25833709e+02,   4.09340448e+02, 
              3.93386455e+02,   1.28179602e+02,   4.09410663e+02,   3.88770817e+02,   1.19023948e+02, 
              4.11744606e+02,   3.88001177e+02,   1.21277034e+02,   4.11846905e+02,   3.90954034e+02, 
              1.19754478e+02,   4.11108233e+02,   3.94506033e+02,   1.28017040e+02,   4.09689075e+02, 
              3.91727659e+02,   1.29549766e+02,   4.07910394e+02,   3.94603441e+02,   1.29077150e+02, 
              6.23371290e+02,   1.99984690e+02,   1.64552773e+02,   6.23705637e+02,   2.02743851e+02, 
              1.62724146e+02,   6.20633583e+02,   2.10607806e+02,   1.50651588e+02,   4.95739632e+02, 
              2.56637108e+02,   1.09344048e+02,   6.17981738e+02,   1.99388943e+02,   1.61726675e+02, 
              6.17440169e+02,   1.97008257e+02,   1.64149417e+02,   6.21992261e+02,   1.99092430e+02, 
              1.63367018e+02,   6.22480036e+02,   2.00510423e+02,   1.66410359e+02,   6.25044657e+02, 
              1.98944285e+02,   1.64296968e+02,   6.18840129e+02,   1.95500895e+02,   1.63807405e+02, 
              6.15495327e+02,   1.96638932e+02,   1.64317492e+02,   6.18046134e+02,   1.97925653e+02, 
              1.66027241e+02,   6.74475833e+02,   7.08896763e+02,   3.77590746e+02,   6.73022569e+02, 
              7.09127873e+02,   3.79847221e+02,   6.72595725e+02,   7.11581507e+02,   3.80681283e+02, 
              6.73345815e+02,   7.13421783e+02,   3.79580719e+02,   6.71466733e+02,   7.11430203e+02, 
              3.82846400e+02,   6.70814754e+02,   7.13868728e+02,   3.83902507e+02,   6.73733405e+02, 
              7.09874110e+02,   3.76049718e+02,   6.74288266e+02,   7.06842777e+02,   3.77322507e+02, 
              6.76400961e+02,   7.09435193e+02,   3.78108734e+02,   6.72668603e+02,   7.14755436e+02, 
              3.84186584e+02,   6.69913381e+02,   7.13504132e+02,   3.85721972e+02,   6.69497775e+02, 
              7.15106112e+02,   3.82687899e+02,   5.85557055e+02,   5.42372785e+01,   3.74635716e+02, 
              5.86921570e+02,   5.48679454e+01,   3.76889197e+02,   5.85833291e+02,   5.44478421e+01, 
              3.79087267e+02,   5.83854079e+02,   5.35660855e+01,   3.79551382e+02,   5.87504308e+02, 
              5.51254636e+01,   3.80793856e+02,   5.86590051e+02,   5.50201827e+01,   3.83410358e+02, 
              5.85612536e+02,   5.58858538e+01,   3.73453710e+02,   5.83588307e+02,   5.37866395e+01, 
              3.74970764e+02,   5.86494491e+02,   5.27347421e+01,   3.73466868e+02,   5.85360961e+02, 
              5.33793395e+01,   3.83544788e+02,   5.85233559e+02,   5.66320603e+01,   3.83698726e+02, 
              5.88321436e+02,   5.51331407e+01,   3.84506437e+02,   4.71779889e+02,   5.35411129e+02, 
              1.04382662e+02,   4.71435915e+02,   5.34286459e+02,   1.01910808e+02,   4.70070768e+02, 
              5.32187364e+02,   1.01878004e+02,   4.69125330e+02,   5.31110519e+02,   1.03716693e+02, 
              4.69602960e+02,   5.31502466e+02,   9.94343806e+01,   4.67803619e+02,   5.29582873e+02, 
              9.87371951e+01,   4.72790657e+02,   5.34042770e+02,   1.05573558e+02,   4.69918628e+02, 
              5.35674310e+02,   1.05097432e+02,   4.72890520e+02,   5.37138715e+02,   1.04146946e+02, 
              4.65986495e+02,   5.30566401e+02,   9.81486431e+01,   4.67451965e+02,   5.28309142e+02, 
              1.00369848e+02,   4.68777149e+02,   5.28432444e+02,   9.72899048e+01,   5.79523084e+01, 
              2.47026069e+02,   3.26506228e+02,   5.67747618e+01,   2.48051641e+02,   3.24334117e+02, 
              5.46083183e+01,   2.46834597e+02,   3.23693590e+02,   5.33132197e+01,   2.45362187e+02, 
              3.24864947e+02,   5.39779021e+01,   2.47581731e+02,   3.21305465e+02,   5.17544249e+01, 
              2.46456810e+02,   3.20350709e+02,   5.75771798e+01,   2.44875207e+02,   3.26489396e+02, 
              5.71546525e+01,   2.47900207e+02,   3.28058661e+02,   5.99407353e+01,   2.47292201e+02, 
              3.26196522e+02,   5.13650883e+01,   2.47446661e+02,   3.18635024e+02,   5.02306105e+01, 
              2.46730722e+02,   3.21702464e+02,   5.20355423e+01,   2.44474436e+02,   3.19915796e+02, 
              1.17657749e+02,   3.47615634e+02,   6.07860642e+02,   1.19085862e+02,   3.45314926e+02, 
              6.07546911e+02,   1.19088661e+02,   3.43948816e+02,   6.09638812e+02,   1.18405240e+02, 
              3.44612477e+02,   6.11688116e+02,   1.20237862e+02,   3.41759688e+02,   6.09160558e+02, 
              1.20259130e+02,   3.39935404e+02,   6.11200992e+02,   1.17673135e+02,   3.48440454e+02, 
              6.06053209e+02,   1.18534983e+02,   3.48875233e+02,   6.09157932e+02,   1.15928250e+02, 
              3.47173043e+02,   6.08540873e+02,   1.20121188e+02,   3.38164978e+02,   6.10288811e+02, 
              1.18654661e+02,   3.40229796e+02,   6.12494617e+02,   1.22171352e+02,   3.40290117e+02, 
              6.12046605e+02,   3.70508753e+01,   5.15394599e+02,   4.12855392e+02,   3.92583946e+01, 
              5.13967017e+02,   4.12709404e+02,   4.14712599e+01,   5.14958325e+02,   4.11981155e+02, 
              4.17589762e+01,   5.17039097e+02,   4.11161798e+02,   4.32101502e+01,   5.13134448e+02, 
              4.12294429e+02,   4.56296482e+01,   5.13887061e+02,   4.11747998e+02,   3.59354293e+01, 
              5.14732840e+02,   4.11260420e+02,   3.73531179e+01,   5.17426185e+02,   4.13028280e+02, 
              3.60668538e+01,   5.14731014e+02,   4.14517676e+02,   4.66862589e+01,   5.12620826e+02, 
              4.13088448e+02,   4.59297199e+01,   5.15736366e+02,   4.12342964e+02,   4.61922593e+01, 
              5.13565742e+02,   4.09840397e+02,   2.08710986e+02,   7.97720118e+01,   6.39973236e+02, 
              2.09249139e+02,   7.80717430e+01,   6.42029773e+02,   2.11005598e+02,   7.89490889e+01, 
              6.43660458e+02,   2.12396804e+02,   8.06709735e+01,   6.43189803e+02,   2.11082770e+02, 
              7.75770773e+01,   6.45767984e+02,   2.12909585e+02,   7.81631500e+01,   6.47702437e+02, 
              2.07395792e+02,   7.87693347e+01,   6.38737628e+02,   2.10319796e+02,   8.05484338e+01, 
              6.38839876e+02,   2.07740384e+02,   8.13466061e+01,   6.40892075e+02,   2.12497576e+02, 
              7.99910475e+01,   6.48615345e+02,   2.14779906e+02,   7.80582636e+01,   6.46903320e+02, 
              2.12672524e+02,   7.67962408e+01,   6.49112081e+02,   8.27426389e+01,   6.60581106e+02, 
              5.09464674e+02,   8.44965971e+01,   6.58833577e+02,   5.10595825e+02,   8.51819473e+01, 
              6.56976184e+02,   5.09082097e+02,   8.46956237e+01,   6.56836604e+02,   5.06808218e+02, 
              8.65560693e+01,   6.55381028e+02,   5.10640029e+02,   8.76773622e+01,   6.53331890e+02, 
              5.09177822e+02,   8.13462142e+01,   6.60703077e+02,   5.10879399e+02,   8.19281462e+01, 
              6.59915876e+02,   5.07676657e+02,   8.36320049e+01,   6.62401700e+02,   5.08988900e+02, 
              8.63543273e+01,   6.52731815e+02,   5.07769144e+02,   8.79530995e+01,   6.51670949e+02, 
              5.10481129e+02,   8.94350148e+01,   6.53974654e+02,   5.08324766e+02,   1.51005906e+01, 
              3.06014654e+02,   6.19850811e+02,   1.32444437e+01,   3.04013749e+02,   6.19711003e+02, 
              1.10392462e+01,   3.04876738e+02,   6.18923431e+02,   1.03393198e+01,   3.07063599e+02, 
              6.18617194e+02,   9.66063685e+00,   3.02816565e+02,   6.18718726e+02,   6.91897613e+00, 
              3.03222948e+02,   6.18766578e+02,   1.43554596e+01,   3.07445068e+02,   6.21138501e+02, 
              1.54789585e+01,   3.06651208e+02,   6.17942616e+02,   1.67074407e+01,   3.05148715e+02, 
              6.20779919e+02,   6.42244703e+00,   3.04991731e+02,   6.17922210e+02,   6.10935694e+00, 
              3.03205266e+02,   6.20667286e+02,   6.09925592e+00,   3.01712659e+02,   6.17611104e+02, 
              5.47250216e+02,   6.98019194e+02,   7.64974381e+02,   5.47975343e+02,   6.96618275e+02, 
              7.62841270e+02,   5.49607299e+02,   6.94624078e+02,   7.63270513e+02,   5.50412616e+02, 
              6.93756227e+02,   7.65130743e+02,   5.49981554e+02,   6.93798716e+02,   7.60793715e+02, 
              5.51357095e+02,   6.91454701e+02,   7.60566778e+02,   5.46731244e+02,   6.96732017e+02, 
              7.66552273e+02,   5.45674491e+02,   6.99112089e+02,   7.64435900e+02,   5.48570575e+02, 
              6.99346029e+02,   7.65777678e+02,   5.52163902e+02,   6.91457504e+02,   7.58592212e+02, 
              5.50150240e+02,   6.89955976e+02,   7.60811593e+02,   5.52985603e+02,   6.91430751e+02, 
              7.61781435e+02,   4.02247255e+01,   1.16857662e+02,   4.52725623e+02,   3.80545006e+01, 
              1.17249430e+02,   4.51128763e+02,   3.73272261e+01,   1.15216124e+02,   4.49743092e+02, 
              3.83207060e+01,   1.13107166e+02,   4.49663034e+02,   3.51668872e+01,   1.15828546e+02, 
              4.48571204e+02,   3.38478731e+01,   1.13831382e+02,   4.47185555e+02,   4.16972663e+01, 
              1.15893047e+02,   4.51594181e+02,   3.96254748e+01,   1.15490107e+02,   4.54311518e+02, 
              4.06687595e+01,   1.18785612e+02,   4.53585719e+02,   3.51502286e+01,   1.13335833e+02, 
              4.45782566e+02,   3.22349034e+01,   1.14983283e+02,   4.46415280e+02,   3.32172948e+01, 
              1.12222783e+02,   4.48305273e+02,   7.64424965e+02,   2.41619920e+02,   1.77809621e+02, 
              7.62781930e+02,   2.39810475e+02,   1.79023824e+02,   7.63819348e+02,   2.37651365e+02, 
              1.79870346e+02,   7.65969180e+02,   2.37042186e+02,   1.79474355e+02,   7.62054944e+02, 
              2.36349285e+02,   1.81145680e+02,   7.63114984e+02,   2.34245616e+02,   1.82464086e+02, 
              7.63207798e+02,   2.43314183e+02,   1.77593541e+02,   7.65063357e+02,   2.40738437e+02, 
              1.76060251e+02,   7.65910925e+02,   2.42234612e+02,   1.78968450e+02,   7.64277766e+02, 
              2.34932093e+02,   1.84092233e+02,   7.64179292e+02,   2.33228519e+02,   1.81119305e+02, 
              7.61560655e+02,   2.33099092e+02,   1.82922247e+02,   3.55982212e+02,   2.61592252e+02, 
              4.09328835e+02,   3.54625033e+02,   2.59327954e+02,   4.08716721e+02,   3.55233586e+02, 
              2.58119264e+02,   4.06647599e+02,   3.53805525e+02,   2.56793197e+02,   4.05489598e+02, 
              3.57534554e+02,   2.58373974e+02,   4.05503775e+02,   3.59661008e+02,   2.58601402e+02, 
              4.07120381e+02,   3.54610369e+02,   2.63111761e+02,   4.09740349e+02,   3.57048769e+02, 
              2.62254032e+02,   4.07790466e+02,   3.57137232e+02,   2.61350831e+02,   4.10948160e+02, 
              3.59316744e+02,   2.59715112e+02,   4.08808630e+02,   3.61206115e+02,   2.59367685e+02, 
              4.05975204e+02,   3.60401393e+02,   2.56706245e+02,   4.07733843e+02,   6.04616349e+02, 
              3.43596622e+02,   3.08662821e+02,   6.02290955e+02,   3.42063541e+02,   3.08348202e+02, 
              6.00168915e+02,   3.43408017e+02,   3.08685036e+02,   6.00044149e+02,   3.45701905e+02, 
              3.08540648e+02,   5.98276038e+02,   3.41876066e+02,   3.09174495e+02,   5.95801425e+02, 
              3.42984426e+02,   3.09435500e+02,   6.04627321e+02,   3.44114161e+02,   3.10704057e+02, 
              6.04640014e+02,   3.45293602e+02,   3.07424282e+02,   6.05917414e+02,   3.42322674e+02, 
              3.07954238e+02,   5.95546683e+02,   3.43924531e+02,   3.11248118e+02,   5.94461920e+02, 
              3.41483749e+02,   3.09021891e+02,   5.95754219e+02,   3.44511045e+02,   3.08116162e+02, 
              1.89790444e+02,   3.24667868e+02,   3.41173084e+02,   1.66019253e+02,   5.26468155e+02, 
              1.72560592e+02,   1.89732127e+02,   4.20803386e+02,   2.34328409e+02,   1.46596602e+02, 
              3.09001215e+02,   1.95800785e+02,   2.52838260e+02,   4.26989380e+02,   2.61939628e+02, 
              2.68709795e+02,   4.38953050e+02,   2.65521516e+02,   6.54953032e+02,   2.97108716e+03, 
             -1.86932354e+02,   1.71850943e+02,   3.62898813e+02,   3.38409397e+02,  -1.03663208e+02, 
              6.48094109e+02,   4.94095031e+02,   2.69277299e+02,   4.29412061e+02,   2.75736469e+02, 
              2.70007479e+02,   4.27211921e+02,   2.74043831e+02,   2.73682079e+02,   4.40508525e+02, 
              2.46856743e+02,   2.75749099e+02,   1.80017570e+02,   1.05057675e+02,   2.76375698e+02, 
              1.79676708e+02,   1.07649442e+02,   2.62226119e+02,   1.75229427e+02,   7.95441826e+01, 
              2.89617720e+02,   1.73034221e+02,  -9.65242671e+00,   2.67435538e+02,   1.55736949e+02, 
              1.90405317e+01,   2.71751351e+02,   1.41125047e+02,   3.40480657e+01,   2.73705541e+02, 
              1.80463622e+02,   1.05005634e+02,   2.76095456e+02,   1.78154244e+02,   1.04076226e+02, 
              2.76712600e+02,   1.81720181e+02,   1.04383680e+02,   7.44313541e+01,  -2.98748212e+02, 
              8.79506873e+01,   6.77223065e+03,   1.21248699e+03,  -5.72578622e+03,   3.82420215e+02, 
             -1.79985837e+02,  -1.38791635e+02,   7.42318797e+02,   6.33014374e+02,   3.47493560e+01, 
              7.43769270e+02,   6.31255352e+02,   3.63497297e+01,   7.46165527e+02,   6.32085657e+02, 
              3.66933908e+01,   7.47106203e+02,   6.33919861e+02,   3.56861281e+01,   7.47320123e+02, 
              6.30506861e+02,   3.84397314e+01,   7.49849783e+02,   6.31183196e+02,   3.91206211e+01, 
              7.42289291e+02,   6.34828545e+02,   3.56841536e+01,   7.40407631e+02,   6.32205452e+02, 
              3.45571457e+01,   7.43394228e+02,   6.33313945e+02,   3.30207929e+01,   7.49674299e+02, 
              6.32164521e+02,   4.09321543e+01,   7.50840260e+02,   6.32257364e+02,   3.76673061e+01, 
              7.50968441e+02,   6.29474751e+02,   3.93227905e+01,   3.90489887e+02,   1.31821269e+02, 
              5.62750168e+02,   3.91346742e+02,   1.30020705e+02,   5.64598730e+02,   3.93792150e+02, 
              1.29863123e+02,   5.64895056e+02,   3.95285136e+02,   1.30951966e+02,   5.63567205e+02, 
              3.94363675e+02,   1.28405389e+02,   5.66848550e+02,   3.96898233e+02,   1.28545862e+02, 
              5.67828883e+02,   3.91850523e+02,   1.33206398e+02,   5.61979132e+02,   3.88816353e+02, 
              1.32798528e+02,   5.63543209e+02,   3.89928597e+02,   1.30729540e+02,   5.61095943e+02, 
              3.98233623e+02,   1.28287917e+02,   5.66300325e+02,   3.97255064e+02,   1.27105274e+02, 
              5.69238803e+02,   3.97430562e+02,   1.30450781e+02,   5.68501678e+02,   1.11836291e+02, 
              6.69303069e+02,   5.39042036e+01,   1.12011622e+02,   6.71953894e+02,   5.21632164e+01, 
              1.11614531e+02,   6.63956526e+02,   5.54466611e+01,   1.29851011e+02,   6.59383710e+02, 
              5.43544302e+01,   1.04022227e+02,   6.63097539e+02,   5.89723371e+01,   1.07237293e+02, 
              6.62988691e+02,   5.94774034e+01,   1.11729367e+02,   6.67464058e+02,   5.28997562e+01, 
              1.10077705e+02,   6.69096447e+02,   5.50374975e+01,   1.13282903e+02,   6.69108357e+02, 
              5.53786304e+01,   1.07753090e+02,   6.64193161e+02,   6.10415713e+01,   1.08330177e+02, 
              6.63789757e+02,   5.78905774e+01,   1.07841700e+02,   6.60973643e+02,   5.97354930e+01, 
              2.07041037e+02,   3.55373944e+02,   5.16751056e+02,   2.06699311e+02,   3.52749183e+02, 
              5.17557035e+02,   2.05800973e+02,   3.51183941e+02,   5.15799308e+02,   2.05712356e+02, 
              3.51550523e+02,   5.13590966e+02,   2.05531939e+02,   3.48910781e+02,   5.16991995e+02, 
              2.04587338e+02,   3.46948587e+02,   5.15451032e+02,   2.06966043e+02,   3.55384002e+02, 
              5.14695108e+02,   2.08885988e+02,   3.56019373e+02,   5.17180163e+02,   2.05258126e+02, 
              3.56395175e+02,   5.17400568e+02,   2.05592813e+02,   3.45094171e+02,   5.15703003e+02, 
              2.04545815e+02,   3.47353320e+02,   5.13447175e+02,   2.02634881e+02,   3.46755886e+02, 
              5.16272999e+02,   6.55839928e+02,   4.46766301e+02,   5.18913797e+02,   6.53992736e+02, 
              4.46566377e+02,   5.16826945e+02,   6.51871017e+02,   4.47943785e+02,   5.17116455e+02, 
              6.51326900e+02,   4.49341067e+02,   5.18864896e+02,   6.50390962e+02,   4.47493137e+02, 
              5.15084603e+02,   6.47869103e+02,   4.48625202e+02,   5.15486511e+02,   6.57627683e+02, 
              4.46062892e+02,   5.18399783e+02,   6.55263450e+02,   4.45725363e+02,   5.20468661e+02, 
              6.56206930e+02,   4.48797688e+02,   5.19241574e+02,   6.47262251e+02,   4.49069304e+02, 
              5.13589232e+02,   6.47979723e+02,   4.50121341e+02,   5.16958130e+02,   6.46657877e+02, 
              4.47159189e+02,   5.16114272e+02,   9.20452966e+01,   1.33587174e+02,   2.58061886e+02, 
              9.10571357e+01,   1.31109065e+02,   2.58705733e+02,   8.86046871e+01,   1.30752268e+02, 
              2.58940965e+02,   8.68951468e+01,   1.32319808e+02,   2.58704303e+02,   8.81808850e+01, 
              1.28411276e+02,   2.59596708e+02,   8.56148050e+01,   1.27807218e+02,   2.60105377e+02, 
              9.29318021e+01,   1.33185954e+02,   2.56317225e+02,   9.31697356e+01,   1.34301486e+02, 
              2.59612826e+02,   9.05571138e+01,   1.35003709e+02,   2.57747240e+02,   8.49887725e+01, 
              1.28843064e+02,   2.61825256e+02,   8.54923080e+01,   1.25750073e+02,   2.60353665e+02, 
              8.43689714e+01,   1.28416343e+02,   2.58565634e+02,   3.58767924e+02,   2.79018381e+02, 
              7.84650307e+02,   3.60391440e+02,   2.79697840e+02,   7.82186239e+02,   3.58442857e+02, 
              2.81463645e+02,   7.90285353e+02,   3.56617141e+02,   2.81553448e+02,   7.70890314e+02, 
              3.60837628e+02,   2.78662195e+02,   7.95311049e+02,   3.61775583e+02,   2.80786080e+02, 
              7.93540583e+02,   3.56756639e+02,   2.79183143e+02,   7.84266088e+02,   3.58832687e+02, 
              2.80219795e+02,   7.86401915e+02,   3.59064514e+02,   2.77101580e+02,   7.85355283e+02, 
              3.63610924e+02,   2.81261430e+02,   7.94416776e+02,   3.60692177e+02,   2.82582912e+02, 
              7.93780336e+02,   3.62199579e+02,   2.80193538e+02,   7.91589994e+02,   4.99463384e+02, 
              4.54391412e+02,   6.53207844e+02,   5.01473477e+02,   4.52695622e+02,   6.52955215e+02, 
              5.03077525e+02,   4.53410881e+02,   6.51136859e+02,   5.02892931e+02,   4.55225614e+02, 
              6.49725322e+02,   5.04997286e+02,   4.51772563e+02,   6.51381950e+02,   5.07355061e+02, 
              4.52513924e+02,   6.50042423e+02,   4.98053072e+02,   4.54255004e+02,   6.51757741e+02, 
              5.00170239e+02,   4.56331917e+02,   6.53334077e+02,   4.98654403e+02,   4.53747627e+02, 
              6.55026777e+02,   5.07089513e+02,   4.52746597e+02,   6.48015772e+02,   5.08744399e+02, 
              4.51043552e+02,   6.50374851e+02,   5.07927662e+02,   4.54293449e+02,   6.50826605e+02, 
              6.97883413e+02,   7.22202548e+02,   2.43773267e+02,   6.97922590e+02,   7.24426818e+02, 
              2.42192201e+02,   6.95786843e+02,   7.26004039e+02,   2.42321890e+02,   6.93909434e+02, 
              7.25596294e+02,   2.43417579e+02,   6.96209561e+02,   7.28031913e+02,   2.40810362e+02, 
              6.94177582e+02,   7.30022364e+02,   2.40720558e+02,   6.98721188e+02,   7.22491871e+02, 
              2.45690858e+02,   6.99212317e+02,   7.21123341e+02,   2.42899232e+02,   6.96058569e+02, 
              7.21298326e+02,   2.43786231e+02,   6.92888738e+02,   7.29354061e+02,   2.39281497e+02, 
              6.95135520e+02,   7.31618989e+02,   2.40122066e+02,   6.93168907e+02,   7.29961226e+02, 
              2.42562175e+02,   7.91118838e+02,   6.35457476e+02,   1.66291907e+02,   7.93462473e+02, 
              6.36767625e+02,   1.66594841e+02,   7.93841236e+02,   6.38798030e+02,   1.65119364e+02, 
              7.92641724e+02,   6.39507289e+02,   1.63265054e+02,   7.96029054e+02,   6.40002917e+02, 
              1.66029609e+02,   7.96812194e+02,   6.42374015e+02,   1.64879827e+02,   7.90784825e+02, 
              6.34665484e+02,   1.64497262e+02,   7.89429061e+02,   6.36618758e+02,   1.66765432e+02, 
              7.90998983e+02,   6.33903282e+02,   1.67641755e+02,   7.98701101e+02,   6.42929075e+02, 
              1.65505332e+02,   7.95730873e+02,   6.43921619e+02,   1.65512114e+02,   7.96934681e+02, 
              6.42186735e+02,   1.62851579e+02,   3.77404420e+02,   7.10367951e+02,   7.55320676e+02, 
              3.76304163e+02,   7.12726033e+02,   7.56037790e+02,   3.77740995e+02,   7.14786851e+02, 
              7.55624054e+02,   3.79832587e+02,   7.14804542e+02,   7.54646371e+02,   3.76419396e+02, 
              7.16720909e+02,   7.56502304e+02,   3.77094136e+02,   7.19218480e+02,   7.55566893e+02, 
              3.78451431e+02,   7.10594796e+02,   7.53574996e+02,   3.75901593e+02,   7.09013249e+02, 
              7.55390846e+02,   3.78755582e+02,   7.10010129e+02,   7.56808315e+02,   3.77491020e+02, 
              7.19408521e+02,   7.53541958e+02,   3.78775881e+02,   7.19889269e+02,   7.56628395e+02, 
              3.75572350e+02,   7.20481358e+02,   7.56136922e+02,   5.48724666e+02,   1.76150714e+02, 
              6.03337531e+02,   5.47784416e+02,   1.73494130e+02,   6.03130454e+02,   5.45867448e+02, 
              1.72941604e+02,   6.04668413e+02,   5.44891102e+02,   1.74149595e+02,   6.06393910e+02, 
              5.45318829e+02,   1.70538447e+02,   6.04147959e+02,   5.43677793e+02,   1.69114605e+02, 
              6.05649964e+02,   5.50523897e+02,   1.75972723e+02,   6.04141111e+02,   5.47618492e+02, 
              1.77348279e+02,   6.04502495e+02,   5.48820287e+02,   1.76827236e+02,   6.01421716e+02, 
              5.44141297e+02,   1.69099622e+02,   6.07667441e+02,   5.43830777e+02,   1.67291337e+02, 
              6.04851026e+02,   5.41665115e+02,   1.69638510e+02,   6.05642881e+02,   3.10907871e+02, 
              7.41045243e+02,   5.31791239e+02,   3.05850774e+02,   7.43711109e+02,   5.34086856e+02, 
              3.06257128e+02,   7.40796267e+02,   5.24724206e+02,   3.28651988e+02,   7.44565166e+02, 
              5.31900973e+02,   2.96923303e+02,   7.27572510e+02,   5.34722922e+02,   3.32061452e+02, 
              7.79524436e+02,   5.36807692e+02,   3.57005711e+02,   8.74936027e+02,   3.24421808e+02, 
              3.66571851e+02,   8.35270567e+02,   5.48099906e+02,   4.42571249e+02,   8.17973413e+02, 
              6.52924602e+02,   3.83420298e+02,   6.65298945e+02,   5.93279099e+02,   3.11086389e+02, 
              5.52656824e+02,   6.41886468e+02,  -2.28764402e+01,   6.73502324e+02,   8.21690565e+02, 
              7.72663467e+02,   8.01351021e+02,   6.65070082e+02,   7.71539802e+02,   8.03086330e+02, 
              6.63185013e+02,   7.71446619e+02,   8.05471564e+02,   6.63814526e+02,   7.72658746e+02, 
              8.06408528e+02,   6.65457006e+02,   7.69950982e+02,   8.06733235e+02,   6.62259215e+02, 
              7.69996212e+02,   8.09415233e+02,   6.62351940e+02,   7.74716173e+02,   8.01448530e+02, 
              6.65031171e+02,   7.72027744e+02,   7.99500897e+02,   6.64611921e+02,   7.71998506e+02, 
              8.01754408e+02,   6.66982801e+02,   7.68454940e+02,   8.10134665e+02,   6.61218724e+02, 
              7.71818012e+02,   8.10154491e+02,   6.61813515e+02,   7.69630059e+02,   8.09912971e+02, 
              6.64250136e+02,  -1.00638952e+01,   5.38788961e+02,   7.13809480e+02,  -1.06934170e+01, 
              5.36081802e+02,   7.14368476e+02,  -1.31238727e+01,   5.35407713e+02,   7.14277644e+02, 
             -1.47447106e+01,   5.36677154e+02,   7.13460414e+02,  -1.32714358e+01,   5.33068064e+02, 
              7.15372816e+02,  -1.56657004e+01,   5.31818060e+02,   7.15068233e+02,  -8.06505368e+00, 
              5.39015398e+02,   7.13170653e+02,  -1.01333654e+01,   5.39929374e+02,   7.15559646e+02, 
             -1.13870064e+01,   5.39467647e+02,   7.12404237e+02,  -1.63498718e+01,   5.32024286e+02, 
              7.13130202e+02,  -1.71692021e+01,   5.32728728e+02,   7.16190322e+02,  -1.53996813e+01, 
              5.29968312e+02,   7.15963254e+02,   4.81873388e+02,   7.69015816e+02,   3.96295967e+02, 
              4.84471628e+02,   7.69435222e+02,   3.96728052e+02,   4.85086604e+02,   7.71762503e+02, 
              3.97476694e+02,   4.83773387e+02,   7.73589739e+02,   3.97462077e+02,   4.87448435e+02, 
              7.71689372e+02,   3.98336688e+02,   4.88652482e+02,   7.74105022e+02,   3.98404866e+02, 
              4.81432168e+02,   7.67035817e+02,   3.96652732e+02,   4.81423515e+02,   7.69473849e+02, 
              3.94282022e+02,   4.80592700e+02,   7.70214050e+02,   3.97523054e+02,   4.89331093e+02, 
              7.74659795e+02,   3.96611829e+02,   4.90144429e+02,   7.73710947e+02,   3.99710061e+02, 
              4.87563678e+02,   7.75657309e+02,   3.99224207e+02,   4.81816343e+01,   7.59113018e+01, 
              1.46803171e+02,   4.65017560e+01,   7.46361494e+01,   1.48494067e+02,   4.51248097e+01, 
              7.62178435e+01,   1.49947577e+02,   4.51265537e+01,   7.84602693e+01,   1.49807288e+02, 
              4.38769851e+01,   7.47196381e+01,   1.51457931e+02,   4.17882426e+01,   7.57800266e+01, 
              1.52784614e+02,   4.69727671e+01,   7.68981343e+01,   1.45328522e+02,   4.91607011e+01, 
              7.44381197e+01,   1.45906869e+02,   4.95241977e+01,   7.71778299e+01,   1.47761388e+02, 
              4.00641350e+01,   7.49859881e+01,   1.52282446e+02,   4.15559863e+01,   7.77474994e+01, 
              1.52180422e+02,   4.22438772e+01,   7.54891130e+01,   1.54830821e+02,   4.60452567e+02, 
              6.69599688e+02,   5.11259288e+02,   4.59915782e+02,   6.69076129e+02,   5.13834533e+02, 
              4.57759997e+02,   6.67730412e+02,   5.14425836e+02,   4.56077886e+02,   6.66976131e+02, 
              5.13076933e+02,   4.57880350e+02,   6.67261951e+02,   5.16845066e+02,   4.56055605e+02, 
              6.65583882e+02,   5.17934187e+02,   4.58924390e+02,   6.70224333e+02,   5.10102029e+02, 
              4.61059330e+02,   6.67824213e+02,   5.10375014e+02,   4.61958912e+02,   6.71023234e+02, 
              5.11294270e+02,   4.55741493e+02,   6.66220794e+02,   5.19839824e+02,   4.56465652e+02, 
              6.63549729e+02,   5.17894682e+02,   4.54313315e+02,   6.65966512e+02,   5.16871720e+02, 
              9.75897983e+01,   3.37572314e+02,   3.35472139e+02,   9.67043787e+01,   3.38183714e+02, 
              3.38042773e+02,   9.45605231e+01,   3.37135613e+02,   3.38800438e+02,   9.28518003e+01, 
              3.36480686e+02,   3.37387951e+02,   9.45891436e+01,   3.36920943e+02,   3.41354587e+02, 
              9.21573322e+01,   3.36419922e+02,   3.42424804e+02,   9.58816320e+01,   3.37556755e+02, 
              3.34346238e+02,   9.84382673e+01,   3.35689332e+02,   3.35593777e+02,   9.89046994e+01, 
              3.39100427e+02,   3.34934949e+02,   9.22713219e+01,   3.36704029e+02,   3.44424092e+02, 
              9.15314144e+01,   3.34493370e+02,   3.42104105e+02,   9.06253295e+01,   3.37575555e+02, 
              3.41546765e+02,   1.38943758e+02,   5.69536071e+02,   4.34588252e+02,   1.40039134e+02, 
              5.68212025e+02,   4.32552683e+02,   1.39050079e+02,   5.68431818e+02,   4.30283199e+02, 
              1.37206587e+02,   5.69616487e+02,   4.29753990e+02,   1.40394809e+02,   5.67044970e+02, 
              4.28812713e+02,   1.39944785e+02,   5.67137325e+02,   4.26120850e+02,   1.40530585e+02, 
              5.70297202e+02,   4.35545557e+02,   1.37944783e+02,   5.68394424e+02,   4.35886912e+02, 
              1.37647235e+02,   5.71086732e+02,   4.33980764e+02,   1.40675048e+02,   5.68926158e+02, 
              4.25471310e+02,   1.37991325e+02,   5.66819167e+02,   4.25705236e+02,   1.40993797e+02, 
              5.65529733e+02,   4.25331355e+02,   4.95949925e+02,   5.10090218e+02,   2.74324749e+02, 
              4.95824820e+02,   5.07661817e+02,   2.75294936e+02,   4.97773520e+02,   5.06614794e+02, 
              2.76574359e+02,   4.99413112e+02,   5.07759912e+02,   2.77761981e+02,   4.97555887e+02, 
              5.04062621e+02,   2.76271586e+02,   4.99209914e+02,   5.02524877e+02,   2.77923325e+02, 
              4.96637837e+02,   5.11460847e+02,   2.75761437e+02,   4.94047474e+02,   5.10540419e+02, 
              2.73898393e+02,   4.96968876e+02,   5.10279803e+02,   2.72636228e+02,   4.99087675e+02, 
              5.00683348e+02,   2.77149381e+02,   4.98634090e+02,   5.02502919e+02,   2.79886632e+02, 
              5.01148756e+02,   5.02903588e+02,   2.77716428e+02,   4.33310179e+02,   2.86309273e+01, 
              1.31916426e+02,   4.30675913e+02,   2.79534588e+01,   1.32100651e+02,   4.30043858e+02, 
              2.63009341e+01,   1.33986538e+02,   4.31510533e+02,   2.49342743e+01,   1.35119119e+02, 
              4.27443585e+02,   2.62625904e+01,   1.34140448e+02,   4.26479045e+02,   2.46189423e+01, 
              1.36096277e+02,   4.33235130e+02,   2.98417379e+01,   1.30231665e+02,   4.34522782e+02, 
              2.70604724e+01,   1.31667977e+02,   4.33880336e+02,   2.98594243e+01,   1.33493883e+02, 
              4.27421975e+02,   2.49353912e+01,   1.37862620e+02,   4.26655597e+02,   2.27043483e+01, 
              1.35477488e+02,   4.24506939e+02,   2.52561555e+01,   1.36065429e+02,   3.47908778e+02, 
              4.44663571e+02,   2.83335574e+02,   3.46953180e+02,   4.44585937e+02,   2.85844197e+02, 
              3.45732630e+02,   4.42591045e+02,   2.86591561e+02,   3.44896211e+02,   4.40887193e+02, 
              2.85208666e+02,   3.45645987e+02,   4.42806700e+02,   2.89113644e+02,   3.44733351e+02, 
              4.40529487e+02,   2.90367452e+02,   3.49967569e+02,   4.43966111e+02,   2.83502524e+02, 
              3.48043056e+02,   4.46637052e+02,   2.82828621e+02,   3.46989245e+02,   4.43372328e+02, 
              2.82261047e+02,   3.44105700e+02,   4.39231309e+02,   2.88955863e+02,   3.43127915e+02, 
              4.40927533e+02,   2.91534361e+02,   3.46247103e+02,   4.39827506e+02,   2.91535192e+02, 
              7.48260963e+02,   1.64228545e+02,   5.77282530e+02,   7.50299572e+02,   1.63706613e+02, 
              5.79034399e+02,   7.51155320e+02,   1.61361598e+02,   5.79247679e+02,   7.50770199e+02, 
              1.59646275e+02,   5.77756381e+02,   7.52282892e+02,   1.61197122e+02,   5.81429140e+02, 
              7.53139659e+02,   1.58769665e+02,   5.82221259e+02,   7.48887750e+02,   1.64447623e+02, 
              5.75311354e+02,   7.47590941e+02,   1.66032533e+02,   5.77823803e+02,   7.46847442e+02, 
              1.62732682e+02,   5.77581877e+02,   7.53485759e+02,   1.58894075e+02,   5.84202999e+02, 
              7.55042777e+02,   1.58465702e+02,   5.81269806e+02,   7.51879147e+02,   1.57338048e+02, 
              5.81532249e+02,   7.27841872e+02,   3.44589947e+02,   5.48944929e+02,   7.29621078e+02, 
              3.45438093e+02,   5.47108536e+02,   7.30045463e+02,   3.43637883e+02,   5.45288338e+02, 
              7.29024827e+02,   3.41661620e+02,   5.44991236e+02,   7.31819342e+02,   3.44697673e+02, 
              5.43874427e+02,   7.32491765e+02,   3.43435979e+02,   5.41564127e+02,   7.27578169e+02, 
              3.46179647e+02,   5.50210736e+02,   7.28575682e+02,   3.43128427e+02,   5.49996171e+02, 
              7.25992878e+02,   3.43995426e+02,   5.48262293e+02,   7.33955293e+02,   3.41961175e+02, 
              5.41853501e+02,   7.33210334e+02,   3.44822613e+02,   5.40189800e+02,   7.30706627e+02, 
              3.42562316e+02,   5.40883655e+02,   5.62618042e+02,   5.93372469e+02,   5.77099654e+02, 
              5.61563561e+02,   5.90885117e+02,   5.76778500e+02,   5.62639989e+02,   5.88943626e+02, 
              5.77852186e+02,   5.64284115e+02,   5.88997448e+02,   5.79455808e+02,   5.61747876e+02, 
              5.86862259e+02,   5.76813274e+02,   5.62729973e+02,   5.84573887e+02,   5.77803852e+02, 
              5.64705903e+02,   5.93221278e+02,   5.76831746e+02,   5.61961451e+02,   5.93944757e+02, 
              5.79008395e+02,   5.61635836e+02,   5.94492265e+02,   5.75773288e+02,   5.61847251e+02, 
              5.84333595e+02,   5.79730753e+02,   5.64790679e+02,   5.84848892e+02,   5.78073441e+02, 
              5.61977470e+02,   5.83090934e+02,   5.76533030e+02,   8.79446746e+01,   6.23986581e+01, 
              5.79391235e+02,   8.98872241e+01,   6.28343705e+01,   5.81256803e+02,   9.01706236e+01, 
              6.51658904e+01,   5.82235544e+02,   8.90223278e+01,   6.69793192e+01,   5.81479286e+02, 
              9.20521943e+01,   6.52406884e+01,   5.83899655e+02,   9.28289738e+01,   6.78948048e+01, 
              5.84309522e+02,   8.61458539e+01,   6.31148691e+01,   5.79844305e+02,   8.79090176e+01, 
              6.04086744e+01,   5.78965550e+02,   8.85854074e+01,   6.33506851e+01,   5.77703312e+02, 
              9.17703956e+01,   6.85833741e+01,   5.85984929e+02,   9.25446594e+01,   6.89784234e+01, 
              5.82565877e+02,   9.47158378e+01,   6.78647108e+01,   5.84898224e+02,   1.31520509e+02, 
              1.64304695e+02,   1.87789774e+01,   1.30753811e+02,   1.62914657e+02,   2.08991452e+01, 
              1.28384327e+02,   1.63421674e+02,   2.16408313e+01,   1.26675849e+02,   1.64619201e+02, 
              2.06759310e+01,   1.28354192e+02,   1.62351059e+02,   2.39830846e+01,   1.26013500e+02, 
              1.62542132e+02,   2.53372571e+01,   1.30684278e+02,   1.63219851e+02,   1.71582697e+01, 
              1.33490035e+02,   1.64572511e+02,   1.86053221e+01,   1.30416043e+02,   1.66043234e+02, 
              1.88933761e+01,   1.26473474e+02,   1.61787709e+02,   2.72041165e+01,   1.24591427e+02, 
              1.61236185e+02,   2.44161346e+01,   1.25426429e+02,   1.64635979e+02,   2.53371095e+01, 
              6.93847670e+02,   2.48078269e+02,   6.57722057e+02,   6.95466046e+02,   2.48623925e+02, 
              6.55631644e+02,   6.98000917e+02,   2.48431076e+02,   6.56153159e+02,   6.98867494e+02, 
              2.47891947e+02,   6.58239950e+02,   6.99280029e+02,   2.49026779e+02,   6.54064717e+02, 
              7.01983819e+02,   2.48960776e+02,   6.54407681e+02,   6.91938728e+02,   2.48695640e+02, 
              6.57077022e+02,   6.94477631e+02,   2.49181535e+02,   6.59312250e+02,   6.93985566e+02, 
              2.46034957e+02,   6.58050558e+02,   7.02605995e+02,   2.50658272e+02,   6.53535412e+02, 
              7.02832990e+02,   2.47374710e+02,   6.53479140e+02,   7.02544759e+02,   2.49029697e+02, 
              6.56410845e+02,   8.29064486e+01,   1.90981099e+02,   5.15962819e+02,   8.08999476e+01, 
              1.91522718e+02,   5.14169682e+02,   7.94890650e+01,   1.93598168e+02,   5.14551139e+02, 
              8.00474588e+01,   1.95386112e+02,   5.15921793e+02,   7.76269887e+01,   1.93600302e+02, 
              5.12809397e+02,   7.58441631e+01,   1.95720394e+02,   5.13360342e+02,   8.47373020e+01, 
              1.91797767e+02,   5.15364691e+02,   8.30417538e+01,   1.88858232e+02,   5.15893011e+02, 
              8.23592673e+01,   1.91787842e+02,   5.17781357e+02,   7.45389012e+01,   1.95741251e+02, 
              5.11703552e+02,   7.68103399e+01,   1.97489600e+02,   5.13604642e+02,   7.49746995e+01, 
              1.95384877e+02,   5.15248745e+02,   5.28777302e+02,   4.13520217e+01,   3.03131202e+01, 
              5.28389535e+02,   4.24618382e+01,   3.26338021e+01,   5.27503028e+02,   4.10339700e+01, 
              3.44432407e+01,   5.26950442e+02,   3.88406282e+01,   3.42825522e+01,   5.27506369e+02, 
              4.24823436e+01,   3.65105376e+01,   5.26595436e+02,   4.13959638e+01,   3.88523511e+01, 
              5.27295066e+02,   4.00409622e+01,   2.97628511e+01,   5.30483957e+02,   4.02415879e+01, 
              3.03893955e+01,   5.28889356e+02,   4.28588575e+01,   2.89454358e+01,   5.26894563e+02, 
              4.28016052e+01,   4.02587860e+01,   5.27388100e+02,   3.95070771e+01,   3.93856757e+01, 
              5.24593859e+02,   4.11430324e+01,   3.84550921e+01,   3.96408127e+02,   6.81627271e+02, 
              2.39586245e+02,   3.94238833e+02,   6.82896339e+02,   2.38703826e+02,   3.92867239e+02, 
              6.81476590e+02,   2.37003771e+02,   3.93025653e+02,   6.79199427e+02,   2.36835993e+02, 
              3.91292559e+02,   6.83135437e+02,   2.35837886e+02,   3.89122691e+02,   6.82170804e+02, 
              2.34442724e+02,   3.97046832e+02,   6.82969754e+02,   2.41007344e+02,   3.97851450e+02, 
              6.81406294e+02,   2.38099807e+02,   3.96021997e+02,   6.79856995e+02,   2.40442169e+02, 
              3.89284444e+02,   6.82546595e+02,   2.32447539e+02,   3.87449073e+02,   6.83108796e+02, 
              2.35058470e+02,   3.88969671e+02,   6.80254391e+02,   2.34760169e+02,   2.46557182e+02, 
              5.16117301e+02,   5.94550417e+01,   2.45804039e+02,   5.17671831e+02,   6.15298292e+01, 
              2.45602751e+02,   5.16596428e+02,   6.38154188e+01,   2.46264185e+02,   5.14476579e+02, 
              6.43284964e+01,   2.44695711e+02,   5.18434005e+02,   6.53018667e+01,   2.44067289e+02, 
              5.17733631e+02,   6.78782892e+01,   2.47824891e+02,   5.17193010e+02,   5.83158020e+01, 
              2.44822135e+02,   5.15469022e+02,   5.84010142e+01,   2.47529555e+02,   5.14391533e+02, 
              6.00064793e+01,   2.44761603e+02,   5.19079556e+02,   6.91724233e+01,   2.44557839e+02, 
              5.15780084e+02,   6.81880839e+01,   2.41980686e+02,   5.17896461e+02,   6.79646269e+01, 
              4.72819117e+02,   3.91456660e+02,   5.76096165e+02,   4.74073125e+02,   3.92204390e+02, 
              5.78893499e+02,   4.67683082e+02,   3.92246062e+02,   5.75927301e+02,   4.56391004e+02, 
              3.93146143e+02,   5.72407743e+02,   4.71643880e+02,   3.98464042e+02,   5.79562230e+02, 
              4.70161927e+02,   3.95849569e+02,   5.79461090e+02,   4.73863053e+02,   3.92548107e+02, 
              5.74669837e+02,   4.70750609e+02,   3.91887982e+02,   5.75981758e+02,   4.73155225e+02, 
              3.89407735e+02,   5.75501696e+02,   4.71487370e+02,   3.94494803e+02,   5.80270960e+02, 
              4.69423424e+02,   3.95208151e+02,   5.77539609e+02,   4.68562633e+02,   3.95712333e+02, 
              5.80720558e+02,   5.75668736e+02,   5.86775672e+02,   7.35164246e+02,   5.77180020e+02, 
              5.88768207e+02,   7.36228643e+02,   5.78833023e+02,   5.89831973e+02,   7.34529966e+02, 
              5.79158488e+02,   5.89229490e+02,   7.32353371e+02,   5.79993633e+02,   5.91645517e+02, 
              7.35784552e+02,   5.81736376e+02,   5.93045100e+02,   7.34188692e+02,   5.74248166e+02, 
              5.87350435e+02,   7.33742119e+02,   5.74689935e+02,   5.86120935e+02,   7.36860271e+02, 
              5.76786516e+02,   5.85274530e+02,   7.34414687e+02,   5.80638433e+02,   5.94181667e+02, 
              7.32900543e+02,   5.83026095e+02,   5.91794870e+02,   7.33294430e+02,   5.82855202e+02, 
              5.94174311e+02,   7.35540048e+02,   6.37715640e+02,   2.03415841e+02,   3.76526574e+02, 
              6.38053191e+02,   2.02364950e+02,   3.78979521e+02,   6.40452900e+02,   2.01626708e+02, 
              3.79594212e+02,   6.42266319e+02,   2.02109889e+02,   3.78378667e+02,   6.40367720e+02, 
              2.00291844e+02,   3.81763969e+02,   6.42643351e+02,   1.99468472e+02,   3.82901945e+02, 
              6.35622008e+02,   2.02861677e+02,   3.76118589e+02,   6.38743442e+02,   2.02351294e+02, 
              3.75098155e+02,   6.37791713e+02,   2.05489049e+02,   3.76606819e+02,   6.42409047e+02, 
              1.97741480e+02,   3.84029415e+02,   6.43336959e+02,   2.01035292e+02,   3.83977735e+02, 
              6.44088999e+02,   1.99072834e+02,   3.81384283e+02,   3.55665598e+02,   5.74028488e+02, 
              2.36827366e+01,   3.58441813e+02,   5.74173664e+02,   2.38614101e+01,   3.59568821e+02, 
              5.76340331e+02,   2.32779030e+01,   3.58571067e+02,   5.78275182e+02,   2.26149456e+01, 
              3.61956352e+02,   5.76110763e+02,   2.37928194e+01,   3.63396148e+02,   5.78291851e+02, 
              2.31588915e+01,   3.54834131e+02,   5.75716612e+02,   2.43597217e+01,   3.55239316e+02, 
              5.72473511e+02,   2.50337470e+01,   3.55237215e+02,   5.73390280e+02,   2.17975814e+01, 
              3.62734627e+02,   5.80216506e+02,   2.37478884e+01,   3.63479846e+02,   5.78473380e+02, 
              2.10111080e+01,   3.65310292e+02,   5.77794972e+02,   2.38051058e+01,   5.91382746e+02, 
              3.61128807e+01,   2.31499013e+02,   5.91435380e+02,   3.56862712e+01,   2.28727638e+02, 
              5.89096749e+02,   3.56219496e+01,   2.27706646e+02,   5.87136522e+02,   3.58687180e+01, 
              2.28854030e+02,   5.89307133e+02,   3.52247764e+01,   2.25185963e+02,   5.87077389e+02, 
              3.49408095e+01,   2.23693306e+02,   5.90387352e+02,   3.77885858e+01,   2.31905942e+02, 
              5.93270686e+02,   3.61877665e+01,   2.32048909e+02,   5.90559792e+02,   3.45180503e+01, 
              2.32458819e+02,   5.86089015e+02,   3.66728378e+01,   2.23571932e+02,   5.85727870e+02, 
              3.35914982e+01,   2.24428164e+02,   5.87807947e+02,   3.44375140e+01,   2.21821472e+02, 
              6.01850488e+02,   1.77678531e+02,   4.87598769e+02,   6.01237047e+02,   1.75044858e+02, 
              4.87257270e+02,   5.98921195e+02,   1.74367843e+02,   4.86285277e+02,   5.97144197e+02, 
              1.75737841e+02,   4.85867016e+02,   5.99128678e+02,   1.71870483e+02,   4.85800095e+02, 
              5.96836302e+02,   1.70466301e+02,   4.84988502e+02,   6.00993055e+02,   1.78854157e+02, 
              4.86211629e+02,   6.03854030e+02,   1.77976718e+02,   4.87509294e+02,   6.01159368e+02, 
              1.78331860e+02,   4.89406216e+02,   5.97409560e+02,   1.68496521e+02,   4.84827336e+02, 
              5.96429525e+02,   1.71094934e+02,   4.83012243e+02,   5.95363371e+02,   1.70974162e+02, 
              4.86316246e+02,   6.54490117e+02,   1.25308338e+02,   5.08997162e+01,   6.56360889e+02, 
              1.26565774e+02,   5.24429454e+01,   6.56635636e+02,   1.25433835e+02,   5.46274998e+01, 
              6.55279892e+02,   1.23596544e+02,   5.52540071e+01,   6.58516253e+02,   1.26431720e+02, 
              5.59105540e+01,   6.58952597e+02,   1.25316093e+02,   5.84648866e+01,   6.55258058e+02, 
              1.23631743e+02,   4.98082596e+01,   6.53864570e+02,   1.26636935e+02,   4.95507359e+01, 
              6.53023560e+02,   1.24559494e+02,   5.21333772e+01,   6.57080636e+02,   1.25377712e+02, 
              5.92971128e+01,   6.60457253e+02,   1.26500231e+02,   5.93621924e+01,   6.59528503e+02, 
              1.23373019e+02,   5.82890592e+01,   2.15832926e+02,   3.78174645e+02,   3.17111505e+01, 
              2.16367598e+02,   3.80846941e+02,   3.13168570e+01,   2.16554553e+02,   3.81476241e+02, 
              2.88834961e+01,   2.16241344e+02,   3.80033005e+02,   2.71589277e+01,   2.17368746e+02, 
              3.83887425e+02,   2.87529347e+01,   2.17038080e+02,   3.85091520e+02,   2.63322004e+01, 
              2.15489657e+02,   3.77969733e+02,   3.36329671e+01,   2.17459633e+02,   3.77026676e+02, 
              3.12944341e+01,   2.14188256e+02,   3.77821525e+02,   3.05549321e+01,   2.17588322e+02, 
              3.87068543e+02,   2.66348200e+01,   2.15069027e+02,   3.85046967e+02,   2.57189418e+01, 
              2.18273442e+02,   3.84267785e+02,   2.49210570e+01,   2.65329610e+02,   3.87122432e+02, 
              6.55520898e+02,   2.65668349e+02,   3.88570876e+02,   6.57807976e+02,   2.63679458e+02, 
              3.89111026e+02,   6.59131647e+02,   2.61540282e+02,   3.88948401e+02,   6.58433674e+02, 
              2.64562570e+02,   3.90176577e+02,   6.61272383e+02,   2.62641375e+02,   3.91326867e+02, 
              6.62927421e+02,   2.64132820e+02,   3.85503227e+02,   6.55870839e+02,   2.67306021e+02, 
              3.86524906e+02,   6.55130790e+02,   2.64618574e+02,   3.88244151e+02,   6.53924400e+02, 
              2.61307115e+02,   3.92092333e+02,   6.61701218e+02,   2.63793017e+02,   3.92681881e+02, 
              6.63991794e+02,   2.61790300e+02,   3.89860809e+02,   6.64297920e+02,   7.97586142e+02, 
              1.39678929e+02,   2.14836344e+01,   7.97258515e+02,   1.40302197e+02,   2.41586200e+01, 
              7.99184049e+02,   1.41739231e+02,   2.51340751e+01,   8.00995067e+02,   1.42400035e+02, 
              2.39249699e+01,   7.98882813e+02,   1.41940421e+02,   2.76005194e+01,   8.01185935e+02, 
              1.42659578e+02,   2.88908202e+01,   7.99219817e+02,   1.38487181e+02,   2.13181047e+01, 
              7.97680200e+02,   1.41493432e+02,   2.05690622e+01,   7.95879722e+02,   1.38610083e+02, 
              2.10095021e+01,   8.02136025e+02,   1.44130176e+02,   2.79981890e+01,   8.02358471e+02, 
              1.40964190e+02,   2.89886475e+01,   8.00546979e+02,   1.43207690e+02,   3.07343296e+01, 
              4.89350698e+02,   2.57778188e+02,   1.07469455e+02,   4.90038526e+02,   2.55857510e+02, 
              1.05794964e+02,   4.92314177e+02,   2.54823792e+02,   1.05906090e+02,   4.93815720e+02, 
              2.55186895e+02,   1.07679893e+02,   4.92798803e+02,   2.53529007e+02,   1.03862682e+02, 
              4.95292581e+02,   2.52382529e+02,   1.03629456e+02,   4.90289473e+02,   2.59498862e+02, 
              1.07323888e+02,   4.89444661e+02,   2.57201165e+02,   1.09411097e+02,   4.87414561e+02, 
              2.58091330e+02,   1.06979870e+02,   4.96629244e+02,   2.53799439e+02,   1.02968082e+02, 
              4.95078384e+02,   2.50848344e+02,   1.02301099e+02,   4.96101506e+02,   2.51442824e+02, 
              1.05254306e+02,   7.24275504e+02,   8.99179638e+01,   7.75309936e+02,   7.46300388e+02, 
              8.75968550e+01,   7.73968364e+02,   7.26286685e+02,   7.38897675e+01,   7.64384093e+02, 
              7.39066238e+02,   8.21695345e+01,   7.54351205e+02,   7.20289548e+02,   8.25295523e+01, 
              7.66377151e+02,   7.24926160e+02,   7.65092098e+01,   7.96948161e+02,   8.29756848e+02, 
              8.62149841e+01,   6.61515626e+02,   6.85127757e+02,   1.06176730e+02,   7.98224364e+02, 
              6.62767696e+02,   1.37847321e+02,   8.07935770e+02,   7.15454426e+02,   6.90874252e+01, 
              8.55116724e+02,   7.85973598e+02,   6.10950993e+01,   7.87127628e+02,   7.74498953e+02, 
              1.17695191e+02,   7.94515664e+02,   7.81444652e+02,   3.64700802e+02,   1.14834748e+02, 
              7.84101754e+02,   3.64140297e+02,   1.14821569e+02,   7.85347146e+02,   3.64537302e+02, 
              1.12637010e+02,   7.84299260e+02,   3.64866208e+02,   1.10653663e+02,   7.87815933e+02, 
              3.64169919e+02,   1.12826411e+02,   7.89343602e+02,   3.63910916e+02,   1.10533203e+02, 
              7.80961835e+02,   3.66578944e+02,   1.14086227e+02,   7.80952416e+02,   3.64717228e+02, 
              1.16791422e+02,   7.80534027e+02,   3.63235800e+02,   1.13741473e+02,   7.90989093e+02, 
              3.62733533e+02,   1.10999102e+02,   7.89766610e+02,   3.65799893e+02,   1.09871841e+02, 
              7.88121280e+02,   3.63009391e+02,   1.09154017e+02,   2.31707856e+02,   7.83454757e+02, 
              5.61541042e+02,   2.29643810e+02,   7.83850154e+02,   5.63236652e+02,   2.30108189e+02, 
              7.83830961e+02,   5.65756101e+02,   2.32156643e+02,   7.83629396e+02,   5.66761128e+02, 
              2.27854700e+02,   7.84228331e+02,   5.66912548e+02,   2.27525000e+02,   7.83902023e+02, 
              5.69721429e+02,   2.32912350e+02,   7.81888202e+02,   5.62366122e+02,   2.32786841e+02, 
              7.85191775e+02,   5.61561644e+02,   2.31026032e+02,   7.82903157e+02,   5.59663250e+02, 
              2.25873363e+02,   7.84989756e+02,   5.70142648e+02,   2.29131951e+02,   7.84727584e+02, 
              5.70683852e+02,   2.27374772e+02,   7.81930802e+02,   5.69910509e+02,   8.04069794e+01, 
              2.41154749e+02,   1.30778601e+02,   7.81146224e+01,   2.40183141e+02,   1.29630858e+02, 
              7.65664794e+01,   2.41834301e+02,   1.28479875e+02,   7.45641409e+01,   2.41182609e+02, 
              1.27523391e+02,   7.74262900e+01,   2.44185393e+02,   1.28656629e+02,   7.58471418e+01, 
              2.46281807e+02,   1.28364891e+02,   7.99706402e+01,   2.42688462e+02,   1.32142147e+02, 
              8.18468092e+01,   2.41703708e+02,   1.29369189e+02,   8.11635921e+01,   2.39421644e+02, 
              1.31693392e+02,   7.66656808e+01,   2.47408975e+02,   1.26879493e+02,   7.59304771e+01, 
              2.47302854e+02,   1.30077064e+02,   7.39033508e+01,   2.45666545e+02,   1.27964599e+02, 
              3.91613982e+02,   7.00442621e+02,   1.35893429e+02,   3.93850992e+02,   7.01342218e+02, 
              1.34711277e+02,   3.95585146e+02,   7.02015634e+02,   1.36447468e+02,   3.95360439e+02, 
              7.02090495e+02,   1.38709249e+02,   3.97640256e+02,   7.02624294e+02,   1.35107795e+02, 
              3.99803143e+02,   7.03315015e+02,   1.36443778e+02,   3.90686337e+02,   6.99143792e+02, 
              1.34663603e+02,   3.90338652e+02,   7.02035484e+02,   1.36303560e+02,   3.92021140e+02, 
              6.99465904e+02,   1.37605254e+02,   4.00807990e+02,   7.01569135e+02,   1.36784118e+02, 
              3.99312564e+02,   7.04047956e+02,   1.38272783e+02,   4.00829346e+02,   7.04654533e+02, 
              1.35384095e+02,   7.21057132e+02,   9.03371016e+01,   1.83284307e+02,   7.19871214e+02, 
              8.78615566e+01,   1.83502757e+02,   7.18410030e+02,   8.75184055e+01,   1.81396594e+02, 
              7.18585169e+02,   8.87632132e+01,   1.79497396e+02,   7.16965054e+02,   8.55090752e+01, 
              1.82000188e+02,   7.15286071e+02,   8.47984884e+01,   1.80054891e+02,   7.19553861e+02, 
              9.18151967e+01,   1.83469128e+02,   7.21873630e+02,   9.03418405e+01,   1.81397453e+02, 
              7.22488443e+02,   9.06751474e+01,   1.84697286e+02,   7.13722929e+02,   8.60838166e+01, 
              1.80248666e+02,   7.14446955e+02,   8.29924578e+01,   1.80585379e+02,   7.16087087e+02, 
              8.48947509e+01,   1.78124619e+02,   1.60062050e+02,   6.56309098e+02,   2.90349506e+02, 
              1.60455812e+02,   6.55458906e+02,   2.92864390e+02,   1.62738983e+02,   6.54584152e+02, 
              2.93295968e+02,   1.64320198e+02,   6.54014780e+02,   2.91848514e+02,   1.63002097e+02, 
              6.54739062e+02,   2.95817207e+02,   1.65453854e+02,   6.53734020e+02,   2.96552845e+02, 
              1.60922426e+02,   6.54991373e+02,   2.88984119e+02,   1.60924660e+02,   6.58111853e+02, 
              2.90050399e+02,   1.57960147e+02,   6.56323295e+02,   2.90107599e+02,   1.65243682e+02, 
              6.53115410e+02,   2.98509181e+02,   1.66970545e+02,   6.55108381e+02,   2.96460311e+02, 
              1.65911618e+02,   6.51938698e+02,   2.95569595e+02,   6.17389745e+01,   6.18245111e+02, 
              2.28191664e+02,   6.34917334e+01,   6.16311063e+02,   2.28298668e+02,   6.27644268e+01, 
              6.13912385e+02,   2.28429541e+02,   6.06823536e+01,   6.13176318e+02,   2.28061222e+02, 
              6.46782480e+01,   6.12364341e+02,   2.29087388e+02,   6.38820977e+01,   6.09950771e+02, 
              2.30127198e+02,   6.26170932e+01,   6.19943099e+02,   2.29117821e+02,   6.01503461e+01, 
              6.17486910e+02,   2.29372593e+02,   6.11677438e+01,   6.18475802e+02,   2.26264500e+02, 
              6.55175099e+01,   6.08834208e+02,   2.29988011e+02,   6.24667845e+01,   6.08889048e+02, 
              2.29078648e+02,   6.31219932e+01,   6.10159700e+02,   2.32010180e+02,   3.00544049e+02, 
              2.41481223e+02,   3.25788658e+02,   3.00708580e+02,   2.41235306e+02,   3.23054684e+02, 
              2.99264462e+02,   2.42823864e+02,   3.21810755e+02,   2.98105982e+02,   2.44555348e+02, 
              3.22701806e+02,   2.99406659e+02,   2.42210896e+02,   3.19404016e+02,   2.97190125e+02, 
              2.43352389e+02,   3.18009544e+02,   3.00217065e+02,   2.39628177e+02,   3.26581385e+02, 
              2.98948339e+02,   2.42597652e+02,   3.26404127e+02,   3.02379910e+02,   2.42182862e+02, 
              3.26358450e+02,   2.97179820e+02,   2.45317336e+02,   3.18084467e+02,   2.95595379e+02, 
              2.42524005e+02,   3.18884491e+02,   2.97287940e+02,   2.42543413e+02,   3.16065564e+02, 
              7.32571941e+02,   5.55019233e+02,   3.31689138e+02,   7.33111049e+02,   5.52803577e+02, 
              3.30259385e+02,   7.32664042e+02,   5.50601270e+02,   3.31310233e+02,   7.31851026e+02, 
              5.50240624e+02,   3.33350024e+02,   7.33289280e+02,   5.48950323e+02,   3.29563930e+02, 
              7.33105941e+02,   5.46314651e+02,   3.30240506e+02,   7.34164691e+02,   5.56240624e+02, 
              3.31617937e+02,   7.32207187e+02,   5.54458229e+02,   3.33651052e+02,   7.30782013e+02, 
              5.55808836e+02,   3.30924665e+02,   7.32383242e+02,   5.45280872e+02,   3.28593658e+02, 
              7.32131203e+02,   5.46048155e+02,   3.32115772e+02,   7.35027472e+02,   5.45750457e+02, 
              3.30470844e+02,   1.63470545e+02,   6.99974441e+02,   7.25194418e+02,   1.65124742e+02, 
              7.02084115e+02,   7.25467458e+02,   1.63849031e+02,   7.04339876e+02,   7.25930524e+02, 
              1.61640918e+02,   7.04582821e+02,   7.26141913e+02,   1.65663625e+02,   7.06099542e+02, 
              7.25890796e+02,   1.64713263e+02,   7.08723176e+02,   7.26280991e+02,   1.64648625e+02, 
              6.98346883e+02,   7.25403781e+02,   1.62889479e+02,   6.99969437e+02,   7.23196903e+02, 
              1.61826065e+02,   6.99869266e+02,   7.26529600e+02,   1.66189419e+02,   7.10086312e+02, 
              7.26683696e+02,   1.63329351e+02,   7.08760437e+02,   7.27875354e+02,   1.63776434e+02, 
              7.09349483e+02,   7.24545828e+02,   4.76465058e+02,   2.77475002e+02,   5.38110400e+02, 
              4.78994124e+02,   2.78371165e+02,   5.37636440e+02,   4.79288968e+02,   2.80650436e+02, 
              5.36687716e+02,   4.77712183e+02,   2.82135526e+02,   5.36242180e+02,   4.81797617e+02, 
              2.80865128e+02,   5.36222528e+02,   4.82974288e+02,   2.83259431e+02,   5.35764977e+02, 
              4.76004452e+02,   2.76060085e+02,   5.36773836e+02,   4.75136693e+02,   2.79101668e+02, 
              5.37601086e+02,   4.76315920e+02,   2.76917718e+02,   5.40096634e+02,   4.82351069e+02, 
              2.84578540e+02,   5.37283962e+02,   4.82488542e+02,   2.84185066e+02,   5.33987441e+02, 
              4.84969022e+02,   2.82815217e+02,   5.35802189e+02,   3.11902586e+02,   6.36037701e+02, 
              3.57426448e+02,   3.13779127e+02,   6.35592685e+02,   3.59465819e+02,   3.14140223e+02, 
              6.33061068e+02,   3.60110919e+02,   3.12825193e+02,   6.31303105e+02,   3.59617308e+02, 
              3.16030685e+02,   6.32985690e+02,   3.61510292e+02,   3.16478079e+02,   6.30769773e+02, 
              3.62890037e+02,   3.10038843e+02,   6.35149958e+02,   3.57685455e+02,   3.12758352e+02, 
              6.35176989e+02,   3.55742545e+02,   3.11836319e+02,   6.38139947e+02,   3.57247716e+02, 
              3.18327798e+02,   6.30078327e+02,   3.62303638e+02,   3.14873477e+02,   6.29511438e+02, 
              3.62855993e+02,   3.16572109e+02,   6.31419755e+02,   3.64839607e+02,   7.01871594e+02, 
              4.87993440e+02,   6.39576492e+02,   7.04630664e+02,   4.87984531e+02,   6.39984350e+02, 
              7.05901887e+02,   4.85876711e+02,   6.39375835e+02,   7.04897728e+02,   4.83899628e+02, 
              6.38791776e+02,   7.08334127e+02,   4.86451125e+02,   6.39540073e+02,   7.10124835e+02, 
              4.84396569e+02,   6.39009696e+02,   7.01165920e+02,   4.86138596e+02,   6.39691279e+02, 
              7.01478758e+02,   4.88709062e+02,   6.37672610e+02,   7.01163292e+02,   4.89409990e+02, 
              6.40894618e+02,   7.11625101e+02,   4.84510823e+02,   6.40328963e+02,   7.10489686e+02, 
              4.84321069e+02,   6.37066930e+02,   7.09092799e+02,   4.82650440e+02,   6.39638451e+02, 
              8.29678805e+01,   7.09401395e+02,   6.10630486e+02,   8.25852207e+01,   7.11916693e+02, 
              6.11644888e+02,   8.11130267e+01,   7.12081990e+02,   6.13725324e+02,   8.00337912e+01, 
              7.10409317e+02,   6.14818825e+02,   8.10491504e+01,   7.14628098e+02,   6.14102066e+02, 
              7.99553321e+01,   7.15207509e+02,   6.16639059e+02,   8.11528280e+01,   7.08444662e+02, 
              6.10561705e+02,   8.43933193e+01,   7.08544445e+02,   6.11719411e+02,   8.37885138e+01, 
              7.09693179e+02,   6.08844041e+02,   8.05449401e+01,   7.13791829e+02,   6.17937072e+02, 
              7.79386377e+01,   7.15465199e+02,   6.16303816e+02,   8.07603304e+01,   7.17088677e+02, 
              6.17148431e+02,   1.80349233e+02,   7.16729547e+02,   4.32063949e+02,   1.82100372e+02, 
              7.17699328e+02,   4.33939372e+02,   1.84245524e+02,   7.16581787e+02,   4.34479492e+02, 
              1.84905484e+02,   7.14484768e+02,   4.33841423e+02,   1.85548744e+02,   7.18219017e+02, 
              4.35798229e+02,   1.87944648e+02,   7.17360360e+02,   4.36449250e+02,   1.81037833e+02, 
              7.14930958e+02,   4.31349868e+02,   1.80087885e+02,   7.18253680e+02,   4.30589773e+02, 
              1.78468882e+02,   7.16407545e+02,   4.33062317e+02,   1.88011537e+02,   7.17074449e+02, 
              4.38641176e+02,   1.89310966e+02,   7.18859971e+02,   4.35943410e+02,   1.88442609e+02, 
              7.15546861e+02,   4.35672939e+02,   5.09072646e+02,   2.29757954e+02,   9.79390073e+00, 
              5.09604675e+02,   2.27539503e+02,   1.12629457e+01,   5.10474639e+02,   2.27848272e+02, 
              1.35688499e+01,   5.11625126e+02,   2.29693206e+02,   1.44008098e+01,   5.10312074e+02, 
              2.25652468e+02,   1.48111400e+01,   5.11283686e+02,   2.25689101e+02,   1.73660604e+01, 
              5.08521907e+02,   2.29165524e+02,   7.79799771e+00,   5.10852182e+02,   2.30762925e+02, 
              9.81350142e+00,   5.07701669e+02,   2.31154599e+02,   1.06258646e+01,   5.13321008e+02, 
              2.25647448e+02,   1.74105777e+01,   5.10706969e+02,   2.24004410e+02,   1.81489946e+01, 
              5.10660058e+02,   2.27426739e+02,   1.82573670e+01,   4.27542227e+02,   3.99673785e+01, 
              2.71895581e+02,   4.25443325e+02,   3.83932804e+01,   2.72544607e+02,   4.25316135e+02, 
              3.78979816e+01,   2.75037809e+02,   4.26702721e+02,   3.89172417e+01,   2.76550570e+02, 
              4.23534976e+02,   3.61890896e+01,   2.75349530e+02,   4.23064781e+02,   3.54770950e+01, 
              2.77867929e+02,   4.27472579e+02,   3.98782498e+01,   2.69809809e+02,   4.29388030e+02, 
              3.92280015e+01,   2.72493775e+02,   4.27228935e+02,   4.17820455e+01,   2.72638239e+02, 
              4.21322392e+02,   3.44575482e+01,   2.77949967e+02,   4.22727569e+02,   3.70525295e+01, 
              2.79148785e+02,   4.24549218e+02,   3.43158600e+01,   2.78879315e+02,   1.46009375e+02, 
              5.18796938e+01,   4.10893728e+02,   1.47196390e+02,   5.29577871e+01,   4.08763978e+02, 
              1.45725046e+02,   5.39445755e+01,   4.06987774e+02,   1.43511969e+02,   5.35426557e+01, 
              4.06744058e+02,   1.47232610e+02,   5.54590811e+01,   4.05644626e+02,   1.45919384e+02, 
              5.66710561e+01,   4.03563319e+02,   1.46673940e+02,   4.99109067e+01,   4.10906956e+02, 
              1.43905184e+02,   5.19632056e+01,   4.10751101e+02,   1.46644093e+02,   5.29370254e+01, 
              4.12494435e+02,   1.46986975e+02,   5.82727833e+01,   4.03043344e+02,   1.44094392e+02, 
              5.73476335e+01,   4.04091579e+02,   1.45354683e+02,   5.52910738e+01,   4.02124617e+02, 
              5.56865712e+02,   7.28383564e+02,   3.38414882e+02,   5.55694644e+02,   7.29989102e+02, 
              3.36541880e+02,   5.53676842e+02,   7.31151535e+02,   3.37545835e+02,   5.53035483e+02, 
              7.31109528e+02,   3.39752522e+02,   5.52402313e+02,   7.32305871e+02,   3.35713112e+02, 
              5.50303086e+02,   7.34019613e+02,   3.36541311e+02,   5.58002947e+02,   7.27340744e+02, 
              3.37233909e+02,   5.55551277e+02,   7.27300420e+02,   3.39489421e+02,   5.57977917e+02, 
              7.29609689e+02,   3.39647889e+02,   5.48599053e+02,   7.33115940e+02,   3.35630825e+02, 
              5.50709198e+02,   7.35865245e+02,   3.35620089e+02,   5.50401774e+02,   7.34131650e+02, 
              3.38571678e+02,   6.49336150e+02,   5.72194490e+02,   2.31034371e+02,   6.46899872e+02, 
              5.73619511e+02,   2.31418374e+02,   6.45801647e+02,   5.73358247e+02,   2.33647342e+02, 
              6.46823867e+02,   5.72151180e+02,   2.35350053e+02,   6.43684181e+02,   5.74616027e+02, 
              2.33801935e+02,   6.42336283e+02,   5.74636641e+02,   2.36117776e+02,   6.49190691e+02, 
              5.70159787e+02,   2.31444056e+02,   6.50834197e+02,   5.73058921e+02,   2.32116361e+02, 
              6.49442954e+02,   5.72465625e+02,   2.29014148e+02,   6.41751416e+02,   5.72735666e+02, 
              2.36520602e+02,   6.40692727e+02,   5.75798324e+02,   2.35941308e+02,   6.43502601e+02, 
              5.75452292e+02,   2.37801110e+02,   5.86186912e+02,   7.82298598e+02,   5.13249984e+02, 
              5.87132357e+02,   7.84351335e+02,   5.11578752e+02,   5.87906566e+02,   7.83485938e+02, 
              5.09291148e+02,   5.87874609e+02,   7.81438464e+02,   5.08382700e+02,   5.88838015e+02, 
              7.85623656e+02,   5.08069640e+02,   5.89169562e+02,   7.85168115e+02,   5.05355296e+02, 
              5.84891556e+02,   7.83315917e+02,   5.14444345e+02,   5.87697024e+02,   7.81619913e+02, 
              5.14355292e+02,   5.85334911e+02,   7.80747254e+02,   5.12319076e+02,   5.89992246e+02, 
              7.86890817e+02,   5.04540545e+02,   5.87271382e+02,   7.84816387e+02,   5.04572868e+02, 
              5.90249296e+02,   7.83410530e+02,   5.04896502e+02,   4.82219176e+02,   6.41447707e+02, 
              2.24703454e+01,   4.82977975e+02,   6.43426174e+02,   2.41280647e+01,   4.81699571e+02, 
              6.45622649e+02,   2.39512900e+01,   4.79871408e+02,   6.46030656e+02,   2.27028692e+01, 
              4.82403984e+02,   6.47223646e+02,   2.57518234e+01,   4.81511186e+02,   6.49726073e+02, 
              2.54539168e+01,   4.81536873e+02,   6.42105301e+02,   2.06202443e+01,   4.80737281e+02, 
              6.40251250e+02,   2.32781407e+01,   4.83851291e+02,   6.40292241e+02,   2.22298544e+01, 
              4.79617861e+02,   6.49651663e+02,   2.60771506e+01,   4.81828831e+02,   6.50323585e+02, 
              2.35362201e+01,   4.82742678e+02,   6.50748201e+02,   2.67401940e+01,   1.98961000e+02, 
              7.47104617e+02,   7.25916237e+01,   1.96290544e+02,   7.47027287e+02,   7.31305240e+01, 
              1.95676232e+02,   7.45372745e+02,   7.48126798e+01,   1.97000921e+02,   7.44509602e+02, 
              7.64596274e+01,   1.93193429e+02,   7.44974014e+02,   7.45330868e+01,   1.92169123e+02, 
              7.43199894e+02,   7.62168304e+01,   1.99317137e+02,   7.46525670e+02,   7.07301930e+01, 
              1.99880260e+02,   7.45793256e+02,   7.40632804e+01,   1.99611724e+02,   7.48949294e+02, 
              7.28403943e+01,   1.90082443e+02,   7.43393267e+02,   7.60911282e+01,   1.92646214e+02, 
              7.43606984e+02,   7.82746391e+01,   1.92915833e+02,   7.41280615e+02,   7.57912971e+01, 
              4.25180293e+02,   3.34132088e+02,   3.20160156e+02,   4.27148172e+02,   3.32437881e+02, 
              3.20901057e+02,   4.27422158e+02,   3.32075735e+02,   3.23432866e+02,   4.26789347e+02, 
              3.33587631e+02,   3.24996620e+02,   4.28522037e+02,   3.29890966e+02,   3.23664282e+02, 
              4.29396319e+02,   3.29159423e+02,   3.26075866e+02,   4.23394233e+02,   3.33157521e+02, 
              3.20008391e+02,   4.25703843e+02,   3.34605950e+02,   3.18274103e+02,   4.25110496e+02, 
              3.35750278e+02,   3.21492176e+02,   4.27823334e+02,   3.28893899e+02,   3.27402157e+02, 
              4.30767513e+02,   3.30586489e+02,   3.26750604e+02,   4.30479839e+02,   3.27461470e+02, 
              3.25808446e+02,   7.40741276e+02,   9.85941066e+01,  -1.61057164e+01,   7.42866261e+02, 
              9.67734093e+01,  -1.61951609e+01,   7.42330728e+02,   9.44999706e+01,  -1.72253067e+01, 
              7.40217225e+02,   9.37418497e+01,  -1.76435399e+01,   7.44443636e+02,   9.30528351e+01, 
             -1.73404788e+01,   7.44163106e+02,   9.05337243e+01,  -1.83362674e+01,   7.39527848e+02, 
              9.79644630e+01,  -1.45995219e+01,   7.39670097e+02,   9.87600233e+01,  -1.78851622e+01, 
              7.41800472e+02,   1.00394527e+02,  -1.59336730e+01,   7.42884758e+02,   8.92958472e+01, 
             -1.72102504e+01,   7.46061417e+02,   8.98044691e+01,  -1.83938107e+01,   7.43788253e+02, 
              9.08699221e+01,  -2.03646946e+01,  -5.06757061e-01,   7.72262374e+02,   9.12119615e+01, 
             -1.03301483e+00,   7.70873278e+02,   8.87748813e+01,  -3.46885457e+00,   7.70394924e+02, 
              8.83724205e+01,  -5.27470228e+00,   7.70330767e+02,   8.98473087e+01,  -3.64449962e+00, 
              7.69959425e+02,   8.59165361e+01,  -5.98059323e+00,   7.68730359e+02,   8.52429555e+01, 
             -8.89154510e-01,   7.71066828e+02,   9.26958961e+01,  -1.96135319e+00,   7.73760020e+02, 
              9.14166625e+01,   1.39764712e+00,   7.73116332e+02,   9.10745561e+01,  -5.90164828e+00, 
              7.66697547e+02,   8.53600189e+01,  -6.27677254e+00,   7.69332803e+02,   8.32331385e+01, 
             -7.43250506e+00,   7.69423448e+02,   8.65888614e+01,   3.71761010e+02,   4.16647946e+02, 
              4.35075960e+02,   3.72159052e+02,   4.15403636e+02,   4.37528615e+02,   3.73914925e+02, 
              4.16398268e+02,   4.39080162e+02,   3.75180005e+02,   4.18164521e+02,   4.38513892e+02, 
              3.73910885e+02,   4.14903573e+02,   4.41104222e+02,   3.75789947e+02,   4.15512268e+02, 
              4.42933396e+02,   3.70001636e+02,   4.15990036e+02,   4.34437082e+02,   3.73307866e+02, 
              4.16062791e+02,   4.33918278e+02,   3.71699401e+02,   4.18636128e+02,   4.35450061e+02, 
              3.75323979e+02,   4.17244956e+02,   4.43825047e+02,   3.77742309e+02,   4.15547940e+02, 
              4.42184921e+02,   3.75963586e+02,   4.14019387e+02,   4.44374480e+02,   2.43184544e+02, 
              6.41823499e+02,   5.10942020e+02,   2.42696774e+02,   6.39214047e+02,   5.11705562e+02, 
              2.40326762e+02,   6.38412413e+02,   5.11517368e+02,   2.38541418e+02,   6.39645162e+02, 
              5.10875126e+02,   2.40557983e+02,   6.35894711e+02,   5.11987588e+02,   2.38211704e+02, 
              6.34662526e+02,   5.12267207e+02,   2.45184072e+02,   6.42136500e+02,   5.11078055e+02, 
              2.42004262e+02,   6.42910559e+02,   5.12091192e+02,   2.42524562e+02,   6.42224506e+02, 
              5.08984856e+02,   2.36879066e+02,   6.35038441e+02,   5.10873550e+02,   2.37372282e+02, 
              6.35127492e+02,   5.14041982e+02,   2.38567784e+02,   6.32683012e+02,   5.12281087e+02, 
              5.70868468e+02,   1.70695432e+02,   2.84581297e+02,   5.68964648e+02,   1.69630647e+02, 
              2.82989709e+02,   5.67131736e+02,   1.68257849e+02,   2.84222548e+02,   5.67245783e+02, 
              1.67830397e+02,   2.86430256e+02,   5.65680549e+02,   1.67317212e+02,   2.82307990e+02, 
              5.63309419e+02,   1.66271998e+02,   2.83130013e+02,   5.69933772e+02,   1.71260187e+02, 
              2.86391366e+02,   5.71424553e+02,   1.72255010e+02,   2.83707948e+02,   5.72403468e+02, 
              1.69257228e+02,   2.84830608e+02,   5.62128362e+02,   1.67740813e+02,   2.84142608e+02, 
              5.63643194e+02,   1.64800270e+02,   2.84688390e+02,   5.62421055e+02,   1.65735638e+02, 
              2.81408530e+02,   5.46427027e+02,   3.36743407e+02,   3.77728320e+02,   5.43466666e+02, 
              3.36801246e+02,   3.77583895e+02,   5.15578223e+02,   3.28402209e+02,   3.78473357e+02, 
              5.38348464e+02,   3.11720090e+02,   4.06457687e+02,   5.38754100e+02,   3.15332464e+02, 
              4.04088099e+02,   5.47311021e+02,   3.28921429e+02,   4.11887124e+02,   5.47160364e+02, 
              3.38272829e+02,   3.78929160e+02,   5.47392946e+02,   3.37060421e+02,   3.75770142e+02, 
              5.46910293e+02,   3.34861703e+02,   3.78365696e+02,   5.49995412e+02,   3.21759069e+02, 
              4.09065510e+02,   5.39719942e+02,   3.27635697e+02,   4.15405276e+02,   5.52875461e+02, 
              3.33081532e+02,   4.17084419e+02,   6.91591445e+02,   5.04406643e+01,   5.16441720e+02, 
              6.91273804e+02,   5.16012129e+01,   5.13987777e+02,   6.92279591e+02,   5.39916451e+01, 
              5.13835063e+02,   6.93147242e+02,   5.51723230e+01,   5.15493773e+02,   6.92201907e+02, 
              5.47185490e+01,   5.11442147e+02,   6.92807293e+02,   5.73023048e+01,   5.11000090e+02, 
              6.90045105e+02,   4.92639339e+01,   5.16889820e+02,   6.91681869e+02,   5.18290689e+01, 
              5.17952911e+02,   6.93426381e+02,   4.94036644e+01,   5.16513058e+02,   6.92860398e+02, 
              5.74542648e+01,   5.08971078e+02,   6.94717355e+02,   5.77990594e+01,   5.11624403e+02, 
              6.91369513e+02,   5.86327676e+01,   5.11835893e+02,   4.22637759e+02,   1.48333386e+01, 
              4.41694333e+02,   4.24697370e+02,   1.33342630e+01,   4.42857632e+02,   4.24397841e+02, 
              1.31379670e+01,   4.45444462e+02,   4.22704485e+02,   1.39305919e+01,   4.46740201e+02, 
              4.26367851e+02,   1.17651137e+01,   4.46202984e+02,   4.26602843e+02,   1.08681501e+01, 
              4.48721848e+02,   4.23444716e+02,   1.55374373e+01,   4.39847359e+02,   4.21965963e+02, 
              1.62547083e+01,   4.42930512e+02,   4.21231904e+02,   1.34224553e+01,   4.41383324e+02, 
              4.24924544e+02,   9.71144691e+00,   4.49273207e+02,   4.27004306e+02,   1.24859793e+01, 
              4.50089763e+02,   4.28261550e+02,   9.61767062e+00,   4.48696884e+02,   7.61608573e+02, 
              5.95792325e+02,   5.67935145e+02,   7.59213908e+02,   5.95180448e+02,   5.66740337e+02, 
              7.57962051e+02,   5.93294111e+02,   5.67846215e+02,   7.58870476e+02,   5.91681527e+02, 
              5.69097408e+02,   7.55492790e+02,   5.93716425e+02,   5.67541852e+02,   7.53910841e+02, 
              5.92330828e+02,   5.69205982e+02,   7.62782299e+02,   5.96736852e+02,   5.66273503e+02, 
              7.62527743e+02,   5.94129561e+02,   5.68626133e+02,   7.61158811e+02,   5.97054841e+02, 
              5.69499971e+02,   7.52073236e+02,   5.93318674e+02,   5.68913673e+02,   7.54450411e+02, 
              5.92401983e+02,   5.71133938e+02,   7.53748386e+02,   5.90479688e+02,   5.68528592e+02, 
              1.17609354e+02,   5.97976555e+02,   7.76730169e+02,   1.18506158e+02,   5.99992494e+02, 
              7.78279943e+02,   1.19900083e+02,   6.01631937e+02,   7.77020004e+02,   1.20687249e+02, 
              6.01336939e+02,   7.74876004e+02,   1.19891871e+02,   6.03853788e+02,   7.78263671e+02, 
              1.21562613e+02,   6.05654890e+02,   7.77033556e+02,   1.19045782e+02,   5.97200437e+02, 
              7.75590528e+02,   1.15936028e+02,   5.98817103e+02,   7.75571635e+02,   1.16951109e+02, 
              5.96647106e+02,   7.78067249e+02,   1.22042686e+02,   6.07129367e+02,   7.78262318e+02, 
              1.20595150e+02,   6.06739002e+02,   7.75449134e+02,   1.23075694e+02,   6.04597646e+02, 
              7.76401894e+02,   6.13814795e+02,   4.49424606e+02,   9.17762722e+01,   6.12050847e+02, 
              4.48895167e+02,   8.97406661e+01,   6.09648606e+02,   4.49519751e+02,   9.02808926e+01, 
              6.08921592e+02,   4.50193183e+02,   9.23067692e+01,   6.08358606e+02,   4.49211276e+02, 
              8.80644342e+01,   6.06052975e+02,   4.50467994e+02,   8.79908463e+01,   6.13785778e+02, 
              4.47975625e+02,   9.31467595e+01,   6.13473400e+02,   4.51282242e+02,   9.25609266e+01, 
              6.15713897e+02,   4.49111182e+02,   9.10137855e+01,   6.04904917e+02,   4.49983719e+02, 
              8.96894068e+01,   6.05149558e+02,   4.50018080e+02,   8.62266663e+01,   6.06427951e+02, 
              4.52607027e+02,   8.77778187e+01,   6.13132853e+02,   7.43257243e+02,   6.70219412e+02, 
              6.10807098e+02,   7.44037996e+02,   6.68999531e+02,   6.10777066e+02,   7.46413537e+02, 
              6.68059884e+02,   6.12487959e+02,   7.47853618e+02,   6.68299559e+02,   6.08698726e+02, 
              7.46838608e+02,   6.66782220e+02,   6.08737320e+02,   7.48896709e+02,   6.64795233e+02, 
              6.14557009e+02,   7.43123672e+02,   6.68750983e+02,   6.12660569e+02,   7.41490305e+02, 
              6.71042914e+02,   6.13683349e+02,   7.44668069e+02,   6.71602055e+02,   6.06741458e+02, 
              7.48978020e+02,   6.64233781e+02,   6.10209107e+02,   7.48425686e+02,   6.63524169e+02, 
              6.09358513e+02,   7.50602198e+02,   6.65803274e+02,   7.45187437e+02,   2.31772742e+02, 
              4.47741924e+02,   7.42838133e+02,   2.31509034e+02,   4.48859530e+02,   7.42906251e+02, 
              2.30522548e+02,   4.51212868e+02,   7.44774968e+02,   2.30332969e+02,   4.52472733e+02, 
              7.40621362e+02,   2.29881179e+02,   4.51888759e+02,   7.40164346e+02,   2.29018647e+02, 
              4.54449101e+02,   7.44880858e+02,   2.32557158e+02,   4.45958175e+02,   7.45927819e+02, 
              2.29955131e+02,   4.47614503e+02,   7.46097536e+02,   2.33084534e+02,   4.48899364e+02, 
              7.38177455e+02,   2.28658665e+02,   4.54635008e+02,   7.40693477e+02,   2.30551662e+02, 
              4.55860751e+02,   7.41184238e+02,   2.27266197e+02,   4.54896496e+02,   3.02367421e+02, 
              4.64406797e+01,   7.05494055e+02,   3.04663566e+02,   4.75083346e+01,   7.06572367e+02, 
              3.05033119e+02,   5.00736522e+01,   7.06206842e+02,   3.03665404e+02,   5.14967524e+01, 
              7.05136395e+02,   3.07337364e+02,   5.05911313e+01,   7.07213000e+02,   3.08333838e+02, 
              5.30413320e+01,   7.06565780e+02,   3.02107391e+02,   4.71565857e+01,   7.03590032e+02, 
              3.00809163e+02,   4.72421167e+01,   7.06648686e+02,   3.02481825e+02,   4.44393427e+01, 
              7.05266574e+02,   3.09890947e+02,   5.33588725e+01,   7.07936706e+02,   3.06893652e+02, 
              5.45447644e+01,   7.06955125e+02,   3.09248662e+02,   5.29197766e+01,   7.04724550e+02, 
              7.58744168e+02,   4.13420938e+02,   3.51561497e+02,   7.58628729e+02,   4.12409324e+02, 
              3.54062168e+02,   7.60156441e+02,   4.10375375e+02,   3.54325601e+02,   7.61807298e+02, 
              4.09590380e+02,   3.53029125e+02,   7.59616000e+02,   4.09446491e+02,   3.56585498e+02, 
              7.60970467e+02,   4.07227566e+02,   3.57215182e+02,   7.57005282e+02,   4.14421343e+02, 
              3.51274587e+02,   7.59034339e+02,   4.12030976e+02,   3.50166248e+02,   7.60328817e+02, 
              4.14695089e+02,   3.51399062e+02,   7.60829825e+02,   4.05682012e+02,   3.55791400e+02, 
              7.60550487e+02,   4.06541141e+02,   3.59211563e+02,   7.63088492e+02,   4.07631270e+02, 
              3.57195528e+02,   2.48431819e+02,   5.24896037e+02,   7.14415835e+02,   2.46288501e+02, 
              5.25160222e+02,   7.12799300e+02,   2.45869068e+02,   5.27553482e+02,   7.11948017e+02, 
              2.47177803e+02,   5.29331129e+02,   7.12522586e+02,   2.43709355e+02,   5.27733599e+02, 
              7.10616647e+02,   2.43358888e+02,   5.30250228e+02,   7.09540099e+02,   2.48127477e+02, 
              5.23012851e+02,   7.15250862e+02,   2.48694961e+02,   5.26383230e+02,   7.15753752e+02, 
              2.50116364e+02,   5.24534924e+02,   7.13276598e+02,   2.43034522e+02,   5.31377115e+02, 
              7.11264561e+02,   2.41765821e+02,   5.30086154e+02,   7.08358899e+02,   2.45042493e+02, 
              5.31010809e+02,   7.08566324e+02,   3.33958464e+02,   3.77927299e+01,   6.65618380e+01, 
              3.36097341e+02,   3.95885274e+01,   6.64798808e+01,   3.37859621e+02,   3.90523846e+01, 
              6.47761986e+01,   3.37652102e+02,   3.73289139e+01,   6.33039192e+01,   3.39940420e+02, 
              4.03264903e+01,   6.51102011e+01,   3.42077432e+02,   3.96387520e+01,   6.35257782e+01, 
              3.33294085e+02,   3.73461347e+01,   6.46278148e+01,   3.32726500e+02,   3.88305883e+01, 
              6.78046994e+01,   3.34789209e+02,   3.61477481e+01,   6.74498267e+01,   3.43042165e+02, 
              4.14685819e+01,   6.32607890e+01,   3.41519198e+02,   3.86842949e+01,   6.17684911e+01, 
              3.43202940e+02,   3.83562226e+01,   6.45970854e+01,   2.53885216e+02,   6.26972470e+02, 
              1.65503249e+02,   2.51660496e+02,   6.27147446e+02,   1.64107059e+02,   2.54121410e+02, 
              6.21826638e+02,   1.63952283e+02,   2.60682983e+02,   6.14127629e+02,   1.64061835e+02, 
              2.38356807e+02,   6.11038906e+02,   1.57579110e+02,   2.40918182e+02,   6.09326209e+02, 
              1.55301398e+02,   2.53616804e+02,   6.28260705e+02,   1.67176888e+02,   2.55565377e+02, 
              6.27011338e+02,   1.64392559e+02,   2.53796448e+02,   6.24938324e+02,   1.66284695e+02, 
              1.36321417e+02,   7.54765100e+02,   1.16153070e+02,   2.06763817e+02,   7.75382524e+02, 
              1.93374304e+02,   6.34442719e+02,  -1.09889188e+02,   2.29389621e+02,   6.47943221e+02, 
              4.81401862e+02,   7.64534770e+02,   6.50206046e+02,   4.80356379e+02,   7.63474068e+02, 
              6.52225669e+02,   4.80129196e+02,   7.65111046e+02,   6.52199748e+02,   4.80687837e+02, 
              7.67279184e+02,   6.54261264e+02,   4.79461206e+02,   7.63692808e+02,   6.56728196e+02, 
              4.79596204e+02,   7.64837921e+02,   6.47287245e+02,   4.80128987e+02,   7.66029833e+02, 
              6.46564707e+02,   4.81146597e+02,   7.63006809e+02,   6.48407930e+02,   4.83431206e+02, 
              7.64909515e+02,   6.57942101e+02,   4.79052019e+02,   7.63289523e+02,   6.56801423e+02, 
              4.78491914e+02,   7.66603889e+02,   6.57253046e+02,   4.81625268e+02,   7.64919655e+02, 
             -1.29846644e+00,   4.60756400e+02,   5.78419904e+02,   1.47867208e+00,   4.60967899e+02, 
              5.79125125e+02,  -4.74811904e+00,   4.47995971e+02,   5.99184435e+02,  -1.08908656e+01, 
              4.40615142e+02,   6.17544676e+02,  -2.90886578e+01,   4.48889145e+02,   6.02706807e+02, 
             -3.11272809e+01,   4.40042704e+02,   6.08458345e+02,  -1.61166027e+00,   4.58761332e+02, 
              5.78090049e+02,  -1.66922257e+00,   4.61771723e+02,   5.76483633e+02,  -2.61280328e+00, 
              4.61669299e+02,   5.80055944e+02,  -1.15047690e+01,   4.17869399e+02,   4.61142430e+02, 
              1.28696509e+02,   7.14192076e+02,   5.61476622e+02,  -7.21156393e+00,   4.69138493e+02, 
              7.71730282e+02,   3.40219908e+02,   6.01123705e+02,   5.94189277e+02,   3.41560530e+02, 
              6.03363986e+02,   5.94482395e+02,   3.43376208e+02,   6.03360188e+02,   5.96212721e+02, 
              3.44018800e+02,   6.01641674e+02,   5.97555703e+02,   3.44196866e+02,   6.05742518e+02, 
              5.96201937e+02,   3.46180418e+02,   6.06346355e+02,   5.98015379e+02,   3.39473711e+02, 
              6.00573949e+02,   5.96030683e+02,   3.41296107e+02,   5.99819153e+02,   5.93167064e+02, 
              3.38746530e+02,   6.01626692e+02,   5.92891357e+02,   3.45697662e+02,   6.05574193e+02, 
              5.99738014e+02,   3.46206985e+02,   6.08433123e+02,   5.98214032e+02,   3.48014609e+02, 
              6.05661318e+02,   5.97325158e+02,   6.80609967e+02,   7.61109172e+02,   1.95115430e+01, 
              6.81926921e+02,   7.61843622e+02,   2.18796119e+01,   6.80438974e+02,   7.61985331e+02, 
              2.38122418e+01,   6.78130267e+02,   7.61911333e+02,   2.38111140e+01,   6.81908294e+02, 
              7.62385495e+02,   2.57997168e+01,   6.80572100e+02,   7.62662066e+02,   2.81141772e+01, 
              6.81988543e+02,   7.61323056e+02,   1.80864956e+01,   6.79165379e+02,   7.62427843e+02, 
              1.93120638e+01,   6.80040521e+02,   7.59216432e+02,   1.95493255e+01,   6.79423701e+02, 
              7.64292293e+02,   2.82640604e+01,   6.82241323e+02,   7.62741979e+02,   2.94210695e+01, 
              6.79258667e+02,   7.61112696e+02,   2.84496567e+01,   4.70422356e+02,   4.97300283e+01, 
              6.69123113e+02,   4.70310212e+02,   5.22101931e+01,   6.70152943e+02,   4.68911573e+02, 
              5.38296142e+01,   6.68763982e+02,   4.67564051e+02,   5.33769886e+01,   6.67031024e+02, 
              4.69260110e+02,   5.61471323e+01,   6.69744664e+02,   4.67934466e+02,   5.80799624e+01, 
              6.68325923e+02,   4.68567197e+02,   4.87882497e+01,   6.68745562e+02,   4.71556587e+02, 
              4.86586968e+01,   6.70465951e+02,   4.71498097e+02,   4.96523789e+01,   6.67312991e+02, 
              4.68720801e+02,   5.81623275e+01,   6.66408441e+02,   4.68129586e+02,   5.97737984e+01, 
              6.69239521e+02,   4.65911323e+02,   5.76993050e+01,   6.68257274e+02,   2.05795995e+02, 
              2.31065387e+02,   7.07484381e+02,   2.07289199e+02,   2.33089684e+02,   7.08307818e+02, 
              2.06672673e+02,   2.34113711e+02,   7.10572337e+02,   2.04935774e+02,   2.33376602e+02, 
              7.11886146e+02,   2.08514221e+02,   2.35843237e+02,   7.11154599e+02,   2.08255183e+02, 
              2.37171272e+02,   7.13481249e+02,   2.06681288e+02,   2.30355447e+02,   7.05716477e+02, 
              2.03724418e+02,   2.31371722e+02,   7.07430879e+02,   2.05841333e+02,   2.29554734e+02, 
              7.08940295e+02,   2.10045630e+02,   2.37797043e+02,   7.14143573e+02,   2.07534481e+02, 
              2.35691154e+02,   7.14677696e+02,   2.07046186e+02,   2.38807079e+02,   7.13345859e+02, 
              2.69575473e+02,   1.57843150e+02,   5.24749276e+02,   2.68416644e+02,   1.58152520e+02, 
              5.26707467e+02,   2.68030213e+02,   1.60404822e+02,   5.27754330e+02,   2.66225113e+02, 
              1.60136955e+02,   5.29857213e+02,   2.66412907e+02,   1.57377955e+02,   5.30429639e+02, 
              2.67372439e+02,   1.56266358e+02,   5.28079550e+02,   2.64295732e+02,   1.60556537e+02, 
              5.29065689e+02,   2.66612779e+02,   1.61500995e+02,   5.31306161e+02,   2.64537079e+02, 
              1.56658084e+02,   5.30964753e+02,   2.67787621e+02,   1.56844031e+02,   5.31824960e+02, 
              3.71930192e+02,   6.76194434e+02,   3.79241630e+02,   3.69961637e+02,   6.76770012e+02, 
              3.80155118e+02,   3.69764034e+02,   6.78077573e+02,   3.82223335e+02,   3.67190472e+02, 
              6.78745344e+02,   3.82764835e+02,   3.65795060e+02,   6.76800934e+02,   3.81127888e+02, 
              3.67647398e+02,   6.76255451e+02,   3.79237552e+02,   3.66767460e+02,   6.80797546e+02, 
              3.82401640e+02,   3.66883043e+02,   6.78484731e+02,   3.84807424e+02,   3.64311260e+02, 
              6.77674906e+02,   3.80004823e+02,   3.65310726e+02,   6.74980130e+02,   3.82168996e+02, 
              5.16741692e+02,   3.29585057e+02,   3.77273831e+02,   5.36323429e+02,   3.14819009e+02, 
              3.98680287e+02,   5.40132862e+02,   3.09930595e+02,   4.10355938e+02,   5.26390249e+02, 
              3.04983817e+02,   3.88243716e+02,   5.30662814e+02,   3.48193260e+02,   3.87478738e+02, 
              5.25664571e+02,   3.23226134e+02,   4.04497514e+02,   5.23876523e+02,   2.91445119e+02, 
              4.38642605e+02,   5.36839573e+02,   2.58610188e+02,   3.69750451e+02,   4.45804865e+02, 
              4.81127555e+02,   3.32697519e+02,   5.88456126e+02,   4.08319164e+02,   3.20504907e+02, 
              4.25563466e+02,   2.78124071e+00,   7.47017803e+02,   4.25230061e+02,   4.95539098e+00, 
              7.46346804e+02,   4.25222055e+02,   5.82280424e+00,   7.44022378e+02,   4.25259619e+02, 
              8.51590793e+00,   7.44090210e+02,   4.24523131e+02,   9.09484599e+00,   7.46968858e+02, 
              4.24850176e+02,   6.73239169e+00,   7.48094891e+02,   4.23821285e+02,   9.30252207e+00, 
              7.42882382e+02,   4.27141474e+02,   9.04239179e+00,   7.43422360e+02,   4.22572982e+02, 
              9.65476626e+00,   7.46968991e+02,   4.25702859e+02,   1.05250135e+01,   7.47965899e+02, 
              9.88290173e+01,   5.18310588e+02,   9.77627054e+01,   9.82569368e+01,   5.20469482e+02, 
              9.71358105e+01,   9.90448353e+01,   5.22615789e+02,   9.82521226e+01,   9.79202556e+01, 
              5.24767377e+02,   9.69536921e+01,   9.61252811e+01,   5.23536289e+02,   9.49760464e+01, 
              9.70217250e+01,   5.21006794e+02,   9.48368452e+01,   9.94872373e+01,   5.25893504e+02, 
              9.61731281e+01,   9.69427823e+01,   5.25879037e+02,   9.83697369e+01,   9.63518099e+01, 
              5.24197426e+02,   9.31483871e+01,   9.40449056e+01,   5.23572754e+02,   9.54648885e+01, 
              1.36675838e+02,   3.76404528e+02,   1.26966847e+02,   1.36508100e+02,   3.74098272e+02, 
              1.27109948e+02,   1.35311802e+02,   3.72897256e+02,   1.29045594e+02,   1.35004408e+02, 
              3.70297982e+02,   1.28203674e+02,   1.36924655e+02,   3.69941366e+02,   1.26081838e+02, 
              1.37405033e+02,   3.72553525e+02,   1.25387336e+02,   1.33094702e+02,   3.70149200e+02, 
              1.27491883e+02,   1.35260836e+02,   3.69098571e+02,   1.29878679e+02,   1.36121566e+02, 
              3.68956008e+02,   1.24356760e+02,   1.38616577e+02,   3.69155356e+02,   1.26751243e+02, 
              2.36600870e+02,   7.63663955e+02,   3.06466747e+02,   2.36349365e+02,   7.62873710e+02, 
              3.08517821e+02,   2.37973706e+02,   7.61378408e+02,   3.09739193e+02,   2.36856340e+02, 
              7.60924986e+02,   3.12205836e+02,   2.34760626e+02,   7.62783264e+02,   3.12574985e+02, 
              2.34352812e+02,   7.63594367e+02,   3.10014617e+02,   2.38306598e+02,   7.60936940e+02, 
              3.13508960e+02,   2.36282498e+02,   7.58941747e+02,   3.12079633e+02,   2.35203333e+02, 
              7.64398177e+02,   3.13668957e+02,   2.33078435e+02,   7.61898766e+02,   3.13419264e+02, 
              6.14275574e+02,   9.02905403e+01,   6.00502209e+02,   6.12546323e+02,   8.99827016e+01, 
              6.01871857e+02,   6.10623123e+02,   8.83627244e+01,   6.01477488e+02,   6.08867170e+02, 
              8.85968494e+01,   6.03488233e+02,   6.10060275e+02,   9.05067716e+01,   6.05282634e+02, 
              6.12168945e+02,   9.12967991e+01,   6.03920140e+02,   6.08604098e+02,   8.67324613e+01, 
              6.04401501e+02,   6.07088627e+02,   8.94162446e+01,   6.02729538e+02,   6.10721194e+02, 
              8.97282999e+01,   6.07128461e+02,   6.08923156e+02,   9.22030484e+01,   6.05683965e+02, 
              3.73740611e+01,   4.66762842e+02,   2.18823414e+02,   3.87660786e+01,   4.65310735e+02, 
              2.17892167e+02,   4.04000864e+01,   4.66047405e+02,   2.16081921e+02,   4.20257362e+01, 
              4.64051333e+02,   2.15487855e+02,   4.13601332e+01,   4.61988880e+02,   2.17451194e+02, 
              3.92091497e+01,   4.63057540e+02,   2.18758651e+02,   4.39200379e+01,   4.64875133e+02, 
              2.15745253e+02,   4.16846600e+01,   4.63388631e+02,   2.13581826e+02,   4.28661014e+01, 
              4.61608594e+02,   2.18775630e+02,   4.05666530e+01,   4.60353430e+02,   2.16488933e+02, 
              6.19181921e+02,   6.23272386e+02,   1.18442494e+02,   6.17691320e+02,   6.21665091e+02, 
              1.18833978e+02,   6.17489090e+02,   6.20489651e+02,   1.21121276e+02,   6.15179572e+02, 
              6.19098866e+02,   1.21254221e+02,   6.14725393e+02,   6.18458734e+02,   1.18399704e+02, 
              6.15773853e+02,   6.20751521e+02,   1.17190676e+02,   6.13601574e+02,   6.20300801e+02, 
              1.21997991e+02,   6.15457962e+02,   6.17559154e+02,   1.22492869e+02,   6.12788786e+02, 
              6.18429600e+02,   1.17640075e+02,   6.15820262e+02,   6.16870105e+02,   1.17811141e+02, 
              5.32826948e+02,   6.28638123e+02,   2.37073763e+02,   5.30705914e+02,   6.28057521e+02, 
              2.37571528e+02,   5.28786929e+02,   6.29728902e+02,   2.38210405e+02,   5.26597713e+02, 
              6.28161672e+02,   2.38953121e+02,   5.27315037e+02,   6.25542845e+02,   2.37943818e+02, 
              5.29926940e+02,   6.25649188e+02,   2.37396300e+02,   5.25021569e+02,   6.28873409e+02, 
              2.37920283e+02,   5.26517810e+02,   6.28336620e+02,   2.41030306e+02,   5.26386523e+02, 
              6.24963976e+02,   2.36309549e+02,   5.26864590e+02,   6.24391940e+02,   2.39552334e+02, 
              1.17451858e+02,   4.74296911e+02,   7.05268907e+02,   1.18838596e+02,   4.74441677e+02, 
              7.07058030e+02,   1.20954439e+02,   4.73100078e+02,   7.07278379e+02,   1.21927179e+02, 
              4.73334586e+02,   7.09912459e+02,   1.20553657e+02,   4.75515241e+02,   7.10903466e+02, 
              1.18357953e+02,   4.75831963e+02,   7.09184272e+02,   1.23865453e+02,   4.73808018e+02, 
              7.09717839e+02,   1.21738469e+02,   4.71572045e+02,   7.10934717e+02,   1.21573258e+02, 
              4.77302174e+02,   7.10804801e+02,   1.20078056e+02,   4.75363229e+02,   7.12885779e+02, 
              1.46972667e+02,   8.93043009e+01,   6.94228735e+02,   1.46274604e+02,   8.88003038e+01, 
              6.96306389e+02,   1.47087196e+02,   8.67767089e+01,   6.97523907e+02,   1.45525304e+02, 
              8.63478034e+01,   6.99797730e+02,   1.44417674e+02,   8.90728340e+01,   7.00263720e+02, 
              1.44550337e+02,   9.01356728e+01,   6.97727916e+02,   1.46552963e+02,   8.53563444e+01, 
              7.01258273e+02,   1.43935966e+02,   8.51453969e+01,   6.99142444e+02,   1.45605120e+02, 
              9.03656365e+01,   7.01380395e+02,   1.42508749e+02,   8.88843583e+01,   7.00965659e+02, 
              1.36844583e+02,   3.14677650e+02,   1.36155752e+01,   1.34786502e+02,   3.13975710e+02, 
              1.29680594e+01,   1.32842285e+02,   3.15386773e+02,   1.23990971e+01,   1.31126460e+02, 
              3.13827502e+02,   1.08544057e+01,   1.31769336e+02,   3.11084931e+02,   1.17298980e+01, 
              1.34275652e+02,   3.11503149e+02,   1.28291830e+01,   1.31602939e+02,   3.14053219e+02, 
              8.85361921e+00,   1.29283608e+02,   3.14416922e+02,   1.13694849e+01,   1.31685457e+02, 
              3.09767128e+02,   9.99723130e+00,   1.30577959e+02,   3.10441547e+02,   1.31989724e+01, 
              2.99404078e+02,   5.13433320e+02,   4.60285326e+02,   2.99911589e+02,   5.14892539e+02, 
              4.61839098e+02,   3.01196467e+02,   5.14312209e+02,   4.64111976e+02,   3.01189107e+02, 
              5.16553519e+02,   4.65633062e+02,   2.99793430e+02,   5.18547258e+02,   4.64095824e+02, 
              2.99375452e+02,   5.17404334e+02,   4.61704844e+02,   3.03101080e+02,   5.17093831e+02, 
              4.65995486e+02,   3.00251895e+02,   5.16017414e+02,   4.67322680e+02,   3.00911139e+02, 
              5.20261280e+02,   4.63830904e+02,   2.97982325e+02,   5.19228847e+02,   4.64752625e+02, 
              1.24200651e+02,   4.97465187e+02,   2.86765517e+02,   1.22930285e+02,   4.96984595e+02, 
              2.84974412e+02,   1.20616707e+02,   4.95904850e+02,   2.85100312e+02,   1.20036951e+02, 
              4.95207192e+02,   2.82497645e+02,   1.21645692e+02,   4.96940161e+02,   2.80960809e+02, 
              1.23654805e+02,   4.97551235e+02,   2.82641634e+02,   1.17968199e+02,   4.95235875e+02, 
              2.82357695e+02,   1.20647502e+02,   4.93187544e+02,   2.82171648e+02,   1.20867502e+02, 
              4.98751389e+02,   2.80398058e+02,   1.22370582e+02,   4.96148087e+02,   2.79238602e+02, 
              2.46602789e+02,   4.84923809e+02,   5.64732062e+02,   2.45987601e+02,   4.87065515e+02, 
              5.64712808e+02,   2.43681004e+02,   4.87893442e+02,   5.65211330e+02,   2.43768147e+02, 
              4.90569907e+02,   5.65506685e+02,   2.45894249e+02,   4.91171522e+02,   5.63681885e+02, 
              2.47413946e+02,   4.88998288e+02,   5.64012648e+02,   2.44315621e+02,   4.90857541e+02, 
              5.67516653e+02,   2.41970209e+02,   4.91391630e+02,   5.65146958e+02,   2.46768953e+02, 
              4.92970004e+02,   5.63938459e+02,   2.45318348e+02,   4.91285723e+02,   5.61674076e+02, 
              5.69635841e+02,   4.31906145e+02,   2.10881148e+02,   5.71604616e+02,   4.31044190e+02, 
              2.11706073e+02,   5.72649269e+02,   4.32272781e+02,   2.13767094e+02,   5.74802430e+02, 
              4.30707557e+02,   2.14566835e+02,   5.75149733e+02,   4.28833698e+02,   2.12484294e+02, 
              5.72994838e+02,   4.29089333e+02,   2.10997680e+02,   5.74475181e+02,   4.29805624e+02, 
              2.16409300e+02,   5.76441301e+02,   4.31922400e+02,   2.14714269e+02,   5.75230188e+02, 
              4.26912371e+02,   2.13151546e+02,   5.76844280e+02,   4.29291866e+02,   2.11399337e+02, 
              2.02394229e+02,   2.79158261e+02,   2.29952790e+02,   2.01373120e+02,   2.78520768e+02, 
              2.31840617e+02,   2.02549794e+02,   2.77003252e+02,   2.33497801e+02,   2.00868180e+02, 
              2.76290039e+02,   2.35470719e+02,   1.98643878e+02,   2.78176493e+02,   2.35085450e+02, 
              1.98947363e+02,   2.78995161e+02,   2.32510880e+02,   2.01801184e+02,   2.76435549e+02, 
              2.37392328e+02,   2.00461330e+02,   2.74391132e+02,   2.35112294e+02,   1.98811281e+02, 
              2.79893055e+02,   2.36149352e+02,   1.96835976e+02,   2.77305481e+02,   2.35327895e+02, 
              5.50009062e+01,   7.01329249e+02,   7.53884880e+02,   5.28138805e+01,   7.01558650e+02, 
              7.54430203e+02,   5.21571350e+01,   7.01686852e+02,   7.56823179e+02,   4.94630844e+01, 
              7.02394876e+02,   7.56825297e+02,   4.86506103e+01,   7.01340606e+02,   7.54322880e+02, 
              5.08868010e+01,   7.01489314e+02,   7.52747969e+02,   4.91729047e+01,   7.04458045e+02, 
              7.57144174e+02,   4.86845367e+01,   7.01719510e+02,   7.58672902e+02,   4.72191119e+01, 
              7.02563918e+02,   7.53440567e+02,   4.78554217e+01,   6.99504660e+02,   7.54749027e+02, 
              5.27566486e+02,   4.30023396e+02,  -5.21433574e+00,   5.26764949e+02,   4.32116525e+02, 
             -5.55070349e+00,   5.28275135e+02,   4.34050805e+02,  -6.19799997e+00,   5.26730609e+02, 
              4.36126859e+02,  -7.17051355e+00,   5.24003614e+02,   4.35373056e+02,  -6.36020549e+00, 
              5.24289572e+02,   4.32883838e+02,  -5.37489200e+00,   5.27227696e+02,   4.36004562e+02, 
             -9.20669972e+00,   5.27274619e+02,   4.37918351e+02,  -6.45335605e+00,   5.22569637e+02, 
              4.35339888e+02,  -7.93707878e+00,   5.23175383e+02,   4.36613893e+02,  -4.94553234e+00, 
              3.16900398e+02,   1.15147889e+02,   2.02446310e+02,   3.15248095e+02,   1.15163442e+02, 
              2.03931551e+02,   3.15494794e+02,   1.15873549e+02,   2.06411652e+02,   3.13168690e+02, 
              1.15721607e+02,   2.07714100e+02,   3.11337039e+02,   1.14530199e+02,   2.05830961e+02, 
              3.12821299e+02,   1.14179897e+02,   2.03525052e+02,   3.12366670e+02,   1.17568797e+02, 
              2.08113775e+02,   3.13401324e+02,   1.14574017e+02,   2.09444107e+02,   3.09809899e+02, 
              1.15884213e+02,   2.05581002e+02,   3.10757166e+02,   1.12727858e+02,   2.06480207e+02, 
              1.25188053e+02,   2.26076727e+02,   6.45317081e+02,   1.25634522e+02,   2.25547574e+02, 
              6.47431035e+02,   1.26705298e+02,   2.27132598e+02,   6.49308211e+02,   1.27284173e+02, 
              2.25508937e+02,   6.51452205e+02,   1.25620563e+02,   2.23229441e+02,   6.51164374e+02, 
              1.25078113e+02,   2.23230819e+02,   6.48421897e+02,   1.26757470e+02,   2.26627446e+02, 
              6.52982854e+02,   1.29272488e+02,   2.25007440e+02,   6.51603311e+02,   1.23880177e+02, 
              2.23587224e+02,   6.52161124e+02,   1.26383302e+02,   2.21403037e+02,   6.51593893e+02, 
              6.24877995e+01,   8.02567645e+02,   5.04692349e+02,   6.44812668e+01,   8.01867186e+02, 
              5.03993587e+02,   6.57669767e+01,   8.03090538e+02,   5.02223233e+02,   6.80429186e+01, 
              8.01616876e+02,   5.01457618e+02,   6.79290154e+01,   7.99439235e+02,   5.03306129e+02, 
              6.55783339e+01,   7.99692427e+02,   5.04549254e+02,   6.96752859e+01,   8.02786699e+02, 
              5.01888615e+02,   6.78198363e+01,   8.01097018e+02,   4.99555971e+02,   6.94947099e+01, 
              7.99509651e+02,   5.04678310e+02,   6.82917912e+01,   7.97636556e+02,   5.02323351e+02, 
              8.35886882e+01,   2.83150058e+01,   2.00649184e+00,   8.28897907e+01,   2.62407670e+01, 
              2.46757506e+00,   8.35995253e+01,   2.49060479e+01,   4.48326379e+00,   8.22060708e+01, 
              2.25535102e+01,   4.63809758e+00,   8.11456063e+01,   2.23228153e+01,   1.97681724e+00, 
              8.10765705e+01,   2.48683237e+01,   1.22317514e+00,   8.07819130e+01,   2.28604328e+01, 
              6.02721914e+00,   8.34230674e+01,   2.11517966e+01,   5.30060942e+00,   7.92138378e+01, 
              2.17012778e+01,   2.01353249e+00,   8.21325032e+01,   2.12146020e+01,   6.37634077e-01, 
              2.88761986e+02,   3.57361409e+02,   3.38891543e+02,   2.88850608e+02,   3.59167610e+02, 
              3.37493452e+02,   2.90150228e+02,   3.61373885e+02,   3.37969394e+02,   2.89943735e+02, 
              3.63050924e+02,   3.35912628e+02,   2.87958204e+02,   3.61891185e+02,   3.34155935e+02, 
              2.87434764e+02,   3.59395956e+02,   3.35280576e+02,   2.91859280e+02,   3.63166600e+02, 
              3.35037084e+02,   2.89391463e+02,   3.64939939e+02,   3.36530397e+02,   2.88542240e+02, 
              3.61692246e+02,   3.32207449e+02,   2.86184455e+02,   3.62863154e+02,   3.34171320e+02, 
              3.29678381e+02,   8.67488371e+01,   4.42530720e+02,   3.30824728e+02,   8.86305754e+01, 
              4.42314227e+02,   3.32073266e+02,   8.94820947e+01,   4.40249202e+02,   3.32508375e+02, 
              9.21222792e+01,   4.40471059e+02,   3.32465528e+02,   9.24864642e+01,   4.43370560e+02, 
              3.31131706e+02,   9.02956043e+01,   4.44266259e+02,   3.30769089e+02,   9.32564714e+01, 
              4.39756470e+02,   3.34186342e+02,   9.26048708e+01,   4.39491653e+02,   3.31628186e+02, 
              9.42744238e+01,   4.43883310e+02,   3.34317316e+02,   9.24593715e+01,   4.44186417e+02, 
              2.69942870e+02,   6.98467937e+02,   6.69066188e+02,   2.68482077e+02,   6.97281815e+02, 
              6.67827330e+02,   2.65911168e+02,   6.97632718e+02,   6.67765787e+02,   2.64926436e+02, 
              6.95960398e+02,   6.65787608e+02,   2.67030690e+02,   6.94043586e+02,   6.65392525e+02, 
              2.69198277e+02,   6.95228217e+02,   6.66432378e+02,   2.64730992e+02,   6.97050208e+02, 
              6.64129672e+02,   2.63092448e+02,   6.95286567e+02,   6.66426779e+02,   2.67566734e+02, 
              6.93527565e+02,   6.63424729e+02,   2.66755484e+02,   6.92233641e+02,   6.66458951e+02, 
              5.95156238e+01,   4.32164876e+02,   2.36732170e+01,   6.08278935e+01,   4.33966879e+02, 
              2.41050020e+01,   6.10008033e+01,   4.35168225e+02,   2.63652183e+01,   6.29757277e+01, 
              4.37105905e+02,   2.63075696e+01,   6.33214618e+01,   4.37310884e+02,   2.34663800e+01, 
              6.23246974e+01,   4.35083710e+02,   2.24455598e+01,   6.47000459e+01,   4.36527128e+02, 
              2.72655194e+01,   6.22275775e+01,   4.38779332e+02,   2.71945463e+01,   6.53550895e+01, 
              4.37428860e+02,   2.27727056e+01,   6.22756492e+01,   4.38859322e+02,   2.26842716e+01, 
              7.85490364e+02,   4.95093303e+02,   8.43680386e+01,   7.86755825e+02,   4.96971176e+02, 
              8.43913945e+01,   7.86873284e+02,   4.98515302e+02,   8.63942370e+01,   7.88429256e+02, 
              5.00646872e+02,   8.58144849e+01,   7.89511453e+02,   5.00007586e+02,   8.31731630e+01, 
              7.88358956e+02,   4.97697106e+02,   8.25524476e+01,   7.90086140e+02,   5.00884021e+02, 
              8.71358835e+01,   7.87177199e+02,   5.02317446e+02,   8.57686139e+01,   7.91542766e+02, 
              4.99834884e+02,   8.32066183e+01,   7.89115562e+02,   5.01514777e+02,   8.18272382e+01, 
              7.99313037e+02,   6.83852405e+02,   3.83872862e+02,   7.99756919e+02,   6.86065461e+02, 
              3.84190082e+02,   8.01099289e+02,   6.87042968e+02,   3.86143339e+02,   8.01442225e+02, 
              6.89697506e+02,   3.85630891e+02,   8.00462578e+02,   6.90084754e+02,   3.82993579e+02, 
              7.99045381e+02,   6.87742414e+02,   3.82458491e+02,   8.03461323e+02,   6.90248914e+02, 
              3.85858698e+02,   8.00320891e+02,   6.90722802e+02,   3.87036059e+02,   8.02189079e+02, 
              6.90203106e+02,   3.81801911e+02,   7.99242427e+02,   6.91704018e+02,   3.82819803e+02, 
              2.88189459e+02,   7.98697272e+02,   2.24723763e+02,   2.88541680e+02,   7.99713592e+02, 
              2.22727091e+02,   2.87290238e+02,   7.99201439e+02,   2.20511276e+02,   2.88045593e+02, 
              8.01103812e+02,   2.18623419e+02,   2.90395600e+02,   8.02242563e+02,   2.19705393e+02, 
              2.90312593e+02,   8.01536327e+02,   2.22353550e+02,   2.86517519e+02,   8.02440208e+02, 
              2.18415998e+02,   2.88404875e+02,   8.00122328e+02,   2.16868321e+02,   2.90280223e+02, 
              8.04335700e+02,   2.19702370e+02,   2.92246433e+02,   8.01950453e+02,   2.19118151e+02, 
              2.70569091e+02,   6.64387342e+02,   8.05352731e+02,   2.72358470e+02,   6.65678739e+02, 
              8.05343205e+02,   2.72887634e+02,   6.67428604e+02,   8.03485960e+02,   2.74855622e+02, 
              6.69025030e+02,   8.04272302e+02,   2.75990844e+02,   6.67793345e+02,   8.06553036e+02, 
              2.74010321e+02,   6.65892705e+02,   8.07272491e+02,   2.73864212e+02,   6.70867677e+02, 
              8.04689886e+02,   2.76152233e+02,   6.69311212e+02,   8.02666282e+02,   2.76219013e+02, 
              6.69095342e+02,   8.08125720e+02,   2.77863149e+02,   6.66828655e+02,   8.06321999e+02, 
              4.72972882e+02,   2.97075550e+02,   2.15351052e+02,   4.71065432e+02,   2.95885028e+02, 
              2.15170572e+02,   4.69120113e+02,   2.96173796e+02,   2.16806554e+02,   4.67123976e+02, 
              2.94518075e+02,   2.15781460e+02,   4.68049535e+02,   2.93886278e+02,   2.13170164e+02, 
              4.70638196e+02,   2.94241186e+02,   2.13340401e+02,   4.65212273e+02,   2.95163959e+02, 
              2.15848090e+02,   4.67235659e+02,   2.92757235e+02,   2.16816778e+02,   4.67089833e+02, 
              2.94922896e+02,   2.11764123e+02,   4.67879451e+02,   2.91834647e+02,   2.12629147e+02, 
              4.85822501e+02,   6.61426492e+02,   6.18118461e+02,   4.84996825e+02,   6.59474111e+02, 
              6.18750052e+02,   4.85397031e+02,   6.57357071e+02,   6.17395434e+02,   4.84185301e+02, 
              6.55233004e+02,   6.18641964e+02,   4.82932435e+02,   6.56488493e+02,   6.21009169e+02, 
              4.83711946e+02,   6.59005377e+02,   6.20815750e+02,   4.85609575e+02,   6.53969473e+02, 
              6.19303469e+02,   4.82813569e+02,   6.54458063e+02,   6.17328180e+02,   4.83304503e+02, 
              6.55518543e+02,   6.22835810e+02,   4.80739879e+02,   6.56556961e+02,   6.20799573e+02, 
              1.98308983e+02,   4.28378211e+02,   4.00239359e+02,   1.97609151e+02,   4.26491181e+02, 
              3.99231941e+02,   1.97849487e+02,   4.25948394e+02,   3.96674402e+02,   1.96593454e+02, 
              4.23593597e+02,   3.96140070e+02,   1.96320409e+02,   4.22387468e+02,   3.98768343e+02, 
              1.96414617e+02,   4.24499027e+02,   4.00409574e+02,   1.97585322e+02,   4.22519544e+02, 
              3.94694036e+02,   1.94752703e+02,   4.24082745e+02,   3.95508386e+02,   1.97869666e+02, 
              4.21141114e+02,   3.99139024e+02,   1.94600210e+02,   4.21215266e+02,   3.99109239e+02, 
              1.87881596e+02,   5.45433622e+02,   1.55852611e+02,   1.86998723e+02,   5.43368271e+02, 
              1.55882504e+02,   1.86897704e+02,   5.41659248e+02,   1.54026365e+02,   1.86309552e+02, 
              5.39162862e+02,   1.54985819e+02,   1.84669502e+02,   5.39940266e+02,   1.57286830e+02, 
              1.85734992e+02,   5.42406919e+02,   1.57962122e+02,   1.88029826e+02,   5.38436898e+02, 
              1.55739294e+02,   1.85342215e+02,   5.38089233e+02,   1.53548470e+02,   1.84995408e+02, 
              5.38650979e+02,   1.58864796e+02,   1.82741395e+02,   5.40186606e+02,   1.56702778e+02, 
              3.43004946e+02,   4.30932053e+02,   6.33943550e+02,   3.43830493e+02,   4.32939666e+02, 
              6.33344693e+02,   3.45461795e+02,   4.33418494e+02,   6.31549541e+02,   3.46235941e+02, 
              4.36062698e+02,   6.31685525e+02,   3.44475144e+02,   4.37275380e+02,   6.33631197e+02, 
              3.43099279e+02,   4.35192232e+02,   6.34689876e+02,   3.46048549e+02,   4.36814101e+02, 
              6.29789365e+02,   3.48174561e+02,   4.36460969e+02,   6.32366845e+02,   3.43236578e+02, 
              4.38752096e+02,   6.32753753e+02,   3.45360234e+02,   4.38153364e+02,   6.35245527e+02, 
              1.29621968e+02,   7.41762692e+02,   1.93261417e+02,   1.30366145e+02,   7.40286733e+02, 
              1.91772879e+02,   1.31946001e+02,   7.40861380e+02,   1.89832318e+02,   1.32948064e+02, 
              7.38654146e+02,   1.88581589e+02,   1.31301845e+02,   7.36612432e+02,   1.89789066e+02, 
              1.30238634e+02,   7.37762727e+02,   1.92019609e+02,   1.35087731e+02,   7.38367935e+02, 
              1.89078997e+02,   1.32542201e+02,   7.39047041e+02,   1.86597818e+02,   1.32482275e+02, 
              7.35041559e+02,   1.90361115e+02,   1.29711586e+02,   7.36069643e+02,   1.88706568e+02, 
              7.42945257e+02,   7.25996261e+02,   5.41533674e+02,   7.42314922e+02,   7.23943843e+02, 
              5.41976931e+02,   7.40797057e+02,   7.22503305e+02,   5.40534371e+02,   7.40567971e+02, 
              7.20002738e+02,   5.41718662e+02,   7.41502339e+02,   7.20501033e+02,   5.44425951e+02, 
              7.42897781e+02,   7.22756929e+02,   5.44191808e+02,   7.41723110e+02,   7.18572877e+02, 
              5.40851704e+02,   7.38829857e+02,   7.19085146e+02,   5.41702379e+02,   7.42859078e+02, 
              7.19140337e+02,   5.45321863e+02,   7.39900794e+02,   7.20700623e+02,   5.45814511e+02, 
              4.28387251e+02,   5.76641133e+02,   3.14618337e+02,   4.29272360e+02,   5.76491847e+02, 
              3.16693145e+02,   4.29553625e+02,   5.78390231e+02,   3.18259788e+02,   4.30648207e+02, 
              5.77627269e+02,   3.20587950e+02,   4.30816721e+02,   5.74770639e+02,   3.20397139e+02, 
              4.30416005e+02,   5.74257885e+02,   3.17686377e+02,   4.29523073e+02,   5.78271415e+02, 
              3.22161959e+02,   4.32532805e+02,   5.78456824e+02,   3.20705181e+02,   4.29321360e+02, 
              5.73824559e+02,   3.21546231e+02,   4.32633935e+02,   5.74158975e+02,   3.20997173e+02, 
              6.38640401e+02,   2.82863539e+02,   4.60128903e+02,   6.36810202e+02,   2.82442522e+02, 
              4.61384170e+02,   6.36030521e+02,   2.80299155e+02,   4.62394113e+02,   6.34018735e+02, 
              2.80598497e+02,   4.64168966e+02,   6.33531624e+02,   2.83306785e+02,   4.63978398e+02, 
              6.35349580e+02,   2.84324894e+02,   4.62157410e+02,   6.34703309e+02,   2.80041383e+02, 
              4.65977390e+02,   6.32477435e+02,   2.79453109e+02,   4.63505340e+02,   6.33754949e+02, 
              2.84228949e+02,   4.65810263e+02,   6.31777857e+02,   2.83932213e+02,   4.63273973e+02, 
              4.39014312e+02,   1.24133033e+02,   5.36198780e+01,   4.40808891e+02,   1.23304000e+02, 
              5.45993895e+01,   4.42933116e+02,   1.22670874e+02,   5.34429045e+01,   4.44730137e+02, 
              1.21430090e+02,   5.52561369e+01,   4.43622455e+02,   1.22310259e+02,   5.78000162e+01, 
              4.41007679e+02,   1.22895451e+02,   5.72133249e+01,   4.46506963e+02,   1.22337901e+02, 
              5.49590606e+01,   4.44675831e+02,   1.19464880e+02,   5.49407314e+01,   4.44575905e+02, 
              1.24038014e+02,   5.86559022e+01,   4.43767088e+02,   1.20877580e+02,   5.92582722e+01, 
              1.92333568e+02,   5.81271884e+01,   1.14956654e+02,   1.93832172e+02,   5.87005139e+01, 
              1.16520449e+02,   1.93639731e+02,   5.82109984e+01,   1.19036185e+02,   1.95854511e+02, 
              5.89678027e+01,   1.20235048e+02,   1.97567641e+02,   6.00482270e+01,   1.18171192e+02, 
              1.95981998e+02,   5.99563936e+01,   1.15938363e+02,   1.96653824e+02,   5.73856720e+01, 
              1.21134962e+02,   1.95377021e+02,   6.02131587e+01,   1.21785808e+02,   1.99147863e+02, 
              5.88933741e+01,   1.17694903e+02,   1.98127992e+02,   6.20199988e+01,   1.18372645e+02, 
              6.80955343e+01,   4.60654019e+02,   5.29394009e+02,   6.69556308e+01,   4.58811967e+02, 
              5.29763738e+02,   6.43798414e+01,   4.58800357e+02,   5.30115714e+02,   6.34782274e+01, 
              4.56371478e+02,   5.30445257e+02,   6.59153908e+01,   4.54710012e+02,   5.30193639e+02, 
              6.79178884e+01,   4.56553770e+02,   5.29849361e+02,   6.19768279e+01,   4.55661478e+02, 
              5.29194908e+02,   6.26618715e+01,   4.56231263e+02,   5.32281873e+02,   6.58591309e+01, 
              4.53596584e+02,   5.28472777e+02,   6.63165402e+01,   4.53602980e+02,   5.31823778e+02, 
              2.88858263e+02,   1.72250704e+02,  -8.87659385e+00,  -4.74947048e+01,   3.55917017e+02, 
              8.26957419e+02,   7.83140274e+02,   3.47307504e+02,   2.32388503e+02,   1.47357597e+02, 
              3.09808524e+02,   1.95049892e+02,   2.90968616e+01,  -1.27579451e+01,   4.50955628e+02, 
              6.75425128e+02,   1.36066191e+02,   7.54954645e+02,   3.55849631e+02,   2.82324019e+02, 
              7.71652899e+02,   1.37783602e+02,   3.41395456e+02,   5.07566584e+02,   7.88383614e+02, 
              4.41289804e+02,   6.17843331e+02,   6.48064819e+02,   9.22750146e+02,   1.01298836e+03, 
              1.29094591e+02,   6.58619827e+02,   5.51205244e+01,   5.54275092e+02,   6.40637739e+02, 
              7.91726628e+02,   5.39081723e+02,   3.12488003e+02,   4.05681192e+02,   3.27953462e+02, 
              7.45351171e+02,   5.31132722e+02,   4.57115764e+02,   3.93954462e+02,   5.73193469e+02, 
              4.96487756e+02,   2.57424393e+02,   1.10085084e+02,   2.33982014e+02,   1.70032497e+02, 
              3.67839188e+02,   6.96319941e+02,   3.07908607e+02,   2.23077908e+02,   6.88002480e+02, 
              3.15219522e+02,   2.25351250e+02,   6.83094180e+02,   3.05898616e+02,   2.35882768e+02, 
              6.94918228e+02,   3.20301735e+02,   2.32701044e+02,   6.78975801e+02,   3.08115645e+02, 
              2.15895199e+02,   6.77177992e+02,   3.24751013e+02,   2.28854373e+02,   6.91862360e+02, 
              3.21884400e+02,   2.17041058e+02,   1.24327948e+02,   5.76918946e+02,   6.34802481e+02, 
              1.24660923e+02,   5.72537674e+02,   6.24619825e+02,   1.10965443e+02,   5.82316380e+02, 
              6.14565198e+02,   1.32628269e+02,   5.76799507e+02,   6.18960752e+02,   1.14440912e+02, 
              5.67706683e+02,   6.32362011e+02,   1.20465446e+02,   5.63253362e+02,   6.19469069e+02, 
              1.37992056e+02,   5.58949718e+02,   6.30563867e+02,   3.76028428e+02,   7.87102617e+02, 
              5.84878551e+02,   3.84436172e+02,   7.80036854e+02,   5.87802441e+02,   3.78025973e+02, 
              7.75921165e+02,   5.96209797e+02,   3.79228743e+02,   7.69854356e+02,   5.78235840e+02, 
              3.88645036e+02,   7.87958488e+02,   5.94824783e+02,   3.95406329e+02,   7.70676323e+02, 
              5.91485745e+02,   3.92818494e+02,   7.85439310e+02,   5.76711908e+02,   4.28374560e+02, 
              5.35950708e+02,   7.13606072e+02,   4.38842782e+02,   5.36428656e+02,   7.14585265e+02, 
              4.49795877e+02,   5.41461498e+02,   7.18107788e+02,   4.34788896e+02,   5.24171722e+02, 
              7.29758117e+02,   4.46144239e+02,   5.42090704e+02,   7.05669580e+02,   4.48065960e+02, 
              5.28069327e+02,   7.11247622e+02,   4.28387521e+02,   5.36096473e+02,   7.13034075e+02, 
              9.51985380e+01,   3.62564683e+02,   4.64600799e+02,   9.85576119e+01,   3.54216142e+02, 
              4.58710391e+02,   1.08020411e+02,   3.55552780e+02,   4.65947379e+02,   9.52139915e+01, 
              3.46245212e+02,   4.64976329e+02,   9.88205901e+01,   3.65361929e+02,   4.47926376e+02, 
              1.07429060e+02,   3.42763233e+02,   4.57045476e+02,   8.75759378e+01,   3.50413009e+02, 
              4.46901313e+02,   3.45049420e+02,   2.66886900e+02,   2.07625498e+02,   3.32842008e+02, 
              2.25478725e+02,   1.60322991e+02,   3.46474039e+02,   1.92832153e+02,   2.16949374e+02, 
             -5.93862065e+01,   2.39500356e+02,   5.28865977e+02,   3.27465044e+02,   2.23314835e+02, 
              1.70096309e+02,   3.75962915e+02,   2.12300353e+02,   1.91876779e+02,   3.49015580e+02, 
              2.28121238e+02,   1.07642541e+02,   3.46694856e+02,   3.77780924e+02,   1.60034011e+02, 
              3.33254462e+02,   4.06470288e+02,   1.47805090e+02,   1.89339295e+02,   4.22606698e+02, 
              2.33993121e+02,   3.29518370e+02,   4.04136105e+02,   1.87334822e+02,   4.81369101e+02, 
              6.30493530e+02,   4.17633514e+02,  -4.92056639e+01,   2.14739573e+02,   6.84551237e+01, 
              2.40533575e+02,   3.45542267e+02,   2.26987989e+02,   3.44605010e+01,   7.78041213e+02, 
              2.87288681e+02,   4.59317390e+01,   7.78372997e+02,   2.88637545e+02,   5.35330677e+01, 
              7.87174784e+02,   3.01288132e+02,   3.44398137e+01,   7.78499582e+02,   2.87409937e+02, 
              5.45638310e+01,   7.79515576e+02,   2.81925507e+02,   6.03258212e+01,   7.75625672e+02, 
              3.00266365e+02,   3.38063786e+01,   7.52547215e+02,   2.97288928e+02,   3.33080325e+02, 
              2.25353585e+02,   1.55486479e+02,   3.73737769e+02,   1.61002231e+02,   2.63793448e+02, 
              1.85691832e+02,   2.95171283e+02,   8.29333765e+01,   2.91015666e+02,   1.74313449e+02, 
             -1.10788539e+01,   2.81049337e+02,   3.59993575e+02,   4.07636960e+01,   2.38352571e+01, 
              2.49204630e+02,  -5.24631291e+01,   2.63130751e+02,   1.74497181e+02,   7.81249774e+01, 
              3.53071400e+02,   2.50254612e+02,   5.43426898e+02,   3.46701625e+02,   2.63767477e+02, 
              5.34314863e+02,   3.57661050e+02,   2.66880773e+02,   5.32615792e+02,   3.36394704e+02, 
              2.56110657e+02,   5.23040948e+02,   3.57533532e+02,   2.67583135e+02,   5.33270543e+02, 
              3.36944939e+02,   2.62130891e+02,   5.33683275e+02,   3.34606827e+02,   2.70198839e+02, 
              5.44367505e+02,   7.13805685e+02,   6.69883828e+02,   6.99362432e+02,   7.25730107e+02, 
              6.62972807e+02,   6.87843305e+02,   7.20702056e+02,   6.70313750e+02,   6.80739505e+02, 
              7.38754634e+02,   6.77556249e+02,   6.97379301e+02,   7.16139044e+02,   6.53870695e+02, 
              6.82800627e+02,   7.31823811e+02,   6.57543383e+02,   6.80958109e+02,   7.24983524e+02, 
              6.56456071e+02,   6.97033584e+02,   6.54745046e+02,   3.14314878e+02,   3.86751898e+01, 
              6.47670888e+02,   2.76812044e+02,  -3.24985727e+01,   7.23220367e+02,   2.65078158e+02, 
              9.67679217e+00,   6.61719228e+02,   2.77757738e+02,  -5.13567393e+00,   6.82784406e+02, 
              3.44622401e+02,   8.19590031e+00,   6.62293607e+02,   2.77920200e+02,  -5.23052181e+00, 
              5.95434992e+02,   3.03710253e+02,  -9.39745557e+00,   8.01288666e+02,   5.06834901e+02, 
              4.06104316e+02,   7.79183447e+02,   4.82156540e+02,   4.06081264e+02,   7.52251780e+02, 
              4.89973341e+02,   4.36096323e+02,   7.80368695e+02,   4.49198401e+02,   4.03042107e+02, 
              7.36703315e+02,   5.45009372e+02,   4.42143991e+02,   6.86316377e+02,   5.01311647e+02, 
              4.46463105e+02,   7.88588686e+02,   4.52880732e+02,   4.98556750e+02,   4.58610605e+02, 
              1.52040804e+02,   4.11129612e+02,   4.64306084e+02,   1.60190715e+02,   4.06021543e+02, 
              4.59732215e+02,   1.67321164e+02,   4.13368124e+02,   4.76016209e+02,   1.58470216e+02, 
              4.14713275e+02,   4.55430282e+02,   1.61665985e+02,   3.99308177e+02,   4.70790851e+02, 
              1.71691457e+02,   3.99429729e+02,   4.70172156e+02,   1.50599403e+02,   3.96583842e+02, 
              5.91143767e+02,   3.29586281e+02,   6.47431917e+02,   5.81226843e+02,   3.28801002e+02, 
              6.37880417e+02,   5.89655962e+02,   3.29006557e+02,   6.45999340e+02,   5.71988854e+02, 
              3.38759624e+02,   6.43876178e+02,   5.89812811e+02,   3.30365994e+02,   6.25915758e+02, 
              5.74376149e+02,   3.26540630e+02,   6.30965945e+02,   5.73664969e+02,   3.26953308e+02, 
              6.31454241e+02,   2.76803017e+01,   1.39947243e+02,   6.71424493e+02,   2.01557569e+01, 
              1.46719600e+02,   6.76703421e+02,   9.05741598e+00,   1.40007220e+02,   6.69175096e+02, 
              1.90406010e+01,   1.39005643e+02,   6.85050420e+02,   2.13462965e+01,   1.56851917e+02, 
              6.65689155e+02,   1.00498627e+01,   1.55856110e+02,   6.82863372e+02,   2.87574807e+01, 
              1.51575761e+02,   6.82423053e+02,   5.38744986e+02,   7.48032712e+02,   1.67202151e+02, 
              5.43546198e+02,   7.53910006e+02,   1.74875099e+02,   5.30403342e+02,   7.56369656e+02, 
              1.80940406e+02,   5.43049034e+02,   7.44573064e+02,   1.80505242e+02,   5.44263978e+02, 
              7.64437410e+02,   1.64351518e+02,   5.49407769e+02,   7.60470760e+02,   1.86436923e+02, 
              5.52640831e+02,   7.50058939e+02,   1.70697381e+02 ]
         </q>
         <p shape='(1, 6798)'>
          [   2.21810369e-01,   3.03649931e+00,  -3.67450952e+00,  -6.75486689e+00,   3.85811973e-01, 
              8.63914014e+00,  -1.31594065e+00,   5.90533521e+00,   5.62802551e+00,  -7.41751172e-02, 
              6.72540968e+00,   2.62445939e+00,   3.73127681e+00,  -3.39388893e+00,  -3.57743142e+00, 
             -1.35330819e+00,  -4.45283045e+00,   8.18589832e-02,   1.91827128e+00,   9.01725453e-01, 
              6.36276000e-01,   1.83841283e+00,  -1.65244108e+00,   7.87490185e-02,   5.64582921e-01, 
             -3.04837650e+00,  -4.96525440e-01,  -4.87172069e-01,  -2.59921488e+00,   4.70438218e-01, 
              3.76837285e-01,   1.46119895e+00,  -1.35883376e-01,  -1.20386407e-01,   1.36950620e+00, 
             -6.49132704e-01,   8.01326620e-01,   3.98806099e+00,   1.28294925e+00,  -7.09982513e+00, 
             -2.50988577e+00,  -8.29427321e-01,  -1.56593097e+00,  -5.95401762e+00,  -3.14305216e+00, 
             -1.38898169e+00,  -4.08386934e-01,  -3.04089410e+00,  -1.23778271e+00,   9.44105542e+00, 
             -1.60864679e+00,   1.48629941e-01,  -6.55558401e+00,   6.52820783e-01,  -1.87639834e-01, 
              2.40666716e+00,  -1.27162955e+00,  -9.35866743e-01,   3.98308229e-01,   1.17548449e+00, 
              1.01031360e+00,  -1.09812521e+00,   1.34491266e+00,  -1.62987554e+00,  -1.25543584e+00, 
             -3.39276148e-01,   5.03923306e-01,  -1.22455680e+00,  -7.20802985e-01,   7.91166143e-02, 
              3.57426501e-01,   1.13462945e+00,  -4.39532229e+00,  -8.29397268e-01,  -4.24796011e-01, 
              4.51052232e+00,  -3.33719892e+00,   5.94119670e-01,   4.30240489e+00,   9.97862485e+00, 
              9.65636506e-01,  -2.29606643e-01,   1.25966134e+01,   3.92985465e+00,   7.71331409e+00, 
              6.61689085e+00,   9.11878417e-01,  -6.05244253e-01,   7.93958672e-01,   1.66002536e+00, 
             -8.53336161e-01,  -9.84219249e-01,   1.02785095e+00,  -1.45470269e+00,  -9.40807407e-01, 
              1.47805182e+00,  -4.02326425e-01,  -3.05698635e+00,   1.05326189e+00,   3.19838550e+00, 
             -1.24454930e+00,  -4.61074947e-01,   8.55779249e-01,  -3.07880175e+00,  -4.54572227e-01, 
              1.57826725e+00,  -2.93535792e-01,   2.07351906e+00,  -9.80445609e-01,  -4.38567814e+00, 
              2.56813564e+00,  -1.26355760e+00,   7.89468756e-01,   2.91817097e+00,  -1.77243253e+00, 
             -2.56492491e+00,  -7.06003659e+00,   1.63673444e+00,   3.43931651e+00,   1.84141726e+00, 
              3.87059122e+00,   1.04830648e-01,   2.94440505e+00,  -1.74706920e+00,  -1.32428038e+00, 
              1.01665312e+00,   6.15291924e-01,   2.65157955e+00,   1.96519455e+00,  -4.00478747e-02, 
             -8.55096925e-01,   1.67804867e+00,   1.52708271e+00,   6.12526781e-01,  -3.52509880e-01, 
             -3.47513148e-01,  -1.98820574e-01,  -2.39798195e-01,  -7.02212766e-01,  -1.31475139e+00, 
             -7.85689197e-01,  -6.01160363e-02,   2.37317001e+00,   1.17569847e+00,   1.00773876e-01, 
             -9.79831426e-01,   5.34937091e+00,   1.58200325e+01,  -3.87431054e+00,   3.19461346e+00, 
             -1.68969218e+00,  -1.69875830e+00,   3.95313525e+00,   4.43489840e+00,   2.21688034e+00, 
             -5.46539529e+00,   1.12574893e+00,  -2.31660505e+00,   8.76300796e-01,   2.11352404e+00, 
              7.93883380e+00,  -2.10628127e+00,   3.18143155e+00,   1.35700773e+00,   3.51010349e-01, 
             -1.29721670e+00,   3.08003408e-01,   8.99105591e-01,   6.30797884e-01,  -1.47232963e+00, 
             -7.78244253e-02,  -5.02915372e-01,  -1.40670538e-01,   7.69333649e-01,   8.74567268e-01, 
             -4.86314520e-01,  -8.31981590e-01,   1.41277406e+00,   3.94644228e-01,  -8.57899865e-01, 
              5.71356838e+00,  -1.08374179e+00,  -7.23982028e+00,   4.32026433e-01,  -1.30436822e-01, 
             -2.85622807e+00,   8.97094446e-01,   3.14632759e+00,  -1.11009692e+00,   8.69302497e-01, 
             -5.22481175e+00,   6.74749169e+00,  -1.01422499e+00,   5.77509861e+00,  -1.78411472e+00, 
             -8.04971783e+00,   4.59057212e-02,  -1.11287577e+00,   7.35747818e-01,   1.58205560e+00, 
              6.16255598e-02,  -5.94134375e-01,   2.49105709e+00,   2.08138681e-01,   1.95128336e+00, 
              3.79881828e-01,   1.59055736e+00,   1.04478753e+00,   1.26993893e-01,  -8.82545845e-02, 
             -3.56679135e-01,  -9.58370281e-01,  -1.02237894e+00,   1.87887842e+00,  -1.84979388e+00, 
              5.04816359e-02,   6.20783296e+00,   6.70822547e-01,  -2.91562910e+00,  -2.06405349e+00, 
             -2.63573814e+00,  -8.49671907e+00,   4.25868127e-01,  -4.94024755e+00,   1.29350794e+00, 
             -5.07586668e+00,  -4.88300902e+00,   1.11628099e+01,   3.34426261e+00,   6.76274240e+00, 
             -1.24513666e+01,  -3.81311932e+00,   7.68861313e-01,   2.18235142e+00,  -1.92080451e+00, 
             -1.47909744e+00,  -1.40771693e+00,   1.47118551e+00,  -1.88147111e+00,   1.72881282e-01, 
             -3.75511785e-01,  -5.32443451e-01,   1.62606369e-01,   1.34731757e+00,  -7.92435261e-03, 
              1.18275416e+00,   1.17827300e-02,  -1.21524935e+00,  -8.97022192e-01,   1.13603046e-01, 
             -2.72829908e-01,  -4.93955516e-01,  -1.42595565e+00,   4.43975285e-01,   5.12819616e+00, 
             -2.50232906e-01,  -6.29328323e+00,  -2.95536633e+00,   2.42819918e+00,  -7.55327361e+00, 
              8.64231314e-01,   6.38618739e+00,  -8.21115009e-01,  -4.08283638e+00,   6.55524688e+00, 
              4.47834679e+00,  -5.05381133e-02,   1.18227898e+00,   1.20362135e+00,   2.13798812e+00, 
              1.22280206e+00,  -7.66534341e-01,  -1.59596913e+00,   8.50216822e-01,   4.92691329e-01, 
             -2.25537833e-01,  -7.84337784e-03,   3.47493948e-01,  -1.01232796e+00,  -5.28181097e-01, 
             -9.26711560e-01,  -1.89260720e+00,  -1.24739856e+00,  -6.17240654e-01,   2.06330043e+00, 
             -1.77495933e-01,  -4.84000361e-02,  -1.35120528e+00,   6.36335027e+00,  -1.18402264e+00, 
              1.94585958e+00,  -6.86136360e+00,  -7.66833366e+00,   1.13721426e+00,   6.49813204e+00, 
             -8.85267075e-02,   2.22642625e+00,   3.40286301e+00,  -1.00371267e+00,  -1.95580042e+00, 
             -2.50277934e-02,  -3.36653875e+00,   2.69429817e+00,  -1.33959920e+00,   4.28665964e-01, 
             -6.44001308e-01,  -1.86744878e-01,  -7.03427255e-01,   1.02750069e+00,  -1.70778521e+00, 
              5.95463035e-01,  -2.38134474e+00,   1.45056943e-03,  -1.43810148e-01,   1.97205181e+00, 
              2.56280709e-01,  -9.13579501e-02,  -3.87041337e-02,   3.17316458e-01,   3.31386283e-01, 
             -1.07715319e+00,   1.52200194e+00,  -1.55740289e-01,  -8.47635966e-01,  -3.36236080e+00, 
              9.96423845e-01,   1.33672267e+00,   3.02529470e+00,  -8.32580016e-01,   5.80179029e+00, 
              1.25346092e+00,  -8.99463030e+00,  -1.03049904e+00,  -5.88803474e+00,   3.13493936e+00, 
             -5.31296484e+00,   5.06547584e+00,   1.46085444e-01,  -2.72113691e+00,   2.38894487e+00, 
             -8.29893215e+00,  -8.59839715e+00,  -1.69409769e+00,   7.64782823e-01,  -1.11468314e+00, 
             -4.99919725e-01,  -1.70444962e-01,  -2.67972232e+00,   1.32754411e-02,  -9.97222985e-01, 
              6.28903546e-01,  -5.86851791e-01,   1.11861071e+00,  -9.48979726e-01,  -3.72428699e+00, 
              3.07296621e-01,   4.64110968e-01,   5.19009091e-01,   2.12760639e+00,   3.86941593e+00, 
              1.54727078e-01,   4.00797129e+00,  -6.56679759e-01,   4.12131641e+00,   4.89225186e+00, 
             -5.60191031e+00,  -2.71685699e+00,  -5.77354849e+00,   3.39497709e+00,  -3.89556354e-02, 
             -5.36183701e+00,  -2.56943507e+00,   4.05874060e+00,   2.88118655e+00,  -3.06838622e+00, 
             -2.30155512e+00,  -1.24974453e+00,   9.94816271e-02,   7.98111239e-01,  -1.71365447e+00, 
              2.61434743e-01,  -1.71586751e+00,   2.97549083e-01,  -1.55350972e+00,   6.29831788e-01, 
              2.90719397e-01,   4.07815844e-01,   2.41207437e+00,   2.75854723e-01,  -2.60067146e-03, 
              5.08131006e-01,   6.93057266e-01,   2.88060700e+00,  -5.15808364e-01,  -1.78987762e-01, 
             -3.16641316e-01,  -1.01901184e+01,   4.77017718e+00,   3.27601605e+00,  -1.47463597e+00, 
              4.33864758e+00,   2.56247872e+00,   4.05512459e+00,  -1.52572240e+00,  -5.18204077e+00, 
              2.05975664e+00,   5.28397805e+00,   9.11023085e-01,  -2.83540722e+00,   2.94214650e+00, 
              2.67955949e+00,   5.88477545e+00,  -1.08409649e+00,   4.59429209e+00,  -1.14406031e+00, 
             -2.66550720e-01,   1.90548474e+00,  -3.99746205e-01,   8.18392338e-01,  -6.55151576e-01, 
             -4.11563193e-01,  -1.89453158e+00,  -6.39836157e-01,   9.06314952e-01,   2.95581957e+00, 
             -1.22581817e+00,  -3.31150214e-01,  -6.79249631e-02,   1.62244299e+00,   3.31661326e-01, 
              1.50145408e+00,  -1.65933988e+00,  -4.78524915e+00,  -1.22892989e-01,  -1.01028594e+00, 
             -6.39272766e+00,  -1.88259033e+00,  -5.07953546e+00,   7.01291386e+00,   1.29119278e+00, 
              6.29166812e+00,   3.34874461e+00,   3.69143590e+00,  -1.41115166e+00,  -8.73070251e-01, 
              6.00510779e+00,  -1.36363708e+00,   3.48959592e+00,  -2.07754476e+00,   3.52387247e+00, 
              7.61103270e-02,   1.79573711e+00,   1.86016976e-01,   1.42002971e+00,  -9.38857726e-01, 
              2.35206405e-01,   1.91214994e+00,   2.14868295e+00,   2.58183410e+00,   1.01993494e+00, 
              5.25830154e-02,  -7.74514915e-01,  -5.64192448e-01,  -7.18168162e-01,   2.95603744e-01, 
              1.03303693e+00,  -3.19378412e-01,   3.93529211e-01,  -9.72430882e+00,  -4.79338648e+00, 
              5.82491546e+00,   5.00330520e-01,  -4.28405989e+00,  -7.61609699e-01,   7.40984303e-01, 
             -4.34771172e+00,  -6.96636033e+00,   8.15816328e-01,   3.53372012e+00,  -3.88339259e+00, 
              9.56939266e+00,   2.62521744e+00,   4.44704598e+00,   7.24085293e+00,  -1.80158667e+00, 
              1.00337523e+00,  -1.98037937e+00,   1.79284244e+00,  -3.37470967e-01,  -2.33627273e-01, 
              4.46317478e-01,  -1.70148506e+00,  -2.00715948e+00,   1.35240289e+00,  -1.96479482e+00, 
             -1.78026448e+00,  -4.07242722e-01,   1.38238676e+00,  -1.79561865e+00,  -1.75786505e+00, 
             -6.30855199e-01,   6.36149518e-01,   6.51680194e-01,  -3.85726721e+00,  -1.86936736e-01, 
             -1.97275306e+00,   6.45077559e+00,   9.68356070e+00,  -3.57024129e-01,   9.31690683e-01, 
             -2.05012582e+00,  -9.22426568e-01,  -2.78565044e-01,  -3.46022736e+00,  -6.21169911e+00, 
             -4.63026006e+00,  -1.54771133e+00,   6.18920946e+00,  -5.35508469e-02,   4.73962041e+00, 
              7.52650201e+00,   8.06741552e+00,  -2.36275325e-01,  -1.45253923e+00,  -8.72320316e-01, 
              1.12022616e+00,  -9.56298006e-01,   6.07805871e-01,  -2.58469529e+00,  -2.86647077e+00, 
             -4.12109108e-01,   1.75776345e+00,  -1.31603978e+00,   1.62287733e+00,   2.34806795e-01, 
             -3.01181059e-01,  -2.86924253e-01,  -2.75746529e-01,   6.16330117e-01,   2.16096451e+00, 
              1.38396487e+00,   1.02129438e+00,  -6.46110251e-01,  -5.78095664e+00,   8.07020277e-01, 
             -2.36666944e+00,  -5.01779383e+00,   4.70349994e+00,   1.24307221e+01,  -9.64909029e+00, 
             -2.60800482e+00,  -5.02270833e+00,   2.77900498e+00,   6.69778134e+00,  -1.40372128e+00, 
             -1.41214389e+00,  -4.07260813e+00,  -4.62975736e-01,  -1.20525768e+00,   6.97610104e-01, 
             -7.80398060e-01,  -3.23451395e+00,   1.45839810e+00,   3.21437688e+00,  -1.17242734e+00, 
              1.18071236e+00,  -9.38491019e-01,   2.90270447e+00,   3.07067712e-01,   1.06784534e+00, 
             -1.15676851e+00,  -1.28677248e+00,   1.87518122e-01,  -1.50979899e-01,   8.35259996e-01, 
              1.70349527e+00,  -2.69329654e+00,  -7.22103654e+00,   1.47681808e+00,   5.27527292e+00, 
              6.53677470e+00,  -4.61519574e+00,  -3.98431524e+00,   7.86978605e-01,  -1.09076267e+00, 
              2.98789762e+00,  -3.78695544e+00,   2.07677247e+00,   1.56506349e+00,   1.97012603e+00, 
             -3.20490268e+00,  -1.23182055e+00,   9.62145502e-01,  -1.05175664e-01,  -5.61322533e-01, 
              6.49168244e-03,   2.54229084e-01,   3.97291015e-02,  -4.39970509e-01,  -1.00157283e-01, 
             -8.96811810e-01,  -1.04107757e+00,   3.23540268e-01,  -4.60198049e-01,  -3.27703823e+00, 
              3.03397095e+00,   2.18183121e-01,  -1.50961170e+00,   1.81813498e+00,   1.18671839e+00, 
             -3.43216822e-01,  -1.92579745e-01,   3.59489561e+00,   1.61229567e+00,   7.51745741e+00, 
             -2.87496577e+00,   4.07545784e+00,   7.18916529e-01,  -5.63410756e+00,  -6.48099795e+00, 
             -4.48355090e+00,   2.31848992e+00,   1.32448996e+00,   1.90857069e+00,   2.16871124e+00, 
             -7.13816833e+00,  -5.57369240e+00,  -8.73762388e+00,   7.26567160e+00,  -7.70952071e-01, 
              7.15453732e-01,  -1.72672505e-01,  -2.88018860e-01,  -5.15668971e-01,   1.00009451e-01, 
             -9.00344442e-01,  -1.42938838e+00,  -1.15935665e-02,  -2.92515278e+00,  -3.43168156e-01, 
              7.13100273e-01,  -1.44341005e-01,  -2.29622624e-02,   1.24933036e+00,  -2.04034956e-01, 
             -1.62019283e+00,  -3.51473659e-01,   5.39229793e-01,  -2.64184551e+00,  -2.20009045e+00, 
              1.92665107e+00,   3.11728543e+00,  -1.29486052e+00,  -1.05876161e+01,   7.00691512e+00, 
              5.42464084e+00,   3.18815544e+00,  -9.28768933e+00,  -5.43292846e+00,   3.16694470e+00, 
              3.72183802e+00,   3.79333421e+00,  -1.70191108e+00,   6.18594272e+00,   8.40518352e+00, 
             -1.11362004e+00,  -1.25305412e-01,   1.64005513e+00,   2.21215792e+00,   1.25184158e+00, 
             -1.19980823e-01,  -1.04207829e+00,   9.90045186e-01,   1.92135983e+00,   1.65649997e+00, 
              5.41317723e-02,   8.43870680e-01,   1.09952804e-01,  -8.35632204e-01,  -1.97584592e+00, 
              1.97105818e+00,   6.56100860e-01,   1.40909374e+00,  -1.25111361e-01,   1.04737805e+00, 
             -3.32032613e+00,   1.84282886e+00,  -8.26267148e-01,  -4.95625694e+00,  -2.35371795e+00, 
             -5.72344732e+00,  -4.67470788e+00,   7.17825416e+00,   3.46004161e+00,  -5.22373472e-01, 
             -2.34270656e+00,  -8.27577422e+00,  -2.42953834e-01,   6.23186631e+00,  -5.76806126e-01, 
              1.07231102e+01,   8.40898377e-03,   2.60969388e-02,   9.85284839e-01,   1.38860129e-02, 
             -6.59417113e-01,   7.69883376e-01,   7.31819827e-01,  -2.65903488e-01,  -1.37308890e+00, 
             -1.83831822e-02,  -1.93783547e+00,  -2.61876250e+00,  -1.96860785e+00,  -3.48117255e+00, 
              1.44737902e-01,   7.75724546e-01,   2.45023200e+00,  -5.99596742e-01,  -1.26693494e+00, 
              6.57572256e+00,   3.98344966e+00,   1.20885508e+01,   5.56857084e+00,  -6.84985923e+00, 
             -4.45684715e+00,   5.31110389e+00,   4.31509832e+00,   3.46718038e+00,  -9.09621977e+00, 
             -3.57298927e+00,  -3.21834827e+00,  -4.57905447e+00,  -3.58085938e-01,  -2.09996551e+00, 
              1.75716694e+00,  -8.74099188e-01,   9.25944685e+00,  -3.93848048e+00,  -9.73539002e-01, 
             -9.72804590e-01,  -1.31880968e+00,   2.50143649e+00,  -2.67317174e+00,   2.01671729e+00, 
              1.97883243e+00,   1.56345809e+00,  -1.25898623e+00,  -8.67040515e-02,  -5.69718599e-01, 
              2.06109988e+00,   6.15507339e-01,  -4.01480237e-01,   1.31365612e+00,   1.09914457e+00, 
              1.25178440e+00,   3.69084525e-01,  -8.51013283e+00,  -8.66178314e-02,   4.00386865e+00, 
             -6.48802663e+00,   9.01938681e+00,   1.05209652e+00,  -1.65884287e+00,   4.37564215e+00, 
             -2.71511825e+00,  -1.23396444e+00,  -5.53767670e-01,   4.44136367e+00,   1.62620017e+00, 
             -3.52866245e+00,  -5.61277865e+00,   6.12300711e+00,   3.05674495e+00,  -9.28649966e-01, 
              2.17042061e+00,   1.99900041e-01,   4.05088789e-01,  -1.87274642e+00,  -1.19092099e+00, 
              1.12765891e+00,   1.02785625e+00,  -6.26817626e-01,   5.53130420e-01,  -7.02362423e-01, 
              1.14263782e+00,   6.87406526e-01,   1.50962677e-02,  -1.19290495e+00,  -1.16079209e+00, 
              2.60316318e+00,  -5.52874778e-01,  -9.03867755e+00,   1.09790190e+00,  -2.57980651e+00, 
             -4.94452025e+00,  -3.68323707e+00,  -2.35749689e+00,   2.75051891e+00,  -8.06669629e+00, 
             -1.54121240e+00,  -3.40718051e-01,  -4.80695681e+00,   5.20367171e+00,   5.43549721e+00, 
             -8.47136945e+00,   8.87778746e-01,  -1.05510125e+00,  -2.08882196e+00,   1.24627755e+00, 
              1.67224390e+00,   1.16213230e+00,  -2.74403912e-01,  -3.75420905e-01,  -1.44373740e+00, 
              9.23161349e-01,  -4.62182176e-01,  -6.56439884e-01,  -4.24906345e-02,   8.71883777e-01, 
              2.06954938e+00,   4.61191674e-01,  -2.11240982e+00,   1.36877863e+00,   2.31317246e+00, 
             -2.28647978e+00,  -1.97022144e+00,  -1.20451802e-01,   6.05833538e+00,   8.35216442e+00, 
              6.12325763e+00,   3.18803888e+00,   1.33232773e-01,  -5.60031913e-01,   5.78572967e+00, 
              2.68771425e+00,   5.03732517e+00,   2.76945396e+00,   7.12457375e-01,  -2.50047323e+00, 
             -6.08359846e+00,  -5.20490388e+00,   1.98852911e+00,  -6.88933667e+00,  -3.26570904e+00, 
             -1.97362761e+00,  -3.11437316e+00,  -4.45553906e-01,   4.75089969e-01,   1.87476264e+00, 
             -4.37910635e-01,  -1.69149347e+00,  -2.67521232e+00,  -2.20720898e-01,  -2.77395452e-01, 
              8.14445851e-01,   9.73238688e-01,   2.16543908e-01,   6.76636791e-02,   8.67619192e-01, 
              8.31377371e-01,   6.60940359e-01,  -1.97391871e+00,   1.16885987e+00,  -1.20743020e+00, 
             -7.58593306e+00,  -3.42257730e+00,   8.90790729e+00,  -7.40835403e+00,  -1.89339544e+00, 
              1.66214215e+00,   4.88052587e+00,   9.09923933e-01,   5.48969554e+00,  -5.72189864e+00, 
             -4.04535967e+00,   2.21240077e+00,  -1.46786294e+00,  -6.34461469e+00,  -2.32994447e+00, 
             -4.11926623e+00,  -2.57516420e+00,  -2.27560805e-01,  -3.01043188e-01,  -1.25903257e+00, 
              4.45131470e-01,  -3.14378804e+00,  -7.64087592e-01,  -1.59887337e+00,  -6.14569202e-01, 
              9.09107012e-01,  -1.31412662e+00,   5.48999817e-02,   1.32050492e+00,   6.51683851e-01, 
              1.38669013e+00,   2.44503219e+00,   2.15791078e+00,   8.33602096e-01,  -5.48222465e-01, 
              5.82213585e+00,   1.14387375e+00,  -4.65681770e+00,  -1.04019614e+00,   3.64029464e+00, 
              5.64859447e-01,  -3.75015468e+00,   3.68796090e+00,   2.12492267e+00,  -3.44181577e+00, 
             -1.15899080e+00,   6.34011240e+00,  -3.02379251e+00,  -4.61511457e+00,  -2.89213684e+00, 
              6.81285107e+00,   4.47586739e+00,  -4.23560530e+00,   9.43889577e-01,  -7.92908930e-01, 
             -1.21695278e+00,  -7.21974203e-01,   2.10006764e+00,   1.04612789e+00,   2.58613605e+00, 
             -3.27996605e-01,  -1.85269887e+00,  -2.30190056e+00,  -2.13202632e+00,   7.50461622e-01, 
              8.45381528e-01,   1.12132277e-01,  -3.59547842e+00,  -1.62615114e+00,   1.54249410e+00, 
              4.32839645e-01,  -3.27733260e+00,   4.28084817e+00,   7.90419162e+00,  -1.09411623e+01, 
              7.29740736e+00,  -6.19832390e+00,   3.65738533e-01,   2.03829396e+00,   1.36963512e+00, 
             -1.28375354e-01,  -2.40502709e-01,   8.82395796e+00,   2.76559872e+00,   1.73682704e+00, 
              6.76270389e+00,  -4.15017677e+00,  -9.13262936e-01,  -1.76481802e+00,   6.57422186e-01, 
              8.66418772e-01,   1.72240153e+00,   6.48005331e-01,   1.37882477e+00,   3.98095366e-01, 
             -1.21486430e+00,   5.93401292e-01,   2.37323834e-01,   1.43483494e+00,  -1.18501214e-01, 
             -7.41605547e-01,   7.42000383e-01,  -2.30394854e+00,   2.13796833e-01,  -1.13291215e+00, 
             -2.36832268e-01,   1.35576326e+00,  -2.51528216e+00,   1.16202650e+00,  -4.33017937e+00, 
             -5.02344915e+00,   1.21048024e+00,  -1.97280883e-01,  -5.23169367e+00,  -3.16088386e+00, 
              2.16655571e+00,  -1.12725870e+01,  -2.76548703e+00,   4.07151089e-01,   1.42964105e+00, 
              7.05100080e+00,   7.49177106e-01,   4.72587714e+00,  -4.55383982e+00,  -2.45063010e+00, 
             -1.62898351e-01,  -7.18726090e-01,  -1.64127008e+00,  -9.14919377e-01,   1.67064123e+00, 
              2.20503622e-01,   3.54287394e-01,  -5.30961944e-01,   1.74080295e+00,  -3.26625275e+00, 
             -1.52099663e-01,   9.39388469e-01,  -3.99677107e-01,  -4.71932624e-01,  -1.82032430e-01, 
              7.51572680e-01,   1.20570191e+00,   2.32958861e+00,   1.75440321e+00,   4.19757246e+00, 
             -3.25940215e+00,  -6.69094351e+00,   2.13572912e+00,  -6.53741241e+00,  -8.35893407e+00, 
              1.55544362e+00,  -2.95066362e+00,   5.26752307e-01,   4.41577345e+00,  -2.45283333e-01, 
             -3.28775434e+00,   1.56657394e-01,   7.10770057e+00,   7.27530388e+00,   4.28690851e+00, 
             -1.34249661e+00,   7.34048088e-01,   1.11822532e+00,  -1.09957763e+00,  -1.49886294e+00, 
              1.08943030e+00,   1.63895077e+00,   8.44816623e-01,   1.34238054e+00,   2.85062016e+00, 
              7.16624537e-02,  -3.51323933e-01,  -1.61726859e+00,  -7.20288990e-01,  -1.06609898e+00, 
              9.30149889e-01,   4.35174114e-01,   1.70513396e+00,   1.64617503e+00,   3.78208302e+00, 
              4.12745956e+00,  -6.26129507e-01,  -6.35131250e+00,   1.26315557e+00,   3.15838581e+00, 
             -4.48056799e+00,   2.99783876e-01,   1.91442789e-01,   8.67700992e+00,  -4.92104762e+00, 
             -1.71997164e+00,   8.01476643e-01,   7.12025369e+00,  -4.29251425e+00,  -3.03532957e+00, 
             -5.16567267e-01,  -1.49789160e+00,  -2.58791160e-01,  -1.92724767e+00,  -1.32798096e+00, 
              6.20484911e-01,   2.88655516e-01,   1.16844594e-01,   1.43861690e-03,  -4.22370876e-01, 
             -6.01552300e-01,  -1.01582327e+00,  -1.42701643e+00,   3.00426174e-01,  -1.03447447e+00, 
              8.01269890e-01,   9.93233169e-01,  -3.19962721e-01,  -3.36966565e-01,  -6.70468952e-01, 
             -6.92974466e+00,   7.48825917e+00,  -9.41167103e+00,  -3.28889713e+00,   3.07720766e+00, 
              2.02329094e-01,  -4.09673220e+00,  -4.03492398e+00,   4.17229560e+00,   3.87719204e-01, 
              4.70388298e+00,  -1.41621080e+00,   1.19207493e+01,   1.03777393e+01,  -2.23369765e+00, 
             -1.36802724e+00,   2.51570572e+00,   1.04262883e+00,   7.33281573e-02,  -2.76682899e+00, 
             -2.04367805e-01,  -1.48737191e+00,  -1.38129721e+00,   5.41578034e+00,   1.32523831e+00, 
             -2.67501146e+00,   3.81784903e-01,   2.12762453e+00,   4.74301563e-01,  -1.16663778e+00, 
              1.45641707e+00,  -7.45019864e-01,  -1.00046830e+00,  -8.23247791e-01,  -2.67454732e+00, 
             -1.46960987e+00,  -5.00536053e+00,   3.86368385e+00,   8.01724708e-01,   1.11133463e+01, 
             -3.65706280e+00,  -5.58789971e+00,  -6.97508800e+00,   2.72903823e+00,   3.80018581e+00, 
              6.26525317e+00,  -2.47961743e+00,  -2.09208321e+00,   7.32607233e+00,   5.62973877e+00, 
             -1.81445320e+00,   1.63791902e+00,   2.02752343e+00,  -6.21341621e+00,   1.04598660e+00, 
             -2.41576374e+00,  -8.18446825e-01,   9.37001923e-01,  -4.22529837e-01,   1.24965996e+00, 
             -1.31358207e+00,   1.22445756e+00,  -1.03635753e+00,  -1.43355402e+00,  -1.51062062e+00, 
              8.45151991e-01,   5.89803962e-01,   1.20754409e+00,   2.90539361e-01,   1.57135255e+00, 
              1.25437933e+00,   1.86783481e+00,   6.91461302e+00,   1.66549828e+00,   4.75769920e+00, 
              3.02721538e+00,  -3.59313696e+00,   2.01902860e+00,   6.35151687e+00,  -7.78817524e+00, 
              2.87533709e+00,  -3.85243767e-02,  -4.62976442e-01,   1.26219755e+00,  -2.40399019e+00, 
             -1.72531157e+00,  -2.27280697e+00,  -7.05621923e+00,  -1.11538361e-01,   2.39116415e+00, 
             -1.41827919e+00,  -1.57557769e+00,  -2.29896687e-01,  -1.50869463e-01,  -2.42900117e+00, 
             -9.89334661e-01,  -1.02982460e+00,  -7.02044246e-01,   9.32631586e-01,  -2.55216616e-01, 
             -1.21727136e-01,  -3.24073077e-01,  -3.80155688e-01,   4.85626963e-01,   2.78663187e-01, 
             -3.21511175e-01,   3.28241352e-01,   1.44463860e+00,  -7.55928062e-01,   8.01431787e+00, 
             -1.52531403e+00,  -2.41766004e+00,   7.40211441e-01,  -3.67858941e+00,  -1.00531791e+00, 
              3.81301771e+00,  -1.95336339e+00,  -3.07825073e+00,  -4.50403926e+00,   6.12421761e+00, 
              5.41538332e-01,  -3.01887197e+00,   9.82947898e+00,  -3.78740683e+00,   2.75459239e+00, 
              2.22441173e+00,   1.00621607e+00,  -1.90174034e+00,  -5.67355610e-01,   4.15261687e-01, 
              1.06152959e+00,   1.03784254e+00,  -1.63424422e-01,  -4.96526622e-01,  -2.74800753e-01, 
             -1.63789949e-01,  -1.44120509e+00,   3.45515165e-01,  -1.21357950e-01,   1.78169921e+00, 
              1.53815502e+00,  -8.24388431e-01,  -1.65640403e-01,   1.20548024e+00,  -1.58225311e+00, 
              6.53284627e+00,  -1.72817306e-01,  -1.26869942e-01,  -2.14280839e+00,   1.12624889e+01, 
             -3.93363474e+00,   2.62791837e-01,  -4.87572084e-02,  -9.48033589e+00,  -2.33184706e+00, 
              6.75032026e-01,  -6.82391462e+00,  -7.76110436e+00,  -2.19903828e+00,   2.53580555e-01, 
             -5.95511003e-01,  -4.22964709e+00,  -9.97068384e-01,   1.02507429e+00,   1.27369519e+00, 
             -1.26987356e-01,   1.44617568e+00,  -9.97069758e-02,   5.31196092e-01,  -7.81648180e-01, 
             -9.71540913e-01,   1.24562480e+00,   2.68315223e+00,  -2.37624326e+00,   1.71805429e+00, 
              7.51419085e-02,  -6.71040339e-01,  -9.89646768e-01,   3.84320739e-01,  -3.84708630e-01, 
              2.58057045e+00,  -1.45124064e+00,   9.63982898e+00,  -4.20719218e+00,   2.07896329e+00, 
             -2.46784566e-01,   1.05236503e+00,  -2.32189374e-01,   1.70006535e-01,   3.73767373e+00, 
             -5.93762848e+00,  -6.92521188e+00,   5.67568779e+00,   2.02227772e+00,  -2.00757521e+00, 
              9.63512207e-01,  -7.63876394e+00,  -2.55851568e+00,   6.63060002e-01,   1.17952226e+00, 
             -1.18950947e+00,   1.20627837e+00,  -1.60623894e-01,   5.50512556e-01,  -7.83428262e-01, 
              9.22716578e-01,  -1.33040321e+00,  -5.89945140e-01,   7.54791793e-01,  -1.21427458e+00, 
              1.03564189e-03,  -6.92952700e-02,   3.69460696e-01,  -7.63456532e-01,  -1.10564862e-01, 
             -3.00477231e-01,  -8.77513689e-01,  -7.87110121e+00,  -2.92979254e+00,  -7.15780196e+00, 
             -1.43668139e+00,  -1.87842783e+00,   1.68724645e+00,  -2.66864490e+00,   3.66604763e+00, 
              3.71939967e+00,  -6.80351455e+00,  -1.83509117e+00,  -6.81371669e+00,   3.82483041e+00, 
              7.71162569e+00,  -4.32357723e+00,   3.21014402e+00,   4.05217887e+00,  -1.59614442e+00, 
             -1.43394861e+00,   8.27785770e-01,   5.10114583e-01,  -1.49909661e-01,  -9.35847788e-01, 
             -1.11601062e+00,   6.57647480e-01,   3.88430460e-01,  -1.64776539e+00,  -1.14050412e+00, 
             -1.08071891e-01,   3.60594272e-01,  -2.69920963e+00,   4.36798160e-01,  -4.77705673e-01, 
              1.01233981e+00,  -4.24019909e-01,  -7.69834634e+00,   5.85397831e+00,   2.61679884e+00, 
             -4.32235722e+00,   4.17200014e+00,  -3.47591755e+00,   2.23973042e+00,  -3.76466490e+00, 
             -5.48203048e+00,  -3.58446853e+00,   6.54541580e+00,  -4.54798944e+00,  -1.17441925e+01, 
             -5.79653011e+00,   6.11919117e-01,   1.59440322e+00,   1.41269417e+00,   2.74206317e+00, 
             -4.14986429e-01,   8.23457015e-01,  -5.90060602e-01,   1.65661386e+00,   2.17952016e-01, 
              6.47054867e-01,  -2.13798370e-01,   1.86009332e+00,  -7.41644312e-01,   3.36587148e-02, 
              1.69460034e+00,   1.68953285e+00,   3.00077474e-01,   1.19306077e+00,   5.51433417e-01, 
              1.18633160e+00,  -1.51815506e+00,   1.44157829e+00,  -1.36332173e+00,   1.02065600e+00, 
             -8.20870799e-01,   2.68864132e+00,  -8.49896309e+00,  -2.09489342e+00,  -5.85743621e+00, 
             -1.52915769e+00,   1.24937570e+00,  -5.19279431e+00,  -1.73832785e-01,   5.92372632e-01, 
              6.89823635e+00,  -9.76616679e+00,   2.02170075e+00,   4.30580405e+00,  -1.10313384e+01, 
              2.48583916e+00,   8.46573316e-01,   2.58180140e-02,  -6.47743873e-01,  -6.26143086e-01, 
              3.07771392e+00,  -2.28929206e+00,   9.26829622e-01,  -2.25203543e+00,  -1.04176730e+00, 
              6.82254509e-01,  -1.33196191e+00,  -6.51168898e-01,  -1.50915359e+00,  -1.06054327e+00, 
             -9.93818164e-01,  -4.93076692e-01,   1.23092690e+00,   1.32935531e+00,   3.88417790e+00, 
              7.24516850e-02,   3.37622092e+00,   6.34653044e+00,  -3.22733858e+00,  -1.14020028e+00, 
              4.02837084e-01,   3.66678784e+00,   1.62692860e-01,   1.37500935e+00,  -1.19907538e+01, 
              1.15257960e+00,  -1.95363781e+00,  -2.02745450e+00,   5.16004747e+00,  -6.86649149e-01, 
              4.23724273e+00,  -1.13181712e+00,   2.18695706e+00,   8.79059601e-01,  -8.68643275e-01, 
              1.46516856e-01,  -1.50702362e+00,  -2.21543787e+00,   7.15700070e-01,   2.48413852e-01, 
              1.31240125e+00,  -7.25085218e-01,   1.03315322e+00,   7.18622789e-01,  -2.18799157e+00, 
             -4.87072000e-01,  -7.68022417e-01,  -4.50593723e-01,  -1.50052884e+00,   1.35768857e-01, 
              1.29811024e+00,   1.61774254e+00,  -7.18500519e+00,  -1.20567890e+00,   2.36084544e+00, 
              6.29964018e+00,   5.04358448e+00,   1.75086502e+00,   3.10046488e-01,   7.15141261e+00, 
             -1.24551210e+00,   9.28221089e+00,   9.90624729e+00,  -1.78967420e+00,   4.14998445e+00, 
             -1.52797798e+00,  -6.15932256e+00,  -9.42737773e-01,   7.22675289e-01,  -1.74806072e-01, 
             -1.86504673e-02,  -3.34881809e+00,   1.41716028e+00,   7.08570884e-01,   1.38842288e+00, 
             -5.49761893e-02,  -2.07785708e-01,  -2.57204265e+00,  -7.45061333e-02,  -9.43809789e-01, 
             -1.28479577e+00,   7.16793023e-01,   2.76293169e-01,  -4.97143450e-01,  -1.92536538e+00, 
             -1.00781681e+00,   6.16506687e-01,  -1.32565734e+00,   4.09636869e+00,   2.73049499e+00, 
             -5.90712501e+00,   3.90516062e+00,  -1.04720985e+00,  -2.68346764e+00,   4.39447680e-01, 
             -3.46707658e+00,   3.22129335e+00,  -7.72006021e+00,  -3.84279707e+00,  -1.10965022e+01, 
              5.82157908e+00,  -2.13562702e+00,  -3.16530414e+00,   1.17678531e+00,  -4.20572565e-01, 
             -1.93245093e+00,   1.00476079e-01,   1.51315051e+00,   2.67460226e+00,  -8.08749512e-01, 
             -1.01499262e+00,   3.08359007e-01,  -1.53179982e+00,   2.39415184e+00,  -8.16997084e-01, 
              2.26130480e+00,  -7.62503328e-01,  -1.47628618e+00,   1.14079066e+00,   5.36250395e-01, 
              3.48594837e+00,   5.94745520e-01,  -6.49377827e-01,   2.64618801e+00,   3.43942306e+00, 
             -4.27801297e+00,   2.62128494e+00,  -7.74182416e+00,   3.35332687e+00,  -2.11534467e+00, 
              8.26176606e+00,  -8.21280656e-01,  -1.77502953e+00,   3.87833817e+00,  -1.84051023e+00, 
              6.54287535e-01,   6.08263214e+00,   2.68950457e+00,  -3.19926814e+00,   1.02328465e+01, 
              9.59899583e-02,   1.64994877e+00,   6.44687100e-02,   6.33739897e-01,   2.05729448e-01, 
              1.47855015e+00,   4.32679562e-01,  -7.99484576e-01,   3.49041394e-01,   3.99381753e-01, 
              1.48839091e+00,  -1.64075532e+00,   6.59065167e-01,  -7.41366544e-01,   1.60048854e-01, 
             -1.78653190e+00,  -7.27893610e-01,  -1.25340735e+00,   6.71513591e-01,   2.59736063e-01, 
             -7.86580176e-01,  -2.63622682e+00,   4.53979948e+00,   4.70765499e+00,  -2.20613500e+00, 
              5.60822466e+00,   6.86886801e+00,   7.42830681e-01,  -6.27610838e-02,  -7.44685254e+00, 
             -2.77616555e+00,  -1.70498179e+00,  -1.13261945e+00,   4.67469284e-01,   2.66832484e+00, 
             -3.93660058e+00,   3.29622768e-01,  -1.27001276e+00,  -1.35959077e+00,  -6.00409505e-01, 
             -9.02311390e-01,   1.72261613e-01,   2.37073346e+00,  -4.51904177e-01,  -1.23091933e+00, 
             -4.59572517e-01,  -1.20447949e-01,   1.59408185e-01,   2.15272977e+00,   1.05977628e+00, 
             -2.88216038e-01,  -1.23587509e+00,   1.56244951e+00,  -3.98967806e-02,   2.99760581e+00, 
              3.48801969e+00,  -6.00344401e+00,  -4.53308732e-01,  -2.13216093e+00,   1.22523426e+00, 
             -1.86992016e-01,   2.18441972e+00,  -1.46225040e+00,   2.25766555e+00,  -3.22906574e+00, 
              1.04889067e+01,   5.83304374e-01,   5.07735304e+00,   1.47416142e+01,  -5.84843026e+00, 
              4.28895891e+00,  -3.12681684e+00,   5.03151074e-01,  -1.55801678e+00,  -2.17670630e-01, 
              2.47665874e-01,   1.75131491e+00,  -2.00512153e+00,   3.05196323e+00,   5.10048411e-02, 
              3.15974063e-01,   3.56465951e-01,   4.33642191e+00,  -6.70679718e-02,  -6.53432337e-01, 
             -1.76445822e+00,   7.42057448e-01,   1.47975798e+00,  -4.28266038e-01,   2.22186504e-01, 
             -3.13847874e+00,  -4.78732915e+00,   4.10597426e+00,  -4.50139009e+00,   1.01174284e+01, 
             -1.08723421e+00,  -6.44562321e-01,   5.48269035e+00,  -1.69288266e+01,   1.26060952e+01, 
             -1.65022370e+00,  -4.84593234e+00,  -3.02397801e-01,   4.36026910e-01,  -3.88211522e+00, 
             -2.52905895e+00,   1.97817272e+00,   3.00602632e+00,   1.16588992e+00,   1.88429720e+00, 
              2.60925304e+00,   2.61001062e-01,   2.83394057e-01,   1.01773041e+00,  -5.35281471e-01, 
             -2.81565581e+00,   1.89207347e+00,   1.07824245e+00,  -5.59895849e-01,   7.15675616e-01, 
              7.63536308e-01,  -4.92200022e-01,  -2.55035812e+00,   1.34567141e-01,  -2.10774402e+00, 
             -2.98187668e+00,   5.10098848e+00,  -2.13250380e-01,  -1.05068691e+01,   1.46577150e+00, 
              1.81621223e+00,   1.03803680e+01,  -5.03141494e+00,  -4.57362264e+00,  -4.98502775e+00, 
              2.30491532e+00,   2.43864853e-02,  -3.79421489e+00,  -2.45474678e+00,   1.04896776e+01, 
             -1.27220196e+01,  -3.49758207e+00,  -1.88189177e+00,   3.06150784e+00,  -1.43209471e+00, 
              2.57627265e-01,   1.89080035e+00,  -9.12372540e-01,   6.18959295e-01,  -7.52303837e-01, 
             -2.24905011e-01,   3.01636065e+00,  -1.18425577e+00,   1.46268295e+00,   1.52823061e-01, 
              9.68415451e-01,   1.60851746e+00,   7.61159989e-01,  -4.08027947e-01,  -7.59755500e-01, 
              3.13436638e+00,   2.07013079e+00,  -1.78465615e+00,  -7.49801736e+00,  -3.78152761e-01, 
             -8.72889607e-01,  -7.82607574e+00,   5.44833975e+00,  -4.80552095e+00,   1.35402958e+00, 
              7.96383853e+00,  -7.47311965e-01,   9.96863844e-01,   6.00818729e+00,  -6.16429883e+00, 
              3.94334122e+00,  -4.34338863e+00,  -8.22441403e+00,   5.34509126e+00,  -4.38119205e+00, 
              3.78392148e-01,   4.50099036e-01,  -1.26695817e+00,  -1.58369329e+00,  -1.43366067e+00, 
             -1.05633934e+00,  -1.51830813e+00,   5.50031498e-01,   8.01497086e-02,   1.24374416e+00, 
             -2.01137600e-01,  -1.62820082e+00,  -5.50572459e-01,  -1.43033984e+00,  -1.45857545e+00, 
              9.31109155e-01,  -6.58261771e-01,  -1.48792038e+00,  -2.55448129e+00,  -6.29856011e+00, 
             -3.93684996e+00,  -3.30408496e+00,  -1.48488482e+01,  -9.46544655e+00,  -2.96566936e+00, 
              4.12616929e-01,   8.67535701e+00,   1.01269647e+00,   1.09906702e+01,  -3.39986164e+00, 
              3.12089402e+00,  -7.59679134e-01,   5.10510595e-01,  -5.32602909e+00,   1.25703167e+00, 
             -5.54434516e-01,  -2.03930466e+00,   2.22673233e+00,   1.08859888e+00,  -1.04438205e-01, 
             -1.63122413e+00,   1.30948648e+00,   8.85039540e-01,   2.67823662e+00,  -3.25583318e-01, 
              1.92526487e+00,  -9.42165553e-01,   3.03676033e+00,   1.31836614e+00,  -3.93318119e-01, 
              5.24780646e-01,  -4.91781361e-01,   2.98481532e+00,   2.64721221e+00,   8.04372928e+00, 
             -6.14805007e+00,  -4.67136237e+00,   6.23982159e+00,  -2.20982383e+00,   2.83570510e+00, 
              3.65420055e+00,   3.17904418e+00,   4.70713129e+00,  -8.43251353e-01,   7.85208280e+00, 
              2.43378074e-01,   3.22129681e+00,   1.07222538e+00,  -1.33800725e+00,   3.34921892e+00, 
              6.74951587e+00,  -1.03648355e+01,   1.52527795e+00,  -2.52853738e+00,  -1.88513333e+00, 
              7.70559882e-01,   2.23829820e+00,  -9.33516470e-02,  -2.30888608e+00,  -1.25653895e+00, 
              3.57545171e+00,  -1.32126825e+00,   1.16271171e+00,  -2.43025651e-01,   3.33732914e-01, 
             -1.56428088e-02,   2.09453523e-01,  -2.24221719e+00,   3.50299125e-01,  -3.33382076e-01, 
              2.82448778e-01,   5.52017389e+00,   4.89825765e+00,   9.80840410e-01,   1.18022793e+00, 
             -6.30484472e+00,  -7.67609767e-01,   1.49322923e+00,   2.28416063e+00,  -5.53990381e+00, 
             -6.77007880e+00,  -3.60077297e+00,   1.75104096e+00,  -7.76619128e+00,   6.39829690e+00, 
             -1.41087583e+00,  -9.62553572e-01,   6.70853071e-01,  -1.66965945e+00,   9.68629132e-01, 
             -1.82536236e+00,  -1.44137132e+00,  -2.06768969e+00,   4.03787746e-01,   6.19936803e-01, 
              6.45169309e-01,  -1.70283392e+00,  -8.65896085e-03,   5.96029429e-01,  -4.21776694e-01, 
             -1.05049994e+00,   1.96216762e+00,  -3.28351169e-02,   3.81507393e-01,  -1.70869246e+00, 
             -4.05641636e-01,  -2.27308711e+00,   4.47264940e+00,  -5.91755346e+00,  -6.88799988e-01, 
              1.31535922e+00,  -6.40254919e+00,  -1.04042077e+00,  -5.98389095e+00,   1.86270378e-01, 
              2.21815718e-01,  -3.74148912e-01,  -1.67677608e+00,   6.70507454e+00,   1.47697100e+00, 
              2.08591077e+00,   5.35601418e-01,   3.36931844e+00,  -1.47283240e+00,   1.55091810e+00, 
             -1.15260593e+00,   6.70795260e-01,  -2.22306325e+00,   1.93741038e+00,  -5.66205595e-01, 
             -4.14314208e-01,   1.06351762e+00,   1.19024385e+00,   1.89065107e+00,  -6.44828473e-01, 
             -5.20558746e-01,  -8.72709210e-01,   6.94114284e-01,  -1.40720432e-01,   1.39879071e+00, 
             -3.15700642e+00,   1.83334691e+00,   1.03688107e+00,  -3.44104192e+00,   1.88506460e+00, 
              3.69649901e+00,  -5.57853254e+00,  -1.37304349e-01,   1.95965717e+00,   1.83851637e+00, 
              5.40871534e+00,   7.85388368e-01,   3.22058147e+00,   9.43224370e+00,   6.75387539e+00, 
             -7.48509318e+00,   3.43728533e+00,   5.67190748e+00,  -3.26654106e+00,  -3.49067551e+00, 
              8.16386449e-01,  -1.71777085e+00,   7.81445473e-01,   2.58119370e+00,   3.21549714e-01, 
             -3.25491903e-03,  -3.57710470e-01,  -1.11763595e+00,  -2.72641474e+00,   2.75966163e-01, 
             -7.15943297e-01,   1.77476260e+00,   1.44255675e+00,  -7.78587081e-01,   7.51923108e-01, 
              2.12181029e+00,  -1.87218675e-02,   2.00424850e-01,  -1.64663265e+00,  -1.00871132e-01, 
              5.67438085e-01,   8.82304022e+00,  -1.08531843e+01,  -1.17126064e+00,   1.99772160e+00, 
              3.72433416e+00,   1.36067126e+00,  -3.16501419e+00,   1.45533458e+00,   2.84293515e+00, 
              2.64452823e+00,  -4.68655913e+00,   6.41372247e-01,   4.26650555e+00,   2.14987012e+00, 
              5.04448954e+00,   1.64792942e-01,   2.43070927e+00,   1.92977832e-02,   9.96815454e-01, 
             -3.47595058e-01,   2.52813590e-01,   4.28956844e-01,   2.26562369e+00,   8.01770551e-04, 
              1.45740429e+00,  -1.22888809e-01,   3.56536969e+00,  -9.57267806e-01,  -1.23619403e+00, 
             -3.29496939e-01,  -3.67444978e-01,  -8.64760565e-01,   1.22161084e-01,  -2.71838984e+00, 
             -5.02594591e+00,   9.85074888e+00,   5.55745784e+00,  -3.02559485e+00,   3.54033087e+00, 
              2.51934188e-01,   4.73047061e+00,   1.38972907e+00,  -1.24431494e+01,   1.97538207e+00, 
              1.58445247e+00,  -4.39829960e+00,  -7.61498567e-01,  -5.93627647e+00,  -5.32492005e+00, 
              5.69541304e+00,  -1.96828933e+00,  -1.15919685e+00,  -1.10908099e+00,   1.52482385e+00, 
             -2.52421306e+00,  -1.58441711e+00,  -1.16989629e+00,   1.51696836e+00,   1.48122150e+00, 
             -1.33127260e-01,  -5.34060166e-01,   2.27782296e-02,   1.81425113e+00,   1.88532754e+00, 
             -4.48228350e-01,   1.64932090e+00,   1.42855204e+00,   7.72316987e-01,  -1.16437047e+00, 
              1.31078451e+00,   3.90127234e+00,   3.03483477e+00,   9.32041292e+00,   9.09905478e+00, 
              1.68992552e+00,   7.16668080e+00,   4.43574150e-01,   7.05202459e+00,  -2.75352981e+00, 
              2.48022033e+00,  -9.56113639e+00,  -9.94148503e+00,   5.45562152e+00,   3.00418905e+00, 
              6.11728034e+00,  -5.88968231e+00,   2.76585827e+00,  -2.25585257e+00,  -8.44461870e-01, 
              7.76134700e-02,   5.00202365e-01,  -2.26711093e+00,   2.00259234e+00,  -1.78806974e-01, 
              1.66351326e-01,   1.02358136e+00,   6.80844323e-01,  -2.38738173e-01,  -2.94014153e-01, 
              1.76953351e+00,   4.60625138e-01,   1.78502108e+00,   4.48597130e-02,  -8.45612583e-01, 
             -6.13280467e-01,  -5.63108658e-01,   8.50871728e-02,  -3.57347172e-01,  -5.03360773e+00, 
             -2.64549475e+00,   8.32034630e-01,  -3.73592510e+00,  -2.75753461e+00,   2.63961918e+00, 
             -2.40533210e+00,  -2.15540509e+00,   3.55684701e+00,  -7.30489959e+00,  -4.82936653e+00, 
             -7.11030288e+00,   6.51745547e+00,   3.49079184e-01,  -6.29949673e-01,  -1.23024018e+00, 
             -5.28303725e-01,   1.37008833e+00,  -2.09266477e+00,   1.00040321e+00,  -1.72650578e+00, 
             -1.08029602e+00,   7.01378938e-01,  -1.91922272e+00,  -1.23420289e+00,  -1.48019909e+00, 
              8.69577771e-01,  -3.62162596e-01,   1.94220393e+00,   2.24401823e+00,  -8.87822768e-01, 
             -2.51972034e-01,   1.35312729e+00,   9.28325618e+00,  -9.20929230e-01,   5.33474103e+00, 
              3.17242370e+00,   8.13968589e+00,   4.13081271e+00,  -1.38855945e+00,   5.23327583e+00, 
             -1.05014339e+01,  -1.02629566e+01,  -2.77636477e+00,  -7.97003817e+00,  -4.95109763e+00, 
              2.55972777e+00,   1.25330509e+00,   1.44277316e+00,  -2.52840401e+00,   2.76787618e+00, 
              1.95487135e-01,  -6.51972497e-01,  -1.87533461e+00,   1.44141247e+00,  -3.93646835e-01, 
              2.19366925e-01,  -5.40231574e-01,  -8.28958502e-01,  -9.57749959e-01,  -6.01509678e-01, 
              1.53344768e+00,   1.80404733e+00,  -1.06122186e+00,  -5.96631671e-01,   5.70863782e-01, 
             -2.68443766e+00,  -4.65939845e-02,   9.77292971e-01,   3.12427844e+00,   2.83495908e+00, 
             -3.90180038e+00,   2.45366208e-02,  -2.23138873e+00,  -3.81692526e+00,   3.12235363e-01, 
             -1.74400813e+00,  -4.02456839e-02,  -3.01694782e-01,  -1.12124785e+01,  -1.98922956e+00, 
              1.95225214e+00,   2.07070384e+00,  -9.08145931e-01,  -4.64192662e+00,  -9.23683423e-01, 
             -4.16883788e+00,   1.51586824e+00,  -4.84669499e-01,  -6.85347009e-01,  -1.33409818e+00, 
             -5.93879573e-01,   4.68433446e-02,   5.43051233e-01,  -8.97526108e-02,  -8.94281386e-01, 
              4.62034144e-01,   2.97016865e-01,  -1.27254237e+00,  -2.22149877e-01,   1.29758961e-01, 
              1.37007537e+00,  -1.41765856e+00,   1.61498072e+00,  -6.77067882e-01,  -1.62717978e+01, 
             -1.17915452e+00,   3.84783218e+00,  -6.39702895e+00,   1.08451920e+01,  -1.40479488e+00, 
              5.38749632e+00,  -3.33514975e+00,   1.03205162e+01,  -5.07737668e+00,  -1.31827963e+01, 
             -9.26740090e+00,   2.57655835e+01,   7.97974381e+00,  -1.17678669e+01,  -7.95009824e+00, 
             -1.44566032e+01,   5.84303032e-01,   8.91639123e-01,   1.89509278e+00,  -2.88980128e+00, 
             -7.04946181e-01,  -2.06574754e+00,   2.23005568e+00,   2.01596884e+00,   2.97262075e-01, 
              1.84382962e+00,   2.31844972e+00,  -3.07332943e+00,   1.12017406e+00,  -7.15642684e-01, 
             -3.81397409e+00,   2.32395327e+00,   2.69972404e-01,   2.47207813e+00,   3.19085840e-02, 
              3.54143137e+00,   6.64113006e-01,   4.92640646e+00,   3.37538928e+00,   5.22993638e+00, 
             -7.03096131e+00,   4.36709275e+00,  -8.74164488e+00,  -4.27836363e+00,   4.91137483e+00, 
             -9.43837703e+00,   6.43606369e+00,   4.33976571e+00,   1.29394140e+00,   5.44928212e-01, 
             -7.04966153e+00,   3.42915304e+00,   7.76884174e+00,  -1.17725373e-01,   3.30287444e-01, 
             -4.78110283e-01,   1.24880294e+00,   3.02421617e-01,  -2.73578363e-01,   7.33614014e-01, 
             -1.28879143e+00,  -1.27981067e+00,   7.70654091e-01,   1.14091299e+00,   1.25931398e+00, 
              9.76086461e-01,   4.11292149e-02,  -1.33690521e+00,  -8.06870345e-01,  -1.79904411e+00, 
              7.37206373e-02,   4.95234682e-01,   1.22022015e+01,  -8.17201906e-01,  -5.94609528e+00, 
             -3.45618903e+00,  -2.28748918e+00,  -4.39284475e+00,  -3.54121471e+00,   9.15640473e+00, 
             -3.54161474e+00,  -6.49584743e-01,  -1.00969714e+01,   3.95085156e+00,   1.54079458e-01, 
             -1.81884709e+00,  -4.19289899e+00,  -1.66167008e+00,   5.06125859e+00,  -4.54273043e-02, 
             -6.07926000e-01,   4.49681488e-03,  -9.89021285e-01,  -1.27440510e+00,  -8.02280749e-01, 
             -1.90872772e+00,   1.91134813e+00,  -7.51432670e-02,  -3.96995516e-01,   4.84008547e-01, 
              1.56177482e+00,  -3.66487523e-02,  -2.80779010e-02,   6.61916166e-01,   5.94351015e-01, 
              1.25211190e+00,  -1.94622439e+00,   6.79424203e+00,  -4.21226670e+00,  -6.33123209e+00, 
              2.70830461e+00,  -8.52733668e-01,   1.93722907e+00,  -6.71698568e+00,   1.77634507e-01, 
             -2.00757552e+00,  -3.66264313e+00,   1.38536591e+01,   1.86924934e+00,  -3.28277974e+00, 
             -5.89757574e+00,   9.63665171e+00,   3.53215190e+00,  -2.15695850e+00,  -2.40048802e+00, 
             -1.62466565e+00,  -1.16401099e+00,   8.86630040e-01,  -2.21604745e-01,   7.17647115e-01, 
              1.27632551e+00,  -2.24458311e+00,   4.04744150e-01,   8.34048098e-01,   2.40950605e-02, 
              3.41908393e+00,   1.76555288e+00,  -1.18383621e+00,  -1.96258324e-01,   7.65492522e-01, 
              9.76361655e-01,  -5.52521343e-01,  -6.58488784e-01,  -9.58598043e-01,  -1.11942909e+01, 
             -1.08021611e+01,   5.98436383e+00,  -2.93674708e+00,  -5.53261620e-01,  -4.64113266e+00, 
              4.34376835e+00,   8.89316777e-01,   5.45910999e+00,  -4.33565156e+00,   5.42853670e+00, 
             -2.45596627e+00,   4.22252130e+00,  -2.51338992e+00,   7.24536371e+00,  -1.74166068e+00, 
              6.00344740e+00,  -1.12646206e+00,  -1.15613811e+00,  -2.40883183e+00,   4.73636720e-01, 
              1.03227913e+00,  -1.56785247e+00,  -2.22301893e+00,  -1.99108543e-01,  -2.13400118e-02, 
             -7.26428662e-01,  -1.94083031e+00,  -5.42968459e-02,  -4.05482281e-01,   7.51225166e-01, 
              6.25849814e-01,   1.46520551e+00,  -7.37343543e-01,   2.18431665e-01,  -4.90557680e+00, 
             -4.01644271e+00,  -1.59448116e+00,  -7.77697485e-01,  -1.29118712e+00,   1.14359958e+01, 
              2.84784207e+00,   4.03974254e+00,  -3.45563209e+00,   8.82577085e+00,   6.34865591e+00, 
             -1.08566201e+01,  -5.56191591e+00,   7.68724635e+00,  -2.30512705e+00,  -1.98880584e+00, 
             -1.15962199e+00,   8.42142165e+00,   1.47622753e+00,  -1.09625580e+00,   1.00333788e+00, 
             -5.98757336e-01,   1.86227532e+00,   1.98428771e+00,   2.02955089e+00,  -7.50793513e-01, 
             -1.49516814e-01,  -4.90776951e-02,  -1.49653770e+00,  -6.24957005e-01,   5.55743326e-01, 
             -2.17439092e-01,  -2.66313582e+00,  -1.63717144e+00,  -2.77612881e-01,   3.37481727e-01, 
              1.27542676e+00,  -4.35274972e+00,   3.83370015e+00,  -7.04229773e-01,  -5.38145329e+00, 
              9.91350829e-01,  -2.88916811e+00,   3.17961231e+00,   5.92027438e+00,   1.94754097e+00, 
              3.15697274e+00,  -1.04350187e+01,  -4.20348496e+00,  -2.36845620e+00,  -1.01455249e+00, 
             -4.81841517e+00,   2.79871914e+00,  -3.90220373e-01,   8.61339721e-01,  -1.84417455e+00, 
             -3.22172761e-01,   1.29982724e+00,  -1.55682371e+00,   1.19000077e+00,  -7.88421270e-01, 
              1.70571025e+00,  -2.97258848e-01,  -1.60789453e+00,  -9.06641144e-01,  -3.68287814e-01, 
              1.59139862e-01,   2.01877652e+00,  -1.16058052e-01,   1.04257727e+00,   1.60662148e+00, 
             -5.61334287e-01,  -3.62015335e+00,  -3.87831926e+00,   3.53272084e+00,  -3.85695752e+00, 
              9.98692133e+00,  -1.58805285e+00,   5.09272960e+00,  -1.25857004e+00,   5.28724471e+00, 
              4.09832057e+00,  -1.60307644e+00,  -5.63704528e+00,  -3.04333654e+00,  -1.06080015e+00, 
              8.25076466e+00,   4.43554229e+00,  -8.99254029e-01,   6.59673772e+00,  -8.32042126e-01, 
             -6.94667340e-01,  -1.05502236e+00,   1.12082019e+00,   3.37437008e+00,  -2.36385966e-02, 
             -3.30440662e-01,  -2.18153665e+00,  -1.37109706e+00,   1.10334503e+00,   1.03037510e-01, 
              2.62604477e+00,   1.34445083e+00,   1.41529326e+00,   1.26663630e+00,   2.05975346e+00, 
             -3.47633100e-01,   1.94362192e-01,   2.00383277e+00,   7.02604820e+00,  -7.77983086e+00, 
             -2.77746993e+00,   1.28745734e+00,  -4.09433055e+00,   1.48964591e+00,   1.50145290e+00, 
              8.70022863e-01,  -3.37121559e+00,  -1.07578055e+00,   1.00051681e+01,   1.30032919e+00, 
             -2.73088623e+00,   2.90157560e+00,  -9.87503621e-01,   7.19965962e+00,  -2.04484568e+00, 
             -1.90474894e+00,  -1.54361545e+00,  -2.52979072e-01,   8.04760370e-01,  -1.25493996e-01, 
              3.78402595e-01,   9.53038702e-01,   1.28127000e+00,   3.31907943e+00,  -2.35386984e-01, 
              1.22566500e+00,  -1.08937800e+00,   2.17600855e-02,   2.57442517e+00,   4.62042298e-01, 
             -8.53297244e-01,   1.09062839e+00,   4.56448894e-01,   3.13006697e+00,   1.38444792e+00, 
             -1.35431143e+00,  -3.41044746e+00,   5.58439883e+00,   3.34856944e+00,   4.26137434e+00, 
              2.64724817e+00,  -2.27205926e+00,   1.92313464e+00,  -9.49944098e-01,  -1.45483423e+00, 
              1.02603944e+00,  -9.03531836e+00,  -2.70816182e+00,  -2.95114948e+00,  -1.05805910e+01, 
              3.50912959e-01,  -1.16335265e+00,   1.33188054e+00,   4.66161536e-01,  -2.85640746e-01, 
              1.58973361e+00,  -2.54195118e-01,  -4.03890825e-02,  -1.99610668e+00,  -1.23598245e+00, 
              2.49317454e+00,   1.19731617e+00,  -6.60272318e-01,  -1.63918275e-03,  -3.58784683e-01, 
             -1.18171968e+00,   4.79964290e-01,   3.96928066e-01,  -1.08645564e+00,   7.87833693e+00, 
             -1.09782048e+00,  -7.62365615e+00,  -1.32547546e+00,   1.50317221e+00,  -1.02664556e+01, 
             -4.46881312e+00,   3.29808790e-01,  -9.21075815e+00,  -4.70874552e+00,  -1.75689545e+00, 
              4.51903579e+00,   1.13928579e+00,   3.17384897e-01,   6.18613107e-01,   6.90860982e+00, 
              5.19086697e+00,   5.10471227e+00,  -9.44025369e-01,  -1.35059078e+00,   1.82406855e+00, 
             -5.66331112e-02,  -1.26045510e+00,  -6.66874751e-01,  -6.30849915e-02,  -4.18066456e-01, 
              1.46340155e+00,   5.71031880e-01,   5.41678613e-01,  -4.31252911e-01,   2.02257390e+00, 
             -1.28099939e+00,   1.36887157e+00,   2.50721137e+00,  -6.17587874e-01,   1.32398147e+00, 
              6.18001681e+00,   4.65856066e+00,  -2.61470772e+00,  -1.62926974e+00,   7.73458421e+00, 
             -2.26209361e+00,  -9.41109112e-01,  -2.96597594e+00,  -3.06577904e+00,   2.45359121e+00, 
             -2.18064421e+00,  -9.50162220e+00,   5.26168727e+00,   1.23938803e+00,   1.74139100e+00, 
             -9.19617053e-02,  -2.52216538e+00,   5.45872655e+00,   1.89660066e+00,  -4.70164354e-01, 
              1.01202200e+00,  -1.49878828e+00,   6.69921437e-01,   3.47977212e-01,  -2.36633324e-01, 
             -1.15242566e+00,   2.82536002e-01,   6.27319758e-02,   2.74266889e+00,  -7.09632334e-01, 
             -6.25202003e-01,  -6.13170933e-01,   9.43796118e-01,   1.27175582e+00,  -2.72659974e-01, 
              7.48992783e-01,   2.16495049e+00,  -1.93903815e+00,   7.36885817e+00,  -8.71088218e+00, 
             -4.45780122e+00,  -3.40044882e+00,   3.37251864e+00,   1.81710312e+00,  -6.87976962e+00, 
             -6.59488726e+00,  -2.23796467e+00,  -1.84627739e+00,  -2.93084662e+00,   3.30239412e-02, 
              1.55928905e+00,   1.20930759e+01,   1.94027120e+00,  -7.94801100e+00,  -1.99469263e-01, 
             -7.91338731e-01,   8.37483233e-01,   2.50895429e+00,  -4.16432890e-01,  -6.50895638e-01, 
              6.78716275e-01,  -1.04808443e+00,   1.07706177e+00,   8.77758510e-01,   2.79400309e-01, 
             -3.30728566e-01,   6.72649369e-01,  -1.28339167e+00,  -2.02798196e-01,  -2.53524386e-02, 
              4.33725594e-01,   1.66307650e+00,   6.62874498e+00,   3.89762682e+00,  -1.67851546e+00, 
             -8.62609502e+00,  -4.90054059e+00,  -6.68061089e+00,  -4.07295044e+00,  -6.19418566e+00, 
             -2.84649262e+00,  -1.87897843e+00,  -3.81510889e+00,   1.15379551e+00,   1.66916272e+00, 
              1.94478983e+00,   6.64903013e+00,  -8.92615236e-01,   1.92452686e+00,  -1.84345179e+00, 
             -1.62048874e+00,  -1.05490216e+00,   4.98806181e-01,  -6.44566318e-01,  -1.44174314e+00, 
             -2.16554124e+00,  -1.25719069e+00,   9.38849277e-01,  -3.88881407e-01,  -2.86597448e-01, 
              1.54496788e+00,   2.43519677e-02,   1.32545694e+00,  -1.02110337e+00,   3.04043985e-01, 
             -1.08356197e+00,  -5.86753492e-01,   1.88137400e+00,   9.25145222e+00,   2.45206003e+00, 
             -2.97377272e+00,  -9.60872899e+00,  -1.96147431e+00,   8.18984221e-01,   8.65596834e-01, 
             -4.95452173e+00,  -1.86002684e+00,  -6.02195205e+00,  -5.01101329e-02,   1.37008950e+01, 
              8.03911475e-01,   2.99607477e-01,   1.69930315e+00,  -5.94963335e+00,  -4.89531013e+00, 
             -5.75032803e+00,  -1.19656211e+00,  -3.19458441e+00,  -1.24387571e+00,   1.81124737e+00, 
              6.87899664e-01,   2.36923653e-01,  -5.13823395e-01,   2.06422674e+00,  -1.46777682e+00, 
             -1.00551073e+00,   2.15723530e+00,   1.32307529e+00,  -2.32470873e-01,  -1.60612039e+00, 
             -2.03824219e-01,   2.34627521e-01,  -3.00158556e+00,  -2.41480465e+00,  -1.65951131e+00, 
             -7.42735691e+00,   3.15785645e+00,  -3.72760049e+00,  -1.73580279e-01,  -4.82304585e+00, 
              1.05263623e+01,  -1.11648408e+00,   6.34568805e+00,   8.03186525e+00,   7.08802580e+00, 
              7.83981652e+00,   1.72851880e+00,  -1.43667095e+00,  -1.14127144e+00,   6.52639324e+00, 
              9.45871464e+00,   1.45606376e+00,  -6.21522913e-01,  -2.00176730e+00,  -2.26707418e+00, 
             -8.77973511e-01,   5.85442835e-01,  -2.49709167e+00,   1.88523033e+00,   2.30733931e+00, 
             -1.76616588e+00,  -3.26632132e-01,  -1.40001695e+00,   6.60293657e-01,  -1.79674318e+00, 
              1.92904731e+00,  -4.69529903e-01,   1.09252082e+00,   1.01031945e+00,  -1.55705027e+00, 
             -8.52226929e+00,   2.34151480e+00,  -5.92963662e+00,  -6.08458399e+00,  -4.29949768e-01, 
              4.51251001e+00,   1.00929119e+01,   1.19410427e+00,   1.81973291e+00,  -1.68473311e+00, 
             -8.57950091e-01,   7.86472831e+00,  -4.42313116e-01,  -6.93122031e+00,  -4.48089607e+00, 
             -1.69419453e+00,  -7.13552948e+00,   2.76633556e+00,   6.29397352e-01,  -1.59699034e+00, 
             -9.73046124e-01,   7.28885911e-01,  -4.29798966e-01,   1.87812887e-01,   4.80797059e-01, 
              1.93260765e-01,   1.27807377e+00,  -2.38740832e-01,   1.64313742e+00,   1.79974397e+00, 
             -6.77796756e-01,  -1.44136553e+00,   7.05111950e-01,   5.10039369e-01,  -8.40463647e-02, 
             -2.81701138e-01,  -2.25371799e+00,  -1.88541879e-01,   2.40603829e-01,  -8.13247054e-01, 
             -8.65732884e-01,  -1.22353183e+00,   1.88364700e+00,   3.87776765e+00,   8.59879036e+00, 
              2.61587584e+00,   6.18379797e+00,  -4.75225921e+00,  -7.87599626e+00,   2.07022789e-01, 
             -1.56971570e+00,   3.95330617e+00,  -1.47854930e+01,  -1.17257844e+00,   7.75870577e-01, 
             -6.45287212e-01,  -1.92899409e-01,   5.87190034e-01,  -1.57959910e-01,   2.73084258e-01, 
              2.09454172e-01,   1.48525358e+00,  -6.39400038e-02,  -2.26756136e+00,  -4.05120145e-01, 
             -1.57816859e-02,  -2.42996819e+00,   9.20197632e-01,   3.00851943e-01,  -2.11010498e-01, 
              3.50320404e-01,   1.45555036e+00,   3.02642411e+00,  -1.49139814e+00,   3.82263035e+00, 
              3.18884349e+00,   6.16877296e+00,  -9.36123671e+00,  -1.24946608e+01,  -4.62271386e+00, 
             -1.56750311e+00,  -1.14595085e+00,  -5.20014315e+00,  -7.27814068e+00,  -2.99806325e+00, 
             -4.50603978e+00,   1.57836281e+00,   3.60973636e+00,  -1.35257381e+00,   4.06767079e+00, 
              6.84530671e-01,  -3.04523290e+00,   8.93837472e-01,  -2.34695603e-01,  -7.11318897e-01, 
             -4.44937858e-02,   5.67721604e-01,  -2.62044435e-01,  -1.47622272e+00,  -4.40637873e-01, 
             -1.07732214e-01,  -1.46924080e+00,  -3.18127449e-01,   1.51488238e+00,  -4.92343450e-01, 
              1.12395017e+00,  -1.27020865e-01,   2.35463330e-01,  -1.23288278e+00,  -5.30298303e+00, 
              2.73491205e+00,  -6.34064878e+00,  -1.55851371e+00,  -1.05778390e+00,   8.24717804e+00, 
              6.01426203e+00,   4.00390445e-01,   3.71440273e+00,  -3.25455637e+00,  -1.36855078e+00, 
              5.11615275e+00,  -1.66900285e+00,   1.06413037e+01,  -8.70587187e+00,   5.66343807e+00, 
              7.47108543e-01,   3.83849166e-01,  -2.03653370e-01,   4.04258249e-02,   1.97116633e+00, 
              1.31897028e-01,   2.96829860e+00,  -2.48616698e-01,  -2.37185088e+00,   7.74423375e-01, 
              3.54233748e+00,  -1.15204763e+00,   1.32722212e-01,  -1.03477280e+00,  -9.28912406e-01, 
             -1.38301108e-01,   5.93351378e-02,   1.55782304e+00,  -1.03522069e+00,  -1.54998722e+00, 
              4.90617258e-01,   2.23499765e+00,  -2.64840930e+00,   7.03707121e+00,   1.75094523e+00, 
              2.05752925e+00,   3.70364161e+00,   1.17401255e+00,   1.18722807e+01,   2.74085372e+00, 
             -2.71870312e+00,  -5.43671996e+00,   1.22814317e-02,  -1.87384827e+00,   9.40605629e+00, 
              2.30115847e+00,  -7.51910489e-01,  -1.58066470e-01,   1.67327144e+00,   6.46789341e-01, 
              5.41474724e-01,   1.06194337e+00,  -2.07564043e-03,   1.58284716e-01,  -2.17540581e+00, 
              4.25507288e-01,   2.20226235e+00,   2.33438173e+00,   9.00206371e-01,  -7.39020658e-02, 
             -1.61549558e+00,  -1.02434591e+00,  -1.30474926e+00,  -6.52848106e-02,   4.69592972e-01, 
              2.88238649e-01,   1.66900884e+00,   6.64143285e+00,   5.43993284e+00,   1.02827332e+00, 
             -2.20006800e+00,  -1.47734653e+00,   6.77366436e+00,   7.01704388e-01,   7.08775756e+00, 
             -3.17896904e-01,   5.34703819e+00,   7.54397198e+00,  -3.88087366e+00,  -3.75751005e+00, 
             -1.00428716e-01,   2.12847507e+00,   1.48777554e+00,  -3.29898130e-01,   1.97299439e-01, 
              2.35633828e-01,   6.60491929e-01,   1.08427617e+00,  -1.56020227e-02,   2.28619483e+00, 
             -3.19710809e+00,   5.53839861e-01,  -1.32856371e+00,  -3.47957511e-02,  -1.66446720e+00, 
              4.93054172e-01,   1.46830408e+00,  -2.22911025e-01,   1.35230680e+00,  -1.70552136e+00, 
             -3.76927798e-01,  -9.74871898e+00,  -3.13466316e+00,  -3.99805825e+00,  -2.06213809e+00, 
             -9.09231495e+00,   2.38316345e+00,  -2.22649196e+00,  -2.00007497e+00,   1.96159680e+00, 
             -9.59547816e+00,   7.68162371e+00,   6.81525191e-01,   5.93453041e+00,   7.48556486e-01, 
             -1.98999033e+00,   7.32185798e-02,   4.50971522e+00,   2.45985432e+00,   1.48271449e+00, 
             -1.45791599e+00,   2.01362328e+00,  -9.67103592e-01,   1.12255124e+00,   9.06270973e-01, 
             -6.95634612e-01,  -1.45762131e+00,   3.32418076e+00,   1.26071582e+00,  -2.68567962e-01, 
             -1.07262171e+00,   1.90000083e+00,  -1.08107061e+00,   9.13387516e-02,   3.23766051e-01, 
             -4.11253887e-01,  -2.59984591e+00,   2.18787780e+00,  -5.94082965e+00,  -8.65797769e-01, 
              3.79143443e+00,  -4.55096899e+00,   4.21877147e+00,  -6.12662132e+00,   3.08961412e+00, 
             -1.94234820e+00,  -5.49312308e+00,  -3.72967385e+00,  -4.52975859e-01,  -9.10276264e-02, 
             -1.94719450e+00,   2.61677825e+00,  -1.48074823e+00,   5.08779883e-01,  -1.80557098e+00, 
              3.33717794e-01,   5.80380174e-01,   1.09018037e+00,   3.64220226e-01,  -1.90692398e-01, 
              1.15786382e+00,  -2.83864679e+00,   8.53902057e-01,   1.13491369e+00,   1.04541383e+00, 
             -4.27954196e-02,  -6.41530566e-02,  -2.00706846e+00,   7.51132071e-01,   3.60808467e-01, 
              1.13942979e+00,  -2.04773774e+00,   1.40475904e+00,   8.41674031e+00,  -1.05129817e+00, 
             -4.88146093e+00,  -4.88968171e+00,  -5.59438850e+00,   1.51498691e-01,   2.59458008e+00, 
              1.13756232e+00,  -3.60552409e-01,   3.23618067e+00,  -2.58796956e+00,  -1.33572891e+00, 
             -8.51285354e+00,   1.79541620e+00,  -7.05087949e+00,   2.81527262e+00,  -1.08456686e+01, 
             -2.65913300e+00,   4.33927667e-01,  -2.49051323e-01,   2.44416690e+00,  -1.08878300e+00, 
             -7.28905111e-01,   3.49958090e-01,  -2.17634481e+00,  -1.62415131e+00,  -4.73730190e-01, 
             -1.14175633e-01,   5.78595597e-02,   1.67344389e+00,  -1.72882752e-01,   2.20639139e+00, 
              5.62658161e-02,   2.56114530e+00,  -7.87767532e-01,   1.93140108e+00,  -4.24746006e+00, 
             -8.54743530e+00,   1.62480356e+00,   1.89025373e+00,   1.11151112e+01,  -1.19203549e+01, 
              1.90489276e+00,  -8.84513014e+00,  -1.83072307e+00,  -1.14265810e+01,  -1.48641298e+00, 
              1.25588362e+01,  -6.51789504e-01,  -2.76027155e+00,   2.48784842e-01,   5.40242245e-03, 
              3.26889873e+00,  -1.40511632e+00,  -4.70204080e-01,   3.07287383e+00,  -1.21469372e+00, 
              1.51441913e+00,   3.89660231e-01,   2.63520793e-01,   9.14087393e-01,   1.82728273e+00, 
              3.85939828e-01,   2.39176559e+00,  -7.59937471e-01,   1.09437518e+00,   1.48182700e+00, 
             -4.40481161e-01,   1.27004521e+00,  -1.18560615e+00,  -1.05708979e+00,  -6.42784604e-01, 
              4.01663905e-01,   7.51368288e+00,   5.08081934e-01,   6.01565693e+00,   5.69857524e+00, 
             -2.94840791e+00,  -1.80957755e+00,   1.96364084e+00,   1.75911188e+00,   8.85131716e+00, 
             -4.02011790e+00,   5.39854727e+00,  -5.73594657e+00,  -4.62713343e+00,   1.01838387e+00, 
             -2.70672650e+00,  -9.37854647e-01,   5.72083056e-01,  -1.39846903e+00,  -1.05525114e+00, 
             -9.57240957e-01,  -1.30557051e+00,   1.15547467e+00,  -9.52389902e-01,  -1.26730325e+00, 
             -8.84825517e-02,   1.13231793e+00,   1.56933841e+00,   3.51109256e-01,   5.78776513e-01, 
             -2.32939304e+00,   5.15697174e-01,  -1.17253907e+00,   1.32003935e+00,   1.39815465e-01, 
             -8.87151602e-01,   4.49629963e+00,  -4.86200674e-01,   7.49941166e+00,  -1.41252754e+01, 
             -7.81019227e+00,   6.71088688e+00,  -1.45412046e+00,   1.32685448e+00,   7.52840210e+00, 
             -4.70790385e+00,   2.89879785e+00,  -1.16903206e+00,   1.73544478e+00,   3.80306427e+00, 
             -6.41871412e+00,  -2.76702095e+00,  -6.17024499e+00,  -4.70150578e+00,  -9.56554870e-01, 
             -8.78974928e-01,   1.73936338e+00,  -1.15009779e+00,   1.64487572e+00,   7.46322113e-01, 
              6.08002094e-01,   3.56119601e-01,  -1.35580800e+00,  -5.25705862e-01,   1.62367434e-01, 
             -1.54759688e+00,  -3.67793555e-01,   8.34048214e-02,  -2.68276976e-01,  -1.89892644e+00, 
              1.54245047e+00,   1.08916960e+00,   4.57858301e+00,  -2.36304134e+00,  -2.76324308e+00, 
              5.22112700e+00,  -2.76228938e+00,  -5.44665402e+00,  -5.03252050e+00,   9.05932958e+00, 
              6.92627443e+00,  -4.70074834e-01,   3.38450933e+00,   8.61525947e-01,  -7.57564873e+00, 
             -5.03889317e+00,   6.67721517e+00,  -5.46098312e+00,   4.42823985e+00,  -8.28856014e+00, 
             -3.06341764e+00,   1.10863300e+00,   8.72321442e-01,   1.32381024e+00,  -2.49828630e-01, 
              4.46238615e-02,  -1.31879687e+00,  -2.49828582e+00,   4.87303137e-01,   1.69108960e+00, 
             -3.31874779e-01,  -9.39075064e-02,  -2.31450181e-01,   6.84360173e-01,  -8.15095776e-01, 
              1.09061907e+00,  -6.62493365e-01,  -1.64255774e+00,   3.91782810e+00,  -6.58694991e+00, 
              3.45551151e+00,   1.02029554e+01,  -5.28567822e-01,  -9.22400101e-01,   5.84013801e-01, 
             -1.03390232e+00,   2.54224030e+00,   3.30537909e+00,   2.86590403e+00,  -9.95130238e-01, 
              6.01790229e-02,   4.35093337e+00,   3.14154816e+00,  -5.29903160e+00,  -1.75630893e+00, 
              1.60487702e+00,  -1.47543726e+00,  -2.00066864e-01,   3.69912770e-01,  -3.92238341e-01, 
              1.33294580e+00,  -2.84009198e+00,  -1.21979256e+00,   5.76480267e-01,  -3.88728753e-01, 
             -2.07545442e+00,   2.72841175e+00,   2.26801751e+00,   6.64464870e-01,   6.70355024e-01, 
              2.79040492e-01,  -2.55698042e-01,   2.08073964e+00,   8.88359871e-01,   8.24916496e+00, 
             -8.85421543e+00,   1.79272774e-01,  -1.92462137e+00,   3.47925190e+00,  -3.48751603e+00, 
              7.64317354e-01,  -5.26571396e+00,  -6.35985748e+00,  -5.61307175e+00,   4.58965498e+00, 
             -2.26752897e+00,   1.02478981e+00,  -1.36332449e-01,   1.31750979e+00,   2.78214571e+00, 
              4.38899860e+00,  -1.13475381e+00,   3.74023765e-01,   2.96254737e-01,  -6.80096377e-01, 
              7.64780820e-01,   5.95761817e-01,  -1.63378570e+00,  -6.28091961e-01,   1.18233310e-04, 
              6.63033750e-01,  -1.81442433e+00,   9.35352218e-01,  -1.19559772e+00,  -2.57004805e+00, 
             -1.24038323e+00,   1.22809740e+00,  -9.12024314e-01,   1.07088277e+00,   3.65261993e-01, 
              6.91080611e+00,  -6.39475761e+00,  -4.54292853e-01,  -7.93740832e+00,   9.31770316e-01, 
             -1.25217699e+00,   1.57344975e+00,   2.63970834e+00,   2.01437874e+00,  -5.82871887e-01, 
              2.26461947e+00,   2.91371587e+00,   1.33476704e+00,  -1.04295670e+00,   9.42591002e-01, 
              2.02848687e+00,   4.36469745e-01,   1.71769993e-01,   1.63644270e+00,   2.56454256e+00, 
             -5.82084145e-01,   1.31511319e+00,  -7.80435895e-01,   2.17408474e+00,  -5.41256498e-01, 
              4.60102802e-01,   4.36982996e-01,  -4.22831245e-01,   1.35741238e+00,  -8.20691094e-01, 
              4.04511585e-01,   2.46461117e-01,   1.79028852e-01,   1.52816749e-01,   2.24144100e-01, 
             -2.14476919e-02,   3.49261654e+00,  -5.30589903e+00,   1.07781842e+00,   2.14038321e+00, 
              8.68898087e-01,   4.00553755e+00,  -5.83233624e+00,   2.30210086e+00,   3.60916200e+00, 
              2.38606784e+00,   3.02949024e+00,   2.43519933e+00,  -1.24193710e+00,  -1.44510094e+00, 
              3.89624469e+00,  -6.26168468e+00,  -2.52209047e+00,   1.22195515e+00,  -1.30971985e+00, 
             -2.99115873e-01,  -1.71793807e+00,  -1.42574992e+00,   4.71648066e-01,  -9.06775769e-01, 
              8.72171401e-01,  -1.52376319e+00,  -1.48822509e+00,  -4.29411166e-02,   4.87826404e-02, 
             -5.64427300e-01,  -8.14858788e-01,   3.38799807e+00,  -5.10689119e-01,  -5.49177716e-01, 
             -1.26643349e+00,   2.79257519e-01,  -2.86453705e+00,   1.29341634e+00,  -5.81601145e+00, 
              1.48411421e+01,   1.23494950e+01,  -3.41570678e+00,   1.34075393e+00,   5.33958720e+00, 
             -2.81676449e+00,  -2.94932551e+00,  -7.97254652e+00,   1.68178831e+00,   8.92895624e-01, 
              8.11991477e+00,   5.30468326e-01,   1.16724030e+00,   1.36351628e+00,  -1.44212199e+00, 
              1.17509012e+00,   3.25860724e-01,   1.42764773e+00,   8.62665010e-01,   3.08393479e+00, 
              1.95815868e+00,  -5.40754959e-01,  -3.65875260e+00,   1.58113704e+00,   8.02679317e-01, 
             -3.09076647e+00,  -1.56657810e-01,   1.24468696e+00,  -1.11141190e+00,  -1.44694755e+00, 
              2.56799045e+00,   1.02177515e+00,  -7.70255813e-02,   4.29686520e+00,   4.49363403e+00, 
              4.37825045e+00,  -2.44162801e+00,  -7.51021481e-02,  -7.87497489e+00,  -4.29115382e-02, 
              9.07696698e-01,   8.02053902e+00,   1.62346452e+00,  -4.92858270e+00,   2.53872868e-01, 
              2.49478774e+00,  -5.98503827e+00,   6.83743019e+00,  -5.76174434e+00,   2.66778682e-01, 
             -2.49088959e+00,   1.32573314e+00,  -4.87754662e-01,  -8.76045545e-01,   5.45022552e-01, 
              3.75178250e-01,  -4.83640279e-01,   1.48623112e+00,  -1.41075584e-01,   1.12304654e+00, 
             -5.37005994e-02,  -3.94863197e-01,   1.18067897e+00,  -3.10725347e+00,   1.51923176e+00, 
              5.22499368e-01,   1.73592131e-01,  -1.15208802e-01,  -6.49593838e-01,  -1.94162627e+00, 
              1.46530727e+00,   9.61942645e+00,  -1.52309505e+00,   1.31825981e+00,  -1.21605366e+00, 
             -1.09087872e+00,   5.36786422e+00,   8.21584246e+00,   2.91008016e+00,  -3.04940974e+00, 
              6.13011692e+00,   5.48512327e+00,  -5.35691439e+00,  -4.41953116e+00,   1.33095035e+00, 
             -1.23271758e+00,   3.28621337e+00,  -1.66371355e+00,  -2.62616949e+00,   2.11695469e+00, 
              1.83258741e+00,  -5.32365641e-02,   1.66872926e+00,  -8.06273823e-01,   4.06718308e-01, 
              7.18902168e-01,  -1.23534617e+00,  -3.33752208e-01,  -9.05407210e-01,   2.27599711e+00, 
             -3.99080246e-01,  -4.24134191e-01,   1.36438222e+00,  -5.63081365e-01,  -3.10719298e-01, 
             -1.71812044e+00,   1.33923623e+00,  -5.76012462e-01,  -3.79978762e+00,  -2.44158431e+00, 
             -8.68122234e+00,   9.53690701e+00,  -7.95807826e-01,   1.85951706e+00,  -1.52851866e+00, 
             -1.40133976e-01,   4.45953574e+00,  -7.08937052e+00,   1.87196234e+00,   2.20345357e+00, 
              2.96086239e+00,  -6.94209115e+00,   7.51970155e+00,   1.18731224e+00,  -4.64510194e-01, 
             -1.24388151e+00,   2.57981574e+00,  -1.35903087e+00,  -1.34757212e+00,   1.49340511e+00, 
             -2.03705359e+00,  -1.70534686e+00,  -8.58742392e-01,  -1.34652596e+00,   8.98783589e-01, 
              6.23642740e-01,  -1.96247721e+00,  -1.35363009e+00,  -2.35553437e-01,  -5.54857499e-01, 
              1.03200931e-01,   2.06384706e-01,  -6.03388867e+00,   1.90499168e+00,  -3.37593967e+00, 
              2.59659792e+00,  -9.17104919e-01,   4.33781518e+00,   1.64961161e+00,  -6.91517559e+00, 
              4.08749517e+00,  -1.12262097e+00,  -2.40133444e+00,   5.77682840e+00,   1.99908660e+00, 
              1.03883698e+01,  -6.51200984e+00,   4.44630847e+00,   1.48376987e-01,  -1.70511781e+00, 
             -2.23613058e-01,  -2.10244553e-01,  -3.31568646e-01,  -1.97359412e-01,  -3.29413691e-01, 
              1.25867786e+00,   2.56974262e-01,   2.07649306e-01,   1.54391486e+00,  -3.78561979e-01, 
              2.03185866e-01,  -2.44651545e+00,   3.12369006e-01,   8.44151621e-01,  -1.70306933e+00, 
             -3.37593242e+00,   1.26414898e-02,  -1.04805186e+01,   2.57880122e+00,   4.03818774e+00, 
             -7.10367416e+00,  -7.30557037e-01,  -6.80430744e+00,   1.28093426e+00,  -4.08838852e+00, 
             -7.12449752e-01,   2.01480755e+00,  -2.59410525e+00,  -5.38586461e+00,   5.11785225e+00, 
             -1.97668637e+00,  -5.08705048e+00,  -2.24880261e+00,  -6.19076914e+00,   3.38095036e+00, 
              4.03913534e+00,  -6.59761983e-01,  -9.19521458e-01,  -3.66636478e-01,  -1.14735964e+00, 
             -1.06461827e-01,  -8.79025677e-01,  -8.25901774e-01,  -6.37522547e-01,  -5.43424800e-01, 
             -8.64079139e-01,  -1.17895349e+00,   3.21556234e-02,  -6.09347949e-01,   4.34830891e-01, 
              7.95255662e-01,   2.72675987e+00,   1.60214218e+00,   1.07760926e+00,   2.06185429e+00, 
             -2.20881442e+00,  -5.03266862e+00,   3.53110760e+00,  -3.77847087e+00,  -6.37216484e+00, 
             -3.48715051e+00,  -1.23669253e+00,   1.50860303e+00,  -1.79315259e+00,  -3.37360648e+00, 
             -2.61439598e+00,  -9.21040652e+00,   3.72111811e+00,   9.60241626e+00,   7.07402928e+00, 
              5.06531553e+00,   5.69643392e-01,  -1.70307589e-01,  -8.78539208e-02,  -8.54733858e-01, 
              1.90079376e+00,   2.13820083e+00,   5.78586623e-01,   2.06626691e+00,  -2.27633942e+00, 
              2.65182134e-01,   7.75906467e-01,  -1.30225262e+00,   3.55223756e-01,   2.10883197e+00, 
             -1.17768881e-01,  -4.65600275e-01,   9.60309054e-02,  -1.57858849e+00,  -1.84821695e+00, 
              5.97714055e+00,  -1.02313447e+01,  -1.87979806e+00,   7.18358733e+00,   1.36733072e+00, 
              7.34213406e+00,  -4.75287320e+00,   1.48028365e+00,  -2.09651321e+00,   2.97059046e+00, 
              1.47327846e+00,   5.14087253e+00,   3.02743058e-02,   6.36819907e-01,  -3.77223296e+00, 
             -2.68598270e+00,  -6.97310177e+00,  -2.21836875e-01,  -2.70929126e-01,   2.78482352e-01, 
             -4.92844917e-01,  -1.35306171e+00,  -1.04684887e+00,   1.20308791e+00,   1.09363716e+00, 
              7.94785414e-01,   1.94656132e+00,  -3.00538204e-01,   1.25162038e+00,  -1.15617723e-01, 
             -3.92884230e-01,  -9.28694117e-01,   6.90255374e-01,  -6.00044242e-01,   4.73920902e-01, 
             -4.01833758e+00,  -5.62538042e+00,  -2.16613912e+00,  -4.61598852e+00,   1.24035404e+01, 
             -5.85123896e+00,   6.75189363e+00,   1.29066592e+00,  -5.87688951e+00,   4.56926420e+00, 
              4.95966036e+00,  -3.77965809e+00,  -5.32141172e+00,   7.79531256e-01,  -7.41477772e+00, 
              1.47845453e+00,   2.71783714e+00,   4.66291228e+00,   3.19676582e-01,   5.01406185e-01, 
             -1.14646632e+00,  -4.79362443e-01,   1.54366292e+00,  -2.05627180e+00,   1.19470394e+00, 
             -1.47528371e-01,   6.43557634e-02,   2.89005445e-01,   9.62953736e-01,   1.02649881e+00, 
             -7.16929069e-01,   1.07216077e+00,  -1.87323059e+00,  -1.30694655e+00,  -2.59275010e-01, 
              2.12679764e-01,  -4.69717070e+00,  -4.35539185e+00,   3.66044572e-01,  -8.31219813e+00, 
              2.39297810e+00,   4.67967319e+00,  -2.00064730e+00,  -1.36528150e+00,  -1.22632549e+00, 
             -1.02088009e+00,   9.98100569e+00,   3.00224203e+00,  -1.16873412e+00,   1.83593913e+00, 
             -6.46577892e+00,  -6.21434829e-01,   7.94073509e-02,   2.56590200e+00,  -7.29681691e-01, 
              3.69780561e-01,   7.31620032e-01,   1.14852576e+00,  -1.55936186e+00,   1.60619826e+00, 
             -1.30479199e+00,  -5.88215627e-01,   6.12402530e-02,  -1.39635750e-01,   8.95825075e-02, 
             -2.31187959e+00,  -9.95973131e-01,  -2.15760892e+00,   1.26542821e-01,  -1.36373798e+00, 
             -8.00257910e-01,  -2.71715649e-01,   3.78525322e+00,  -9.46569182e-01,  -9.39003538e-02, 
              5.03099314e+00,   1.15963776e+00,  -7.90028689e-01,  -1.36286570e+00,  -9.12488378e+00, 
              5.40752648e+00,   6.61689495e+00,   6.30703196e+00,   9.76354096e-01,   2.02021981e+00, 
              4.92073728e+00,  -3.40426692e+00,   3.06243849e+00,   2.96681762e+00,   3.62774141e-01, 
              8.87292082e-01,   3.43477294e-01,   1.77669001e-01,  -1.44842937e+00,  -1.21418856e+00, 
             -8.98183813e-01,  -6.01252266e-01,  -9.74580705e-01,  -2.54435043e+00,  -1.38282794e+00, 
             -2.84002358e-01,   1.44819753e+00,  -3.27980935e-01,  -7.49518415e-01,   5.18777062e-01, 
             -8.10873381e-01,  -2.18575000e+00,  -6.88904004e-01,   1.76187451e+00,  -2.42679592e+00, 
              5.33238772e+00,   2.51759885e+00,  -1.95674875e+00,   3.02708093e-01,  -2.74260277e+00, 
             -4.32932576e+00,   4.14681520e+00,   1.46244507e+00,  -6.48186782e+00,   3.10574329e+00, 
             -1.78358987e+00,   4.51955773e+00,  -1.55808717e+00,   3.56810197e+00,  -6.11839692e+00, 
              5.13402695e-01,   3.35717086e-01,   2.04068112e+00,   6.50102368e-01,   1.28441487e-01, 
              1.67354462e+00,  -9.48257318e-01,   6.32820048e-01,   1.09442883e-01,  -4.77915676e-01, 
             -4.41354130e-02,   1.90936884e+00,  -7.76463865e-01,  -2.19109175e+00,  -7.65255946e-02, 
             -3.29925237e-01,  -1.18720128e-02,  -5.65977334e-01,  -1.04864429e+00,   7.35724612e-01, 
              4.04543367e-01,  -9.97846747e+00,   2.99795318e+00,   1.42915062e-01,  -8.23945193e-01, 
              4.83273560e+00,   5.42747486e+00,   7.40490063e-01,   1.05740391e+00,   2.41590670e-01, 
             -4.13764648e+00,   8.58235647e+00,   1.88906742e+00,  -1.75123633e+00,   6.28497749e+00, 
              1.24208991e+00,  -9.28003216e-01,   1.00340036e+00,   3.32475748e-01,   2.21598913e+00, 
              9.26403006e-01,  -1.01766507e+00,  -5.87438072e-01,  -1.42938901e+00,  -1.85290158e+00, 
              8.33432349e-01,  -2.37546594e+00,   1.08909936e+00,   2.14754263e-01,  -2.41626751e+00, 
              1.72424034e+00,  -2.55014362e+00,   9.12076741e-01,   4.31921088e-01,   1.36927060e+00, 
             -7.92839926e-01,  -4.36832113e+00,   1.98302603e+00,  -2.86741634e+00,   8.26080512e+00, 
             -1.40300053e+01,  -7.00343538e+00,   2.40962065e+00,   1.58505314e+00,  -1.25307706e+00, 
             -5.23465670e+00,  -8.56010605e+00,   5.52551604e-01,  -5.74399842e-01,  -3.93359971e+00, 
              3.01652029e+00,   2.96349579e+00,   7.12166035e+00,   1.95628954e+00,  -1.18006893e+00, 
             -1.23802539e-01,   4.17269837e-01,  -1.69919139e+00,   3.03622474e+00,  -3.25330330e-01, 
              6.30183019e-01,   1.74495108e+00,  -1.89846760e+00,   7.43954237e-01,   1.19809459e+00, 
              9.40521142e-01,  -2.34515064e+00,   5.25445923e-01,   6.29495158e-01,  -7.79619675e-01, 
              2.17996860e-01,   1.16213314e+00,  -5.32985456e+00,   4.62663482e+00,  -7.78565011e+00, 
              5.11773275e+00,   7.33533453e+00,   1.56568249e+00,   7.46029800e+00,  -9.07375873e-01, 
              1.50268347e+00,  -3.36208375e+00,  -2.12774169e+00,  -3.72059816e-01,   8.18462461e+00, 
              5.02861575e+00,  -3.44883887e+00,  -4.97925002e+00,   5.02171207e-01,  -5.55256749e-02, 
              2.15658374e+00,   2.25392594e-01,  -8.12319332e-01,  -2.55941723e+00,  -1.81050056e+00, 
             -5.64020400e-01,   7.85490359e-01,   1.46746823e+00,   1.61639445e+00,   3.83720658e-02, 
             -4.61042707e-01,  -1.14464973e+00,   9.28981779e-01,   7.28313943e-01,  -1.37118824e-01, 
             -1.44424665e-01,  -1.22796023e-01,   7.02825356e+00,   4.81667184e+00,  -1.69360146e+00, 
             -6.69945457e+00,   3.61392267e+00,   1.31118278e+00,  -2.80250597e+00,   7.08662334e+00, 
             -1.97576028e+00,  -2.90369400e+00,  -1.98491586e+00,   6.32032001e+00,   4.21518213e+00, 
             -6.78683761e-01,   2.24633561e+00,  -1.02183750e+00,  -4.85392065e+00,   1.23142902e+01, 
             -2.30379751e+00,  -1.76264147e+00,   1.75854468e+00,  -1.06745223e+00,  -4.64935677e-01, 
              1.65613549e+00,   1.07902894e+00,   2.95341269e-01,   2.10117516e+00,  -2.45485319e+00, 
              2.18828142e-02,  -5.70055127e-01,   1.92810636e+00,  -7.57122703e-02,  -2.62284898e-01, 
              2.29099828e-01,   1.00702415e+00,  -2.41176848e+00,  -1.70440840e+00,   3.87068398e+00, 
             -2.47156885e+00,   1.96052803e+00,   6.39966038e+00,  -2.07458088e+00,  -1.43280051e+00, 
              1.07786031e+01,   5.43264573e-01,   6.96899955e+00,   2.51342768e+00,   3.36856575e+00, 
              3.19938708e+00,   8.48506077e-01,   1.14359477e+00,   6.50023421e-01,   3.89505527e+00, 
              1.19914643e+00,  -2.26574384e-01,  -3.40149122e-01,  -9.25108931e-01,   1.40335930e-01, 
              7.44002464e-01,   4.83781235e-01,   2.89549179e+00,   1.50169970e-01,   9.67812490e-01, 
             -2.28235608e-01,  -1.53490948e+00,  -1.69565932e+00,   8.96116608e-01,   5.88894243e-02, 
             -1.62703564e-01,  -6.82590381e-01,  -5.29141140e-01,   2.07028474e+00,  -1.16923377e-01, 
             -9.80213822e+00,   2.35381377e+00,   3.76840413e+00,  -6.47097114e+00,   8.07427632e-01, 
             -1.41048703e+00,  -2.99317320e+00,   1.62508014e+00,  -2.70668970e+00,   2.63426222e+00, 
              2.30617100e+00,  -3.67353750e+00,  -1.88446936e+00,   2.61425053e+00,   1.04205310e+01, 
             -6.91596927e+00,   6.19847496e+00,   1.10037965e-01,   7.65115790e-02,   6.04953494e-01, 
             -5.81467669e-01,   1.51776093e+00,  -2.80936433e+00,  -5.74592521e-01,  -9.95064945e-01, 
             -2.56693646e+00,  -1.29521573e+00,  -7.62608133e-01,   1.79834276e+00,  -1.27744542e+00, 
             -3.51855498e-01,  -1.17338613e+00,  -9.79137907e-01,   2.48221978e+00,  -2.04719180e+00, 
              1.67338632e+00,   6.40820611e+00,   4.82300572e+00,   2.60455252e+00,  -1.18499399e+01, 
              6.31174593e+00,   2.44699899e+00,  -2.64950306e+00,   3.16490230e+00,   9.30712608e-02, 
             -2.08119984e+00,   6.04456584e-01,  -4.40968030e+00,  -5.76391241e-01,   5.69820308e+00, 
              2.91229201e+00,  -2.65923601e+00,  -1.78322740e+00,   4.67154118e-02,  -6.48848954e-01, 
              1.69338885e+00,   3.86186461e-01,   2.45359089e+00,   8.87345453e-01,  -4.30889005e-01, 
             -1.28735523e+00,   1.01952768e+00,   6.21606872e-01,   7.98913135e-02,   1.06316242e+00, 
              9.05408318e-02,   4.63043551e-01,   2.44450606e-02,   8.95589243e-01,  -9.92648233e-01, 
             -3.26656064e-01,  -2.31816650e+00,   4.29515124e+00,  -4.60160119e+00,  -7.33518983e+00, 
             -4.70626569e+00,   1.01707457e-01,   2.62047284e+00,   8.85974994e-01,  -3.24444173e+00, 
              3.24953467e+00,  -6.50183131e+00,   1.10473598e+01,   9.82452701e-01,   3.96814301e-01, 
             -4.92974810e+00,   4.18302428e+00,   8.38718827e-01,   7.16073625e+00,   4.29487300e-01, 
              1.15005176e-01,   1.22018481e+00,   8.73099722e-01,  -6.60446721e-01,  -4.67517398e-02, 
              5.94185568e-01,   2.63484376e+00,   3.23418102e+00,  -2.31156133e+00,   3.47417960e-02, 
             -1.20219422e+00,  -1.40632279e+00,   5.25140258e-01,  -1.11312209e+00,  -1.30315146e+00, 
             -1.78986302e-02,  -2.21795880e+00,   6.97230522e+00,   3.34240853e+00,  -3.37080792e+00, 
             -4.89040519e+00,   7.90778507e-01,  -8.18971824e+00,  -9.65202000e-04,   8.49898981e+00, 
              5.43694585e+00,   2.21432730e+00,   4.66858917e+00,   2.77705417e-01,  -6.36990207e+00, 
              4.66435483e+00,   1.50129873e+00,  -4.91462980e+00,   2.94534368e+00,   6.06452488e+00, 
              1.49605750e+00,  -3.60671703e-01,   1.61686019e+00,   6.33021201e-01,  -3.00799113e-01, 
              3.68731451e-01,  -4.06311553e-01,  -3.24845239e-01,   2.00175622e+00,  -1.35052931e+00, 
             -1.33377004e-01,  -2.56446457e-01,   1.34549863e+00,  -6.97289636e-01,  -2.45470787e-02, 
              5.30521365e-01,   1.43392469e+00,  -2.31644172e+00,   6.88751709e+00,  -5.35417476e+00, 
              7.19996263e+00,   3.02162400e+00,  -3.11112751e+00,   4.97642671e+00,  -6.55365349e-01, 
             -3.92262956e-01,  -7.92155689e+00,   4.39427127e+00,   9.12589236e-01,  -5.06497365e-01, 
              7.86648653e+00,  -1.08947171e+00,   2.45199210e+00,  -9.72675109e+00,   3.45112030e+00, 
             -6.53593993e+00,   9.76998577e-01,  -4.10592308e-01,  -4.78069234e-01,   1.81528138e+00, 
             -2.39993181e+00,   1.79428407e+00,   1.50248261e+00,   4.71311149e-01,  -2.49732227e+00, 
             -1.45783236e+00,   1.28440211e+00,   1.60365559e+00,   1.76502714e-01,  -1.69587457e+00, 
              1.16171849e-01,  -3.51948502e-01,   6.63874058e-01,  -1.39665962e+00,  -3.93037032e-01, 
              7.99267998e-01,   2.24383645e+00,  -3.01998433e+00,   4.49007236e+00,   2.18092731e+00, 
             -3.14043772e+00,  -2.21430221e+00,  -4.82175434e+00,   6.13495666e+00,  -2.13145195e+00, 
              1.01677663e+01,   6.62101409e+00,   2.46573127e-01,   6.64982363e+00,   4.07164126e+00, 
              4.89943131e+00,  -1.97798406e+00,   8.96332099e-01,   1.41854948e+00,   6.48658166e-01, 
              1.38888826e+00,   3.40116085e+00,  -9.48468395e-01,   7.34190751e-01,  -6.43866758e-01, 
              1.74958062e+00,   9.21685085e-01,  -8.50711290e-01,   2.49185203e+00,  -1.03628246e+00, 
              2.34113784e-01,   1.75843012e+00,   5.51668197e-02,   1.04606386e+00,  -2.33593501e+00, 
              1.42768978e+00,   2.21069152e+00,  -2.59376617e+00,  -6.65608881e+00,  -4.66889758e+00, 
              4.06875535e+00,  -1.27114812e-02,   7.74481961e-01,   5.60057906e+00,  -6.72655660e-01, 
             -1.24921333e+01,   2.61227766e+00,  -2.46261302e-02,   2.79574124e+00,   3.72268904e+00, 
              4.52487162e+00,  -5.94581083e-01,   5.62096864e+00,  -1.26393045e+00,   1.49789258e+00, 
             -8.81486302e-01,   3.22680801e+00,   8.16210593e-01,   8.42615683e-01,  -2.58313374e-01, 
              1.80708817e+00,  -1.93367133e+00,  -6.79790193e-01,   1.12166886e+00,  -1.00040944e+00, 
             -6.94328499e-01,  -1.34757047e+00,  -3.25686752e+00,  -1.65343457e-01,   4.70638282e-01, 
             -2.96290916e-01,  -2.89606717e+00,   1.92338546e+00,  -1.07411879e-02,  -4.13938591e+00, 
              2.07649122e+00,  -6.86697690e-02,  -3.14447547e+00,  -2.19520253e-01,   2.52071855e+00, 
             -8.99004140e+00,  -2.76251002e+00,   6.55783332e+00,   1.16204317e+00,   7.29820902e+00, 
             -4.07842466e-01,   4.10864563e+00,  -7.84147830e+00,  -2.87012045e-02,   9.46918946e-01, 
              1.28354665e+00,  -2.13756226e+00,  -1.86662505e+00,   3.43560047e-01,  -2.72399419e-01, 
              5.62765490e-02,  -5.38582373e-01,  -4.35400260e-01,   1.07211674e-01,   1.19892231e+00, 
              7.06126717e-01,   4.94820496e-01,  -4.26952613e-01,  -1.82214049e+00,   1.54801235e+00, 
             -4.70030407e-01,  -2.58715649e-01,  -8.06308250e-01,  -4.82602026e+00,  -6.58739649e+00, 
              1.82478462e+00,   5.95433568e+00,  -8.11608289e-01,   7.57036188e-01,  -5.65003155e+00, 
             -1.18175165e+00,  -3.67956244e+00,   1.40968925e+00,   4.00556877e+00,  -3.91379651e+00, 
              1.91687751e-01,  -4.58179402e+00,   1.07207419e+01,  -3.96606898e-01,  -3.40593249e+00, 
             -1.21131554e+00,   4.19828682e-01,   1.13173539e+00,   2.77284460e+00,  -2.21194156e+00, 
             -1.51461581e+00,   3.32996249e-01,   9.65654048e-01,   8.06075691e-01,   1.21205621e+00, 
              6.99205771e-01,  -1.77652070e+00,  -3.14949679e-01,  -4.52630257e-02,  -3.58050733e-01, 
              7.38579277e-01,  -2.31599034e+00,   8.78307827e-01,  -1.99234829e+00,  -5.10086626e+00, 
             -2.39038078e+00,  -4.53632429e+00,   5.10815134e+00,  -7.19160501e-01,   1.73140263e+00, 
             -1.01946330e+00,  -7.46441953e+00,   2.15781736e-01,   4.92591226e+00,  -1.44146057e-01, 
              4.87717981e+00,   7.53736668e+00,   8.61834903e+00,   2.59039234e-01,   1.77222484e+00, 
             -5.69034528e-03,  -8.06329279e-01,   1.02524854e+00,  -5.89942952e-01,   3.19859880e-01, 
              8.21161115e-01,  -2.33361139e+00,  -1.15845089e+00,  -1.55103357e+00,   2.32018401e+00, 
              3.24057790e+00,  -2.84184178e+00,   1.59767471e+00,   3.08616162e-02,   3.20617435e-01, 
              4.23501139e-01,  -1.35530203e+00,  -2.92777480e-01,  -3.74613569e-01,   9.07749837e-01, 
             -2.07396170e+00,  -5.82630155e+00,   5.90560529e+00,  -3.10270146e+00,  -9.18982663e+00, 
              1.03598382e+01,   4.21407706e+00,   6.02178967e+00,  -1.33138302e+00,   4.24599812e+00, 
              3.09690948e+00,  -6.64255955e+00,   8.50760091e+00,  -5.20863410e+00,  -8.95238957e+00, 
             -5.83226540e+00,  -4.42419471e-01,   5.39528282e-01,   1.18462529e+00,   2.85643425e+00, 
             -4.14306538e-01,   1.99902840e+00,   2.20236824e-01,  -7.64057284e-01,   1.21229972e+00, 
             -1.31915179e+00,  -6.75564144e-01,   2.10315674e-01,  -1.99954119e+00,  -6.89095150e-01, 
             -3.13752098e+00,   4.01489338e-01,  -2.44572066e+00,  -3.28600608e+00,   3.33559842e-01, 
             -2.96329757e+00,  -2.91657150e+00,   3.43571771e+00,   4.54430942e+00,   2.66350776e+00, 
              5.48036888e+00,   8.75212089e+00,   2.03863200e+00,  -6.11097501e+00,  -8.04729276e-01, 
             -1.11677025e+01,   5.14073712e+00,  -3.17086234e+00,  -2.37615171e+00,  -3.74809352e-01, 
              1.82412907e-03,  -3.40085695e+00,  -1.14520678e+00,  -3.67678233e-01,   3.13697112e-01, 
             -3.04950814e-01,  -3.09476632e-01,  -1.22361029e+00,  -4.46106783e-01,  -1.60555094e-01, 
             -6.86466081e-01,  -5.86010884e-01,   1.22147756e+00,   8.19109149e-01,  -2.65970947e+00, 
             -1.77313078e-01,   3.55317348e-01,  -3.46409644e-01,  -1.00572941e+00,  -5.10492399e-01, 
              9.91754416e-01,   3.56380264e+00,  -2.85327979e+00,   1.10038458e+01,   7.68538361e+00, 
             -1.21931409e+00,  -2.53524455e+00,  -8.73843155e+00,   5.80261479e+00,  -6.04777551e-01, 
              1.39762519e+01,   7.25489858e+00,   4.97989788e+00,   5.19263042e+00,   1.04145879e+00, 
              4.10677368e+00,  -2.92308398e+00,  -9.29565540e-01,   8.38159601e+00,  -9.34936090e-01, 
             -1.36188489e+00,   6.71504442e-01,   1.22796402e-01,   2.33460509e-01,   1.37225454e-02, 
             -6.29470206e-01,  -1.18201649e+00,   5.50520030e-01,   2.49875572e+00,   2.21259727e+00, 
              2.97795176e+00,  -8.35955663e-01,  -2.17587312e+00,  -8.05241257e-01,   2.11663492e+00, 
             -9.90282043e-01,  -3.83908247e-01,  -1.55483967e+00,  -1.00150212e+00,   1.30041823e+00, 
              4.36131035e-01,   1.04371508e+01,  -4.35356256e+00,  -4.14510157e+00,  -2.34062761e+00, 
             -2.64133705e+00,   3.77018057e+00,  -5.06241883e+00,  -8.68899264e+00,   9.90120692e-01, 
              2.81931488e+00,   1.77371847e+00,  -3.44217507e+00,  -1.53475645e-01,   4.42398152e+00, 
              7.36302620e-01,  -4.16675972e-01,   1.42515771e-01,   1.98435852e+00,   1.97386285e+00, 
             -7.09620087e-01,  -2.47440372e-01,   5.92320785e-01,  -7.21175165e-01,  -3.34207420e-01, 
              9.36092896e-01,  -8.03770027e-01,  -8.78285142e-01,  -2.63172209e+00,  -7.23017829e-01, 
              2.19560914e-01,  -2.95449484e+00,   2.30133902e-01,  -2.75225347e+00,  -6.19642234e-02, 
             -3.19671134e-01,  -2.32601280e+00,   5.76091710e+00,  -2.04265339e+00,  -4.51166249e+00, 
              6.25343112e+00,   6.08574267e+00,  -7.56201658e+00,   2.48894901e+00,  -5.02291624e-01, 
              5.49458880e+00,   1.09910326e+01,  -7.22851470e+00,  -5.64774507e+00,  -7.49077486e+00, 
             -3.19301794e+00,   1.48651921e+00,  -6.31446183e-01,  -1.32698210e+00,   1.34389733e+00, 
             -7.78328278e-01,  -3.98320359e-01,   6.90601666e-02,   2.35574205e+00,  -4.39976525e-01, 
              9.75339907e-01,   2.26127987e-01,  -9.09742340e-01,  -5.19039312e-01,  -8.92032045e-01, 
              1.34704448e+00,   2.30051551e+00,  -1.84732729e+00,   6.59132581e-01,   2.07357644e+00, 
             -7.01866899e+00,  -6.81148606e-01,  -3.83569556e+00,   3.74163650e+00,  -3.43996988e+00, 
              7.41911853e-01,   1.86059367e+00,   8.62351348e-01,   4.49653670e+00,   4.37186934e+00, 
              2.82287877e+00,   4.11855852e+00,  -7.42233746e-01,  -2.71791070e+00,  -8.01709910e+00, 
             -1.69569436e+00,  -4.35000145e+00,  -7.63822363e-01,  -1.55987998e+00,   3.76944804e-02, 
              1.63429875e+00,  -2.34490552e+00,   9.45691974e-03,   1.07571397e-01,  -4.02786051e-01, 
             -2.60674290e+00,  -2.29901010e+00,   1.50552406e+00,   4.86470742e-01,   9.53918693e-01, 
              6.24270373e-01,   1.18658333e+00,  -1.09975648e+00,   9.62662634e-01,   3.01703731e-01, 
              5.96434888e+00,  -2.96907680e-01,  -1.08394296e+00,   1.90522171e+00,  -5.00761698e-01, 
             -3.10134882e-01,  -2.42202429e+00,   4.60541607e+00,   4.60411287e-01,  -7.79153969e+00, 
              1.17063794e+01,   2.56601076e+00,  -2.24211100e+00,  -9.27298092e+00,   2.60599160e+00, 
              4.48216637e+00,  -4.33273177e+00,   4.26982649e-01,   9.59443104e-01,  -3.77843552e-01, 
             -1.73256973e-01,   1.59076805e-01,  -2.07656734e+00,   1.49197876e+00,  -8.66929379e-01, 
              7.21872674e-01,  -1.05306737e+00,   4.55681253e-01,   2.17094302e+00,   2.81250738e-01, 
             -4.87199948e-01,   3.93418347e-01,  -1.06877715e+00,  -1.16428170e+00,  -4.78577494e-01, 
             -6.83976499e-01,  -4.99587959e+00,  -4.54202541e+00,   2.29734175e+00,  -1.36039432e+00, 
             -2.84727047e+00,  -1.51290486e+00,  -9.10073460e-01,  -6.91714569e+00,  -5.13959619e+00, 
             -3.94012953e+00,  -6.51567586e+00,  -2.44399760e+00,   8.43013272e-02,  -1.79488800e+00, 
             -6.71591471e+00,   2.64619496e+00,  -7.49280299e-01,  -4.46214037e+00,  -6.24320786e-01, 
              7.94861509e-02,   5.70050040e-01,  -8.62091367e-02,   4.60410526e-01,  -1.29313763e+00, 
             -9.67570577e-01,   4.50158898e-01,  -2.06584595e+00,   1.03816570e+00,  -1.21824971e+00, 
             -4.53649205e-01,  -4.35194385e-01,   1.90427750e+00,  -1.94349423e+00,  -6.73030846e-01, 
              1.58350587e+00,   8.26662947e-01,  -6.44665159e+00,   2.02140987e+00,   1.96414713e+00, 
              5.97797185e+00,   9.90425475e+00,  -5.78788167e+00,   4.49035191e+00,   5.07613315e-01, 
             -1.51196229e+00,  -8.42286785e+00,   9.98732490e-01,  -4.29778267e+00,  -1.37439298e+00, 
             -2.13820487e-01,  -4.53193821e+00,   2.94910689e+00,   2.82335833e+00,  -3.85929918e+00, 
             -1.72815799e+00,  -3.64769840e-01,   1.49378446e+00,   3.80601657e-01,  -7.52667823e-01, 
             -3.43807265e-01,   8.59118953e-01,   3.52631346e-02,  -8.49120307e-01,   1.15230050e+00, 
              3.08285249e-01,  -1.71738647e+00,   1.71162835e+00,  -2.07397112e+00,   4.62990776e-01, 
              3.31173457e+00,   6.43203791e-01,   9.51215594e-01,  -5.12600781e+00,  -3.92989132e+00, 
             -3.65317636e+00,   4.93488862e-01,  -1.18236877e+00,  -7.98122840e+00,   2.03464544e+00, 
             -9.15142096e-01,  -1.78685089e+00,   3.70164838e+00,  -3.24795234e+00,   1.07166160e+00, 
             -2.07190019e+00,  -7.06704926e+00,   4.45654096e+00,   7.55161345e+00,  -4.20761286e+00, 
              1.63518357e+00,   5.15349611e-01,  -2.60056923e+00,  -1.39663122e+00,  -3.02607790e-01, 
             -7.07994458e-01,   4.25729655e-01,   2.16300189e-01,  -5.18621648e-01,   4.14456091e-01, 
             -9.12057717e-01,   5.08352500e-01,  -1.14417140e+00,  -1.58986220e+00,  -9.93294334e-01, 
             -1.91440142e-01,   3.93080400e-01,   8.60033547e-01,   3.09379294e+00,  -1.24347612e+00, 
             -2.98839100e-01,  -2.69017761e-01,  -2.24784979e+00,   1.97827927e+00,  -1.37377863e+00, 
              4.93413172e-01,   2.41898822e+00,   5.57990458e+00,  -1.92828982e+00,   3.65327999e-01, 
              4.37832907e+00,  -2.88753424e+00,   1.43245683e+00,  -6.17394135e-01,  -2.38656315e+00, 
              4.32333859e+00,  -1.84444383e+00,   1.32318971e+00,  -4.92758036e-02,  -1.46000539e+00, 
             -1.87955662e+00,   5.47389318e-01,   1.62809467e+00,  -1.25045255e+00,  -6.83308571e-01, 
              1.51063563e+00,  -2.65643320e+00,   4.75487281e-01,   4.17363387e-01,   7.03373453e-01, 
             -7.02636977e-01,   2.99071839e+00,   2.60999631e-01,   1.36140814e-01,  -1.31157597e-01, 
              3.09819488e+00,   6.51049964e+00,  -3.88040790e+00,  -2.77675596e+00,   1.99443597e+00, 
              3.09543165e+00,   2.71244241e+00,   2.84428667e-01,  -5.41342640e+00,  -6.38517879e+00, 
              1.91701025e+00,  -5.21889748e+00,  -4.79639122e+00,  -1.02660507e+01,  -6.30757833e+00, 
              6.68828511e+00,  -1.24062872e+01,  -1.52740818e+00,  -3.77281136e-01,   2.38112744e+00, 
             -1.45968538e+00,  -3.61843073e-01,  -1.24790126e+00,  -9.58059669e-01,  -2.85844578e-01, 
             -1.10322297e+00,   7.75637179e-01,  -4.28467923e-01,   9.26490059e-01,  -1.32069013e-01, 
              2.65871848e-01,   2.27634349e+00,  -6.47663928e-02,   1.16657025e+00,  -6.30757522e-02, 
             -1.57284392e+00,  -4.81287313e+00,  -4.67439088e+00,  -8.14436597e-01,   2.60752920e+00, 
              1.53645427e+00,  -3.91078091e+00,  -3.84614110e-01,  -2.10389538e+00,  -3.98484987e+00, 
             -4.41468533e+00,  -1.66649965e+00,  -2.68977618e+00,   8.41306388e-01,  -5.28421725e+00, 
              5.85497058e-01,   7.51719504e-01,   2.33249596e-01,   1.04401822e+00,   4.97068303e-01, 
              1.36658168e+00,  -1.47677270e+00,  -2.97685208e+00,   3.08668765e+00,  -5.90106321e-01, 
             -4.60598450e-01,   8.37747625e-01,  -1.77241525e+00,   8.31458856e-01,  -1.05113049e+00, 
              1.10236780e+00,   6.41965468e-01,  -1.03929600e+00,   1.38093236e+00,  -1.12828088e+00, 
             -1.10032949e+00,  -7.35375439e-01,  -2.72442603e+00,  -4.28376292e+00,   3.21011795e+00, 
              2.30101613e+00,  -4.14907746e+00,   3.84979200e+00,  -1.67194894e+00,   7.66094333e+00, 
             -1.51854566e+00,   1.94359207e+00,  -3.08991366e+00,   1.08400267e+01,  -3.47888422e+00, 
              4.53670494e+00,  -9.47016088e+00,  -2.11160977e+00,  -3.54097603e+00,  -1.14162770e+00, 
              1.56872954e-01,   4.53104356e-01,   8.72372977e-01,  -5.57451148e-01,  -4.93096811e-01, 
             -4.02422398e-02,   1.95940763e+00,   1.21459661e+00,   9.46494849e-01,   3.84799450e-01, 
              2.14429482e+00,   1.04307152e+00,  -1.46329088e+00,   1.05113391e+00,  -1.94502336e+00, 
              3.72126996e-01,  -6.75725235e-01,  -1.78835853e-01,   4.46371852e+00,  -6.22050165e-01, 
             -5.93678758e+00,  -6.15758947e-01,  -4.65531828e+00,   2.91288095e+00,  -3.73389107e+00, 
              9.05584097e+00,  -8.57764767e+00,  -8.61151807e+00,   1.21663494e+00,   2.25775182e+00, 
             -1.03853907e+00,  -6.49501984e+00,   2.02245843e+00,  -6.10475001e+00,  -1.48101470e+00, 
             -1.10424577e+01,  -1.62973803e+00,   1.01654640e+00,  -3.24376543e+00,   7.59940860e-01, 
              4.22036193e+00,  -1.28378008e+00,   1.16062300e+00,  -1.34817395e+00,  -1.26752343e+00, 
              9.92904210e-01,   5.26162586e-01,  -1.18276555e+00,   2.46813030e+00,   1.23995873e+00, 
              8.38945533e-01,  -1.40046574e+00,  -3.72532020e-01,  -2.20772847e-01,  -1.99404963e-01, 
              2.53410117e+00,   2.65074631e+00,   4.00981522e+00,  -5.64458284e-01,  -2.39279499e+00, 
              3.71496378e-01,  -4.49828102e+00,  -7.99862302e-02,   4.41367212e+00,   2.58432567e+00, 
             -4.47430586e+00,  -3.53646017e+00,   2.01782205e+00,  -2.92969547e+00,   1.17428169e+00, 
              6.21251796e+00,   1.03583791e+00,   5.79937053e-01,  -6.80223212e-03,   8.76572323e-01, 
             -1.31363346e+00,   7.34054096e-01,  -2.16898653e+00,  -7.99392294e-01,  -1.50780455e-01, 
              3.80378245e-01,   1.66859649e+00,   6.49242119e-01,   1.77437416e-01,   1.16339779e-03, 
              1.74714751e-01,   1.75566195e+00,  -2.79112306e-01,  -1.82572723e+00,   1.33756531e+00, 
              6.20923824e+00,   2.48935682e+00,  -1.26871489e+00,  -7.18303222e+00,  -2.78293622e+00, 
             -1.51306769e+00,  -3.81317337e+00,   5.94861043e+00,  -3.95265840e+00,  -2.27051335e+01, 
              6.49830123e+01,  -1.91351783e+01,  -3.37340619e+01,   2.90150440e-01,  -1.58859855e+01, 
             -1.11488307e+01,   7.54983796e-01,  -2.46428160e-01,   2.01552873e+00,  -2.23762063e-01, 
             -1.00869491e+00,   3.69127726e+00,  -2.75035163e+00,   6.07509800e-01,   6.45123680e+00, 
             -7.01882527e-01,  -2.83962206e+00,  -6.32194401e-01,  -8.57290313e-01,   5.87123779e+00, 
              2.62828209e+00,   1.25484593e+00,   9.55227968e-01,   2.37117290e+00,  -3.80164381e-01, 
              3.12663885e+00,  -2.76626355e+00,  -1.85566687e+00,   3.35270718e+00,  -8.22307406e+00, 
             -6.85313655e+00,  -5.63820032e+00,  -1.07735159e+01,   2.69196628e+00,  -5.79941503e-01, 
              9.98644056e-02,  -3.51720798e+00,   1.40523212e+01,   1.31389585e+00,  -5.30835980e+00, 
              3.37054762e+00,  -2.05586121e-01,   1.83460970e+00,   9.86329528e+00,   6.11094305e-01, 
              1.21230929e+00,   1.04062902e+00,  -5.83650574e-01,   5.95609691e-01,   9.80160222e-01, 
             -1.09744134e+00,  -7.62190422e-02,   1.04495487e+00,  -7.18082844e-01,  -1.30554721e+00, 
             -6.62995977e-01,   9.85109220e-01,  -1.77723664e+00,  -6.64153884e-01,  -7.80799232e-01, 
             -1.24940267e+00,  -1.49340431e+00,  -2.93153370e+00,  -2.35656483e+00,   3.86584067e+00, 
              4.61123168e-02,   3.41399482e-01,  -1.02835447e+01,   2.43950437e+00,  -1.08918356e+00, 
             -2.31505438e+00,  -9.20649755e+00,  -7.87918255e-01,  -8.19935154e+00,   2.56467934e+00, 
              5.56618948e-02,   2.43530067e+00,  -5.01830170e-01,  -6.52298883e+00,  -2.81881336e+00, 
              2.96082562e+00,   3.48613680e-01,   9.92817723e-01,   1.43318805e+00,  -9.09938517e-01, 
             -2.64628450e-01,  -4.06163932e-01,   1.66085258e+00,  -1.54817617e+00,  -1.24107714e-03, 
             -1.72765670e+00,   2.56063715e+00,  -5.80426211e-01,  -1.36914060e+00,   3.73043104e-02, 
              4.17278671e-01,  -9.21967539e-01,   1.88753071e-01,   3.09664806e+00,  -7.27513929e+00, 
              4.02263090e+00,   3.28996352e+00,   3.06707628e-01,   7.52704165e-01,  -2.66825144e+00, 
             -1.41159773e+00,  -5.13280710e-01,  -5.50868259e-02,  -2.49935808e+00,  -7.81053635e+00, 
              5.86640706e+00,  -2.27716166e+00,  -1.57930564e+00,  -2.62010697e+00,  -1.40574594e+00, 
              3.30398842e+00,   2.66983806e+00,  -3.57761254e-01,  -1.51570536e+00,  -6.72344269e-01, 
              6.13710195e-01,  -9.41493654e-01,   8.86256860e-01,  -1.78982111e-01,   7.86282713e-01, 
             -2.82332366e+00,   1.85005243e-01,  -4.42955297e-01,   1.41406492e+00,   7.14455490e-01, 
              2.75818436e-01,   2.07423376e+00,  -1.90073807e+00,   9.39639056e-02,   6.27619743e+00, 
              2.38205229e+00,  -1.00320003e+01,  -2.29028817e+00,   6.34590767e+00,  -7.08814786e+00, 
              1.00015150e+00,   8.80368557e+00,  -3.52537329e+00,   1.45714592e+00,  -3.99986069e+00, 
              2.68371460e-01,  -5.55182174e+00,  -5.07075077e+00,   9.11352952e+00,   9.54396782e-01, 
             -1.40094678e-02,  -2.90666480e+00,   1.41377529e+00,   1.97294782e+00,   9.05808927e-01, 
              7.27365001e-02,  -1.83375330e+00,   4.64963781e-01,  -2.20812180e-01,  -3.91630926e-01, 
             -5.78197937e-01,  -9.18665759e-01,  -2.69871488e-01,   7.21170143e-01,  -1.98956957e+00, 
             -1.61066538e+00,   2.03083200e+00,  -7.77141867e-01,   3.77377659e-01,   1.75234331e+00, 
             -9.28231383e+00,   9.90597007e+00,   4.46699768e+00,   4.96279676e+00,   2.93590273e+00, 
             -3.62752419e+00,   1.53336025e-01,  -1.52799128e+00,  -6.37471445e+00,  -3.63714180e+00, 
              5.74119516e+00,  -1.25105759e+01,  -3.60215391e+00,  -2.20344234e+00,   2.93635505e+00, 
             -8.92743838e+00,  -3.11095447e+00,   9.32380551e-01,   1.96989270e-01,   2.01268637e+00, 
             -9.89551464e-01,   1.30965777e+00,   1.82226128e-01,   8.62829217e-01,  -3.47533845e-01, 
              8.93899607e-02,  -1.20085548e+00,  -8.83387831e-02,   1.20478334e+00,  -2.17226265e+00, 
             -8.48908309e+00,   1.42294896e+00,  -9.23546901e-01,  -1.05346470e-01,  -6.52598488e+00, 
             -1.53785444e+00,  -2.62129882e-01,   1.07127392e+00,   2.99342765e+00,  -2.86343776e+00, 
              4.14651599e+00,   2.45999106e+00,  -2.36178260e-01,  -5.21743725e+00,  -1.19139161e+00, 
             -1.84633946e+00,  -3.08098979e+00,   1.81540830e+00,  -8.03195927e-01,   3.38861899e-01, 
              4.04741434e-01,   3.76755581e-01,  -1.89701092e+00,  -1.36989421e+00,  -8.74030065e-02, 
              1.73022189e-01,   2.29065631e-01,   2.03078233e+00,  -1.69296804e-01,   4.14397755e-01, 
              9.91576607e+00,  -1.87041770e+01,   3.55138152e+00,  -1.07544220e+01,  -2.34593604e+00, 
             -6.69957330e+00,  -1.48917262e+01,   1.78982826e+00,  -1.06430293e+01,   4.37061878e-01, 
             -6.03889466e+00,   1.19355889e+00,   3.81882873e+00,   6.07740829e+00,  -1.06518898e+01, 
             -4.19622447e+00,   9.39677280e+00,  -1.07024813e+00,   1.43163948e+00,   1.35719123e+00, 
              2.77561479e+00,  -2.76783633e-01,   4.57510599e+00,  -1.05988857e+00,  -1.27876546e+00, 
             -6.07895313e-01,  -9.60647759e-01,   3.17897009e+00,   4.71314705e-01,   4.71910181e-01, 
             -1.82087594e+00,  -5.84907589e-01,   1.77196893e+00,   4.75812735e+00,  -3.22773605e+00, 
             -2.20440858e+00,   6.02258936e+00,  -4.24481144e+00,  -2.01500066e+00,  -9.04044981e-01, 
              4.78120699e+00,   8.32423940e-01,   3.12270836e+00,  -8.88399591e-01,   3.55390905e+00, 
             -2.85190878e+00,   5.33525839e+00,  -3.45282472e+00,  -4.59887900e-02,   1.12896559e+00, 
             -1.00396677e+00,  -1.01507848e+00,   8.45201295e-01,   9.99100688e-01,   5.31857863e-01, 
              1.05883607e+00,  -7.65363148e-01,  -3.32676563e-01,   2.39372926e-01,  -1.87229247e-01, 
             -3.22883450e+00,  -1.04570223e-01,   1.04887489e+00,   1.18059837e+01,  -1.98090599e+00, 
             -3.19579635e+00,   8.60270200e-01,  -1.80079239e+00,  -2.33043755e+00,  -7.57026160e+00, 
             -4.08774571e+00,   8.94708853e-01,   3.53125869e+00,  -5.97246649e+00,   1.22505913e+00, 
              7.27089985e+00,   1.20413068e+00,   6.10559985e-01,   2.38664221e+00,   2.95436594e+00, 
             -5.83579745e-01,   1.46217418e-01,  -4.04242147e-01,   2.96178194e+00,   1.62134011e-01, 
             -1.16622630e+00,  -1.46391353e+00,   1.92201721e+00,  -2.57826769e-01,   1.29692609e+00, 
              5.04847007e+00,  -3.69693082e+00,  -2.41612400e+00,  -7.73694435e-01,  -4.22019321e+00, 
              1.02930375e+00,  -1.98431891e+00,   4.72272733e+00,  -5.37715622e+00,   2.53284134e+00, 
              3.16156020e+00,   1.48180338e+00,   2.75260407e+00,   1.23522598e+00,  -3.00865846e+00, 
             -4.42127050e+00,   7.58235505e+00,  -7.75573889e+00,  -2.23212883e-01,  -3.59997135e-02, 
             -2.74194801e+00,  -6.02069104e-02,   9.09626756e-01,   3.47917863e-01,  -6.45495634e-01, 
             -1.23594797e+00,   1.57445551e+00,  -5.41249338e-01,  -9.52105260e-01,   4.37026467e-01, 
              5.57418453e+00,  -4.19684080e-01,   6.59704177e-01,   1.58046061e+00,  -3.41045196e+00, 
             -8.27359115e+00,  -2.82673081e+00,  -8.49934281e-01,   6.12258981e+00,   2.61480040e+00, 
              1.22213759e+01,  -3.29977128e+00,  -2.53692426e+00,   2.16496749e+00,  -6.41040263e+00, 
              1.71625758e+00,   1.49003579e+00,   5.12830207e+00,   5.94947499e-01,  -2.17277046e-01, 
              5.25607709e-02,  -2.03602119e+00,   1.00079990e+00,   1.53880438e+00,   1.25503425e+00, 
             -1.30073237e+00,  -2.54703985e-01,   1.45115393e+00,   6.57755547e-01,   2.01932984e+00, 
             -1.76890653e+00,  -1.77282041e+00,   1.23145248e+00,  -4.36126220e-01,  -3.73013262e+00, 
              2.65729469e+00,   2.37877567e+00,   4.21337870e+00,  -6.55998027e+00,  -3.38231014e+00, 
              4.43996455e+00,  -3.36748386e+00,  -4.64491793e+00,   1.00922863e+01,  -1.08764524e+00, 
              2.72537001e+00,   6.19621564e+00,  -9.61641583e+00,   9.29338559e-01,  -1.72613701e+00, 
              1.68169872e-01,  -4.26017918e-01,  -1.57341288e+00,   2.83491699e+00,   8.46615731e-01, 
              2.05021323e+00,  -1.23350092e+00,   6.15235388e-01,   3.83086745e-01,   1.92274423e-01, 
             -1.37249486e+00,   5.07190169e-01,   7.58634000e+00,  -4.72830163e+00,  -5.23903878e-01, 
             -2.09206817e+00,   1.92950002e+00,  -3.84499478e+00,   5.24972617e+00,  -1.92952810e+00, 
             -1.06177216e+00,  -1.74586155e+00,  -6.97030542e-02,  -1.86017433e+00,   7.93398060e+00, 
             -1.04161004e-01,   3.00746094e+00,  -7.27771888e+00,   2.34167542e-01,   1.91923556e+00, 
             -2.65650838e-01,   1.86195457e+00,   1.03214555e+00,   5.90568195e-01,  -1.73644777e-01, 
             -1.08367548e+00,  -1.06855605e+00,   2.23669450e-01,  -9.41449863e-01,  -7.48786921e-01, 
             -1.09090723e+01,  -3.43473712e+00,  -5.74923465e-01,   8.40059387e+00,   3.66310319e+00, 
              6.85657672e-01,   5.62514025e+00,  -7.83847564e-02,   2.80560156e-01,  -6.39604835e+00, 
             -3.31421659e+00,   6.34534886e+00,  -8.38337157e-01,   5.74466046e+00,   3.03856973e+00, 
              3.35682773e+00,  -3.46979503e+00,   1.83142348e-01,  -1.44309599e+00,   6.31790280e-01, 
              6.51796516e-01,  -2.75574404e-01,   1.41359535e+00,  -2.31197691e+00,   6.01824517e-01, 
             -9.92999593e-01,  -1.33515429e+00,  -6.26627531e-01,  -3.59955933e-01,  -8.14624747e-01, 
             -3.82657217e+00,  -5.96152476e-01,  -1.02124295e+01,  -2.43648494e+00,   1.69403235e+00, 
             -5.34376963e+00,  -1.06324529e+01,  -9.58488385e-01,  -3.99011893e+00,  -9.02780377e-01, 
             -3.05189308e+00,   7.23787231e+00,   6.73254897e-01,  -2.83062408e+00,  -4.41390832e+00, 
             -4.52077703e+00,  -1.68287669e+00,  -6.44024918e+00,   2.16627071e+00,  -7.87167399e-01, 
             -1.51158568e+00,  -1.95139596e-01,   2.35094736e+00,   1.94946185e-02,   2.57692241e-01, 
              6.21392813e-01,  -3.58005581e-01,  -2.60125930e+00,   7.94831979e-02,   2.26385805e+00, 
              2.07731942e+00,   8.99878764e-01,   5.00997562e+00,  -2.45246889e-01,  -2.89111355e+00, 
             -7.57565987e-01,   2.16467811e+00,   5.70474441e+00,  -5.30275505e-01,  -2.83039460e+00, 
             -9.62622476e-01,   1.05452352e+00,   1.03399190e-01,   1.90802776e+00,  -3.44240210e+00, 
              9.49176531e+00,   1.02835304e+01,  -9.01114145e+00,   4.22626873e-01,  -7.09893962e-01, 
              5.97621697e-01,   7.67306548e-01,  -1.94250869e-05,   1.75900895e-01,  -3.58019118e+00, 
              2.19661065e+00,  -1.77359545e+00,   3.60686710e-01,   9.34453612e-01,  -9.15633523e-01, 
             -2.99726036e+00,   7.86664727e+00,   2.56035521e+00,  -2.42728004e+00,   2.88674083e+00, 
              7.84534857e-01,   1.65758530e+01,  -2.16192935e+00,   1.10704393e+00,  -4.12090958e-01, 
              6.75250914e+00,   3.06847245e+00,  -3.23178819e-01,   8.08774089e+00,   9.94810435e-01, 
              6.20847189e+00,   8.52318571e+00,  -4.08799282e+00,   2.73468977e+00,  -1.44464284e+00, 
              2.52430352e-01,  -1.47492624e+00,   1.14757802e+00,   1.80499685e+00,  -1.61004781e-02, 
              2.67269467e-01,  -4.17116419e-01,   2.61145670e-01,   9.94260295e-01,  -1.31218597e+00, 
             -2.64217392e+00,   9.84375857e+00,  -1.72843721e-01,  -3.94308210e+00,  -4.71327910e-01, 
              4.67185861e+00,   7.03631429e+00,   2.97518677e+00,   9.27068748e-01,   5.40113830e+00, 
             -4.79393534e-01,  -5.57807031e+00,   8.70189282e-01,   2.90104212e+00,   1.04881632e+01, 
              5.50883340e+00,  -1.26145357e+00,  -2.98906623e+00,  -1.92495649e+00,  -3.56848643e-01, 
              7.19271692e-01,  -1.11529544e+00,  -6.51164812e-01,   5.63466152e-01,  -1.31315075e+00, 
              5.56753469e-01,   1.46853413e+00,  -2.59168733e+00,  -1.30852740e+00,   1.54186944e+00, 
              2.62852379e+00,   1.58976856e+00,  -7.88057931e+00,  -1.94044428e+00,  -2.59691178e+00, 
             -6.78727715e+00,   8.46515761e-01,   2.01621708e+00,   3.69196601e+00,  -4.63698174e+00, 
              4.85624207e-01,   5.47276519e+00,   2.74632899e+00,  -2.68911422e+00,   5.84625404e+00, 
              9.87415120e-01,   1.07885680e+01,   1.89542553e+00,   1.44542644e+00,  -2.14635101e-01, 
             -3.43472298e-02,  -1.31606283e+00,   5.07528393e-01,  -5.85716444e-01,  -1.00532551e+00, 
              1.25100946e+00,   2.19667147e+00,   2.24828690e-01,  -2.48309725e-02,   6.16271583e-01, 
              2.69687775e+00,  -8.19490333e-01,  -5.08125813e+00,   5.34398408e+00,  -4.09450891e+00, 
              2.19939822e+00,   5.99808242e-01,   4.63252216e+00,   1.87252211e+00,   6.11248218e-01, 
             -4.39688677e+00,   2.19488494e+00,   5.61148776e-01,   6.92686949e+00,  -8.33354334e+00, 
              2.81518581e+00,  -4.58384946e+00,  -7.62626681e-01,  -1.11326314e+00,  -9.58664911e-01, 
             -1.35561145e+00,   6.95614923e-02,  -2.07759806e+00,  -2.03954252e+00,  -1.22017386e+00, 
              2.62607821e+00,  -4.45239065e-01,   4.72483756e-01,  -1.75542904e+00,   5.49223966e-01, 
              5.12219152e+00,  -1.00182619e+01,   1.15930555e+01,   1.01863212e+00,   5.21912089e+00, 
              2.17680417e+00,  -2.91730129e-01,   8.31820066e-01,  -2.34986198e+00,  -6.32507079e-01, 
             -1.10471113e+00,   5.41114911e+00,   4.42534731e+00,  -4.54475449e+00,   4.35631217e+00, 
             -8.55279140e-01,  -4.04477353e+00,  -8.67144551e+00,   4.83944188e-01,   9.78734993e-01, 
             -2.71819907e-01,   1.02548829e+00,   2.18102271e+00,  -7.12641083e-01,  -1.05090127e+00, 
              7.94242823e-01,   2.90347112e-01,  -1.54597186e+00,  -2.68945785e-01,   2.38156586e+00, 
              1.92342539e-01,  -4.06231076e+00,   1.12040055e+01,   4.50184336e-01,   4.66372568e+00, 
              1.90645282e+00,  -3.46984721e+00,  -1.05176901e+01,   2.07217163e+00,  -4.92777089e+00, 
              3.79546736e+00,  -3.19622977e+00,  -4.98238303e+00,   5.54036578e+00,  -4.11372076e+00, 
              2.99951961e+00,  -8.35258672e+00,   5.73504113e+00,  -1.83034176e-01,  -2.48290739e-01, 
              1.89071692e-01,   4.59330770e-01,   5.46301200e-01,   5.21135758e-01,   5.71121561e-01, 
              2.39000391e+00,  -7.02430431e-01,  -1.56772390e+00,   2.55431751e-01,   6.16439400e-01, 
             -3.54847723e-01,  -2.35821703e+00,   4.25119981e+00,  -7.76411245e-01,   5.22422920e+00, 
             -9.07149483e-02,   1.47541151e+00,   8.32105363e+00,  -5.30706952e+00,   2.81644457e+00, 
              2.98313144e+00,   2.38704755e+00,  -3.63653904e+00,   5.79954422e+00,   3.33353268e+00, 
             -1.44109946e+00,   8.54498147e+00,  -2.35658800e+00,   2.38693553e+00,   1.76399503e+00, 
              1.84902159e+00,  -1.24656216e+00,   1.07447978e+00,   2.30088074e+00,  -9.55759166e-01, 
             -4.99356472e-01,  -7.61142725e-01,  -9.51825226e-01,   8.05458991e-01,  -1.03595478e+00, 
              3.89994517e+00,  -1.45008630e+00,   9.87466971e-03,   1.36042269e+00,   3.20295440e+00, 
              5.74463976e+00,  -3.44704001e+00,  -2.97581790e+00,   6.70181801e+00,   2.60281615e+00, 
              4.31952530e+00,  -6.27250766e+00,   2.75642461e+00,  -1.22579625e-01,  -5.73707890e+00, 
              3.73679759e-01,  -1.12839876e+00,   5.50412551e+00,   4.81687996e-01,  -2.14055833e+00, 
             -1.40872871e+00,   2.43706446e-01,  -4.59001985e-01,  -2.97199819e-01,   1.73060513e+00, 
              9.00118143e-01,   3.55834078e-02,   8.64549598e-01,   1.85193080e-02,   2.87867705e-01, 
              7.97567665e+00,  -5.16614513e+00,   5.46951666e+00,   3.30451519e+00,  -1.72015358e+00, 
             -3.92466883e+00,   9.21742220e+00,   5.53838725e+00,  -4.92672800e+00,  -1.56272498e+00, 
             -1.15886095e+00,   7.50092196e+00,  -5.18245417e-01,   6.64889788e+00,  -6.93402762e+00, 
              3.49864021e-01,   1.78096293e+00,  -1.04547323e+01,   4.78628070e-02,  -6.03113828e-01, 
             -1.35307691e+00,  -3.36420544e+00,  -4.07241786e-02,  -6.69326378e-01,   1.23431268e+00, 
              5.82166039e-01,   1.64117444e+00,  -1.23138287e+00,   2.17902433e+00,  -5.10080254e-01, 
             -1.39360870e+00,   1.71201101e-01,  -1.66384039e+00,  -5.63129123e-01,  -2.44919233e+00, 
              2.89089375e+00,   4.24113086e+00,  -6.50124548e+00,   3.28558449e+00,   1.81697902e+00, 
             -2.82612395e+00,  -2.22496969e+00,   2.32578035e+00,   4.39496993e+00,  -6.08165919e+00, 
              5.78131882e+00,   2.02711400e+00,  -4.01458868e+00,  -4.02025696e-01,  -1.27545437e+00, 
             -9.86903396e-01,  -1.27897804e+00,  -1.96102179e+00,  -1.97957584e+00,  -6.48440245e-01, 
              5.09788635e-01,   2.73748480e-01,  -1.85399265e+00,   3.49379067e-01,  -2.33329931e-01, 
              5.95844010e-01,  -7.15535757e+00,  -1.85084151e+00,   1.19229150e+00,   6.85034209e+00, 
             -1.59998656e+00,   4.42688403e+00,   1.02249847e+00,  -4.64686194e+00,  -3.45818154e+00, 
              2.01429891e+00,   3.30163260e+00,  -4.96969991e+00,   1.15012459e+01,  -3.56066154e+00, 
              3.25391487e+00,  -2.32754587e+00,   3.90724667e+00,   1.56801859e+00,  -5.26149369e-01, 
             -2.28900957e+00,  -1.24989500e+00,  -1.48493791e+00,  -9.28458706e-01,   4.20891270e-01, 
              1.53758364e-01,   3.71468333e+00,   5.74872383e-01,   1.13597811e-01,   1.83432920e+00, 
              4.54573564e+00,   2.13009566e+00,  -7.43389676e+00,  -3.22622025e+00,   2.11824921e-01, 
              4.01598554e+00,  -1.04092139e+00,  -7.10381786e+00,  -4.98243261e+00,  -3.10151612e+00, 
             -2.90299019e+00,  -5.12462095e+00,  -1.79579828e+00,   1.10127653e+00,  -2.23007187e+00, 
             -1.20211922e+00,  -3.80312285e+00,  -1.89551859e+00,  -8.96429571e-01,   6.13828935e-01, 
             -1.32958394e+00,   2.21809698e-01,   8.06456059e-01,   1.36651491e+00,   3.19172669e-01, 
              7.38891304e-01,  -3.24180764e-01,  -5.35228847e-01,   1.24766113e+00,  -1.07979066e+00, 
             -1.24115805e+00,   5.67324946e+00,   2.72089182e+00,   4.03083412e+00,   5.40952109e-01, 
              9.53019836e-01,  -1.07521951e+01,   7.78311922e-01,   2.73408992e-02,   2.28988852e-01, 
              2.72686616e+00,  -1.07850291e-01,  -4.33248734e-02,  -2.84870632e-01,   6.11344664e+00, 
             -2.90130402e-01,   2.60231303e+00,   3.75863404e+00,  -2.90069639e-01,   2.76983310e+00, 
              1.33502928e+00,  -4.02332568e-01,  -6.95109637e-01,  -1.98854497e-02,   1.15318439e+00, 
              2.32807744e+00,  -8.60704018e-01,   1.62548266e+00,  -1.29881601e-01,  -6.11915590e-01, 
             -4.94442211e+00,  -4.96047873e-01,  -2.90042340e+00,  -8.75216855e-01,   2.61877849e+00, 
             -1.60284717e+00,   7.11400735e+00,   5.96160044e+00,  -1.24135150e+01,  -1.44323135e+00, 
              3.07690060e+00,  -6.32631109e+00,   2.61022971e+00,   4.94266513e+00,   6.09648056e+00, 
              1.89473947e+00,   8.84856120e+00,   1.82920676e-01,   5.75139183e-01,  -1.91102881e+00, 
             -1.56421216e+00,   2.23591795e+00,   7.43994097e-01,  -4.10642779e-01,   1.12579224e+00, 
              1.84250323e+00,   1.55066628e+00,  -5.93884278e-02,  -2.02833192e+00,   1.01448133e-01, 
             -6.24766930e+00,  -7.18994584e+00,   5.92187661e+00,   3.21688879e+00,   2.48154309e+00, 
             -1.31868988e+00,   1.52784823e-01,   6.57375394e+00,  -1.09442108e+01,   4.43143968e+00, 
              6.63213719e+00,  -5.72523454e+00,  -3.95511975e+00,   4.14004164e+00,   1.53410971e+00, 
             -2.73601605e+00,  -6.76520653e+00,  -2.44370957e+00,   1.54154560e-01,   7.10375990e-01, 
              3.16679294e-01,  -3.42812614e-01,  -8.70620604e-01,  -6.91557052e-01,   6.63259959e-01, 
             -1.96330250e+00,  -1.54197086e+00,   1.56225476e-01,  -1.22490866e+00,   2.59406139e-01, 
             -2.35145213e+00,  -8.82183892e+00,   1.46763926e+00,  -3.07443751e+00,   8.98561851e+00, 
              6.80565440e+00,  -2.02900992e+00,  -6.82391035e+00,   2.92573097e+00,   5.67586279e-01, 
             -5.12625102e-01,   7.12189629e+00,  -2.80626237e+00,  -6.08054919e-01,   8.32824799e+00, 
              8.60426169e+00,  -2.69941281e+00,  -9.78150434e+00,   1.55584770e+00,   1.00399004e+00, 
              3.39891954e-01,  -2.12983039e-01,  -1.43843996e+00,   1.17564299e+00,   1.11009699e-01, 
             -3.00861416e-03,  -1.78173696e+00,   6.61200956e-01,   1.56408976e+00,  -1.42062952e-01, 
              4.13623898e+00,  -1.02956661e+01,  -4.43030383e+00,  -2.31641364e+00,  -8.71963724e-01, 
             -3.17963783e+00,  -6.06044157e+00,   1.20975784e+01,  -1.92789746e+00,  -7.47166982e-01, 
              5.58362899e+00,   1.60050956e+00,  -2.05045255e+00,   4.94846628e+00,   5.01404374e+00, 
              6.73895115e+00,   7.62021924e+00,   2.13035690e+00,  -1.02360836e+00,   7.49415715e-01, 
             -2.87569686e+00,  -1.63774936e+00,   1.65201637e+00,   5.51071303e-01,   8.20132618e-01, 
             -1.69967012e+00,  -1.18100408e+00,   8.28644782e-01,   3.51855601e+00,  -1.15321479e+00, 
             -6.74554488e+00,  -6.18045439e+00,  -5.55601129e+00,  -2.23164363e+00,  -2.50430159e+00, 
              1.22823407e+00,   1.12100155e+01,   1.36356647e+01,  -6.94958588e+00,   1.21924463e+00, 
              1.59825752e+00,   4.96022815e+00,  -3.61265969e+00,  -1.60136010e+00,  -4.66725863e+00, 
              2.78824077e+00,   3.06070985e+00,   8.31464503e-01,  -2.40806025e+00,  -3.81491569e-01, 
              1.09361205e+00,   2.15619249e+00,   1.17447301e+00,  -5.03952092e-01,   7.70234078e-02, 
             -2.12191937e+00,   2.11134953e+00,  -4.61541157e-01,  -1.54209106e+00,  -2.60056654e-01, 
              1.51530429e+00,  -1.16784418e+00,  -4.25711462e+00,   4.58051684e+00,   4.20671473e+00, 
             -6.56717075e+00,   1.01993942e+00,  -7.73823183e-01,  -9.03309679e-01,  -2.64229381e+00, 
             -4.00848161e+00,  -2.63506607e-01,   6.21548503e+00,  -5.50100962e+00,  -5.09410390e+00, 
             -9.97218970e-01,   2.57720876e+00,  -3.84631381e+00,   1.18098592e+00,   2.43103739e+00, 
             -7.46342226e-01,  -5.04904608e-01,   1.30355481e+00,  -9.13608890e-01,  -1.42156927e+00, 
             -6.28069613e-01,  -1.99464279e+00,  -1.12314375e+00,  -8.25849088e-01,   1.70606374e-01, 
              1.06589767e+00,  -7.95548145e+00,   8.10286074e+00,   4.05937915e+00,   1.61061529e+00, 
             -2.50902571e+00,   9.63704869e+00,  -3.24790563e+00,  -1.25713285e+00,  -5.95874125e+00, 
              5.57396744e+00,   2.69115706e+00,  -3.17430460e+00,  -7.53800894e+00,  -2.57647288e+00, 
             -7.95797406e+00,  -3.00969571e+00,  -7.65391812e+00,  -1.76390657e+00,   3.60564054e-01, 
              2.76010875e+00,   1.37921848e+00,   1.44564922e+00,   1.50788870e+00,   5.72126754e-01, 
             -1.02223392e+00,  -3.63848202e-01,   3.76570310e+00,  -1.50503060e+00,  -1.70932103e+00, 
             -1.06291905e+00,   2.34002442e+00,  -4.65178718e-01,   4.33841525e+00,   6.49676684e+00, 
              2.08847082e+00,   6.54693340e+00,  -8.37389044e-01,  -8.42734875e+00,   4.20002766e+00, 
             -6.37532395e+00,  -2.35435822e+00,  -1.48176095e-01,  -8.35320375e-02,  -2.49606839e+00, 
             -6.33910772e+00,  -4.70487487e+00,   7.00532436e+00,   1.76402577e+00,  -1.89256170e-01, 
             -6.34137787e-01,   7.54831222e-01,  -1.08510675e+00,   1.30675573e+00,  -2.48552308e+00, 
             -2.22251275e+00,  -2.13944538e-01,  -1.79353852e+00,   1.20602586e+00,  -5.79920342e-01, 
             -3.75871296e+00,   3.60736839e+00,  -2.33609210e+00,  -4.43920467e+00,  -5.11307977e-01, 
              2.44459779e+00,  -8.24899868e+00,  -7.97708848e+00,   5.27938328e+00,   3.84390569e-01, 
             -3.92889064e+00,  -1.06638186e+01,   3.85262677e+00,   5.03703936e+00,  -5.30440602e+00, 
             -3.18292619e+00,  -5.71132951e+00,  -9.46044757e+00,   8.70628780e-01,  -5.96231788e-01, 
              2.25511925e-02,   9.83080717e-01,  -5.61636805e-02,   9.06143929e-01,  -1.55971513e-01, 
             -1.08395446e+00,  -9.95487658e-01,   1.59495787e+00,   2.31053674e+00,   2.20203910e-02, 
              4.88308304e+00,   1.15227562e+00,  -3.49654480e+00,   5.77930437e+00,   2.03574306e-01, 
             -3.65311906e+00,   8.44673449e+00,   1.38285792e+00,   4.38706092e+00,  -6.63300774e-01, 
              1.73643902e+00,   6.18695926e+00,  -2.88937070e+00,   1.31428189e+00,  -6.56533230e+00, 
             -4.32274860e+00,  -1.90969347e+00,   3.36592440e+00,  -1.29446811e+00,  -7.45153413e-01, 
             -1.02381904e+00,   2.30964280e+00,   4.08530117e-01,   1.39038342e+00,  -2.64966360e-01, 
             -3.22022613e-01,   4.62889687e-01,  -1.74535805e+00,   1.74961712e+00,  -4.13250439e-01, 
              3.86279670e+00,  -2.40242253e+00,   4.83205322e+00,   1.79364121e+00,  -3.58763365e+00, 
              2.36109687e+00,   8.10513505e+00,  -6.97371754e+00,   4.39113744e+00,   2.99683516e+00, 
             -5.65984309e+00,   1.20652612e+00,  -4.81487620e+00,   8.97759114e-01,   4.64864553e+00, 
              2.76293777e+00,  -4.98808702e+00,  -1.00824611e+01,   7.57984134e-02,   6.64029498e-01, 
              1.58907483e+00,  -1.20121704e+00,  -3.06913616e-01,  -1.78078206e+00,  -1.92205703e+00, 
              7.60799285e-01,  -3.93715161e-01,  -7.94270180e-01,  -2.23878631e+00,  -6.58420942e-01, 
              2.62685862e+00,   3.63324256e+00,   5.41805440e+00,   4.04695321e+00,   5.82092919e+00, 
              9.94318090e-01,   1.05066460e+01,   1.44667917e+00,   6.52154416e+00,   2.95588447e+00, 
             -4.08148441e+00,   9.93998177e-01,   3.92546600e+00,   9.39772297e+00,  -5.53442069e+00, 
              4.89600579e+00,   3.06637522e+00,  -1.41960539e+00,  -9.51336869e-01,  -4.17466918e-01, 
             -4.54543253e-01,   3.38816482e-01,  -2.50057154e-01,  -3.15074633e-01,  -3.39324260e-02, 
              6.47974862e-01,   7.62167017e-01,   1.92125191e+00,  -8.61154686e-01,   5.24099715e-02, 
              1.52180109e+00,  -4.47230979e-01,  -6.11650738e+00,  -3.53419609e+00,   4.00307762e+00, 
              3.36763845e+00,  -3.04211311e+00,  -1.09447687e+00,   1.46014989e+00,  -7.64442040e+00, 
              4.65529894e+00,  -1.62469621e+00,   3.50075760e+00,  -6.47973125e+00,   3.63627289e+00, 
             -6.81146427e-01,  -1.56756212e+00,  -1.88351015e+00,   1.16574161e+00,   2.31181194e-01, 
             -7.86810445e-02,  -1.42552555e+00,  -7.83834141e-01,   1.02972916e+00,   9.09317086e-01, 
              1.01566302e+00,  -1.73616273e+00,   7.51756921e-01,   1.81217579e+00,  -3.33823103e-02, 
              9.69954626e+00,  -9.09129063e+00,   1.12111347e+00,   9.53562308e+00,   3.61485111e-01, 
              7.64148440e-01,   6.38823611e-01,   6.68750829e+00,  -3.69398084e+00,   3.88834259e+00, 
              5.09076954e+00,  -2.54672697e+00,  -7.19145173e+00,  -1.07867630e+00,  -1.02000249e+01, 
              5.76666754e+00,  -9.30936167e-01,  -3.25173076e+00,   1.69683733e+00,  -4.95708172e-01, 
             -5.38937225e-01,   2.07053911e+00,   5.98404226e-01,  -5.26234301e-01,   1.91086439e-02, 
              2.21096629e-01,  -1.15526549e+00,  -1.64351047e+00,   9.41713791e-01,   2.24155830e+00, 
             -2.77218611e+00,   1.40025832e+00,  -3.19678091e+00,  -1.15315737e+00,   2.35596820e+00, 
              5.00412727e+00,  -6.73231405e+00,   3.89086591e+00,   2.71814952e+00,   3.88899939e+00, 
              2.51735056e+00,  -2.71376656e+00,  -6.75404679e+00,  -3.86675186e+00,   4.43807909e+00, 
              2.80278368e+00,   7.73456971e+00,   4.01228710e+00,   6.77928581e-01,   8.22061104e-01, 
             -9.54145715e-01,   7.75118643e-01,  -9.32223009e-01,   1.26741722e+00,   1.53987981e+00, 
             -2.16414700e+00,  -1.81693377e-01,  -7.72748030e-01,  -2.93927216e-01,  -1.69594069e+00, 
             -4.82221078e+00,   1.03388420e-01,  -3.08477920e+00,  -1.72282333e+00,   2.48409857e+00, 
             -3.17537263e+00,   2.96985660e+00,   1.00920045e+01,   3.88132540e+00,  -1.63498863e+00, 
              1.18310046e+00,   1.94834634e+00,   6.46506588e+00,   8.28774910e-01,  -3.86134562e+00, 
              6.05918549e+00,  -5.98901717e+00,  -2.34947426e+00,   1.40293682e+00,   1.11729640e-01, 
              2.51480755e-01,  -3.64103575e-01,  -1.19398974e+00,   1.87085840e+00,  -4.13534523e-01, 
             -3.48085368e-01,  -1.25216045e+00,  -1.32137087e+00,  -8.35603181e-02,  -1.47631039e+00, 
             -1.60536341e+00,   3.79220781e+00,  -2.34531440e+00,  -4.68069013e-01,   7.46974095e-01, 
             -1.96373766e+00,   5.20086487e+00,   2.65258572e+00,   2.43584572e+00,   7.12603936e+00, 
             -3.77882232e+00,   1.70501206e+00,  -4.93542990e+00,   4.15527807e+00,   6.72455007e+00, 
              1.25504197e+00,   3.12136477e+00,  -3.23860150e+00,   6.78652537e-01,   1.38236729e+00, 
              1.03541449e+00,  -1.75699987e+00,   1.57300606e+00,   1.01804959e+00,   1.24400761e-01, 
             -5.41768377e-01,   8.47374975e-01,  -3.36344883e-01,  -2.05467414e+00,   1.39037876e+00, 
              2.04384435e+00,  -6.89126021e+00,   1.67994203e+01,   2.41906422e+00,   1.45874290e+00, 
             -8.11000463e-01,   1.13315146e+01,   6.27354015e+00,  -8.51022420e+00,  -1.74214827e+00, 
              5.71915118e+00,   4.66812204e+00,   8.76243735e-01,  -3.83050327e+00,   7.47603282e+00, 
              9.87934132e-01,  -1.65864077e+00,   3.60728176e-02,  -7.02743421e-01,   9.40343602e-01, 
             -4.28790960e-01,  -9.32678020e-01,   9.04602521e-01,   3.32473807e-01,  -2.25142974e-01, 
             -6.37655856e-01,   1.01850394e+00,   9.67897252e-01,   1.00775676e-01,  -1.19957263e+00, 
             -1.21203378e+00,  -8.56138238e+00,   4.96551980e+00,   2.83069194e+00,  -8.48622519e+00, 
              4.11482956e-01,  -8.71309649e+00,  -2.27693542e+00,   5.90682710e+00,  -1.36610380e+00, 
              5.23502483e+00,  -2.54458035e+00,  -1.13540949e+00,   3.30903350e+00,  -2.18369008e+00, 
              1.16654264e+00,  -1.14563819e+00,   3.04810619e+00,   1.03288239e+00,  -2.40025787e-01, 
              1.35008995e+00,   1.10807339e+00,   2.67671108e+00,  -1.66848544e-01,  -7.37651383e-01, 
              3.36041294e-01,   2.65828335e+00,  -1.94970113e+00,  -1.29321448e-01,  -9.81625130e-01, 
             -4.23720083e+00,   1.01866194e+01,  -2.86064142e-01,  -2.59534142e+00,   1.30892689e-01, 
             -2.68363578e+00,  -7.69778306e+00,  -7.33285289e+00,   5.69860265e+00,  -2.13667551e+00, 
              6.63669295e+00,  -2.15997999e+00,   5.39163040e+00,   3.37329171e-04,  -3.92302755e+00, 
             -6.48238989e-01,   6.66795607e+00,   9.50702261e+00,  -8.25067662e-01,  -2.42508126e+00, 
              1.34001759e+00,   1.96853512e+00,   1.12548563e-01,   2.19351863e+00,  -4.08997864e-01, 
             -2.10358114e+00,   7.31980230e-01,  -2.00739876e-01,   1.54801256e+00,  -6.70374837e-02, 
             -4.48987945e-01,   4.92637204e+00,   1.52048645e+00,  -2.18570231e+00,  -6.33781158e+00, 
              1.43091009e+00,  -3.86188903e-01,   3.68939337e-01,  -4.38432617e+00,   3.03820912e-01, 
              3.14867841e-01,  -6.72549377e-01,  -2.78893533e+00,  -7.86107428e+00,  -2.52192195e+00, 
             -3.29786767e+00,   1.26434274e+00,   3.98785273e+00,  -6.92647871e-01,   1.81330107e+00, 
             -4.79090079e+00,  -3.52030955e-01,   8.04941061e-01,  -5.71471314e-01,   4.21016820e+01, 
             -7.14266981e+01,   9.82579439e+00,   1.31435025e+00,   2.15050299e+00,   5.49716743e+00, 
             -2.72455885e+00,   6.39874983e-01,  -1.24859849e+00,   2.07654721e+00,  -1.35556670e+00, 
             -8.31165840e+00,   7.65731992e+00,   7.76656782e-01,   6.02858821e+00,  -6.69349080e+00, 
             -1.98483188e-01,   2.82308286e+00,  -3.75741534e+00,  -8.08814653e+00,  -8.03179110e-01, 
              6.70411842e-01,  -1.43195719e+00,   1.73074684e+00,  -2.91368324e+00,  -6.03135165e+00, 
             -2.84290133e-01,   4.33133525e-01,  -7.63266250e+00,  -2.61371614e+00,  -4.66316415e+00, 
              8.94709019e+00,  -7.83262443e+00,   1.31456065e+00,   5.33082608e-01,  -9.84810371e-01, 
              6.14141486e-01,   3.90117709e+00,  -6.51780319e+00,   4.03504397e+00,  -4.28395594e+00, 
              2.05561086e+00,  -6.37285978e-01,   4.18571894e+00,  -6.80121939e+00,   1.23620964e+01, 
              1.24817699e+01,   6.63632191e+00,  -5.67169026e+00,  -5.66987494e-01,   9.26071950e-01, 
             -2.79192141e+00,   6.82347289e+00,   1.49163010e+01,  -1.11814377e-01,   1.92536037e+00, 
             -9.58447775e+00,   4.47064625e+00,  -8.95871634e+00,  -1.77093014e+00,   2.83355664e+00, 
              6.51499380e+00,  -6.83432529e-01,  -7.86447167e+00,  -3.24058449e-02,   2.15011783e+00, 
              1.53892079e+00,   9.34113497e-01,  -3.87186351e+00,  -7.99009882e-01,   4.47149991e-01, 
              6.96348078e+00,  -5.95138290e+00,   2.60731335e+00,   3.94859172e+00,   9.98940410e-01, 
             -3.70296790e+00,  -1.39301647e+01,   3.84163295e+00,  -7.43500693e+00,   1.20864292e+01, 
             -3.04296213e+00,   1.78992456e+00,   2.88969984e+00,  -2.68836040e+00,  -3.16526625e+00, 
              1.82465031e+00,  -2.17219522e+00,  -1.20849151e+01,   3.19242012e+00,  -9.62502372e+00, 
              5.07577068e+00,  -2.02907119e+00,  -2.70799419e+00,  -9.12900289e+00,   1.17330996e+01, 
             -1.63225943e+00,   4.57453263e+00,  -8.27831941e+00,   6.41907775e+00,  -1.04446995e+00, 
              5.03301857e+00,  -9.48594331e+00,   5.73180205e+00,  -2.04886692e+00,  -4.98998413e+00, 
              1.78655958e+00,   6.72409378e-01,   6.95538696e+00,   9.36201960e+00,   4.68958418e+00, 
             -3.22340822e+00,  -2.18476969e+00,   2.50379352e+00,  -3.06427247e+00,   1.34240677e+01, 
             -9.51509736e+00,   7.88227099e+00,  -1.53771933e-01,  -3.54260457e+00,   4.84116932e+00, 
             -4.56314405e+00,  -1.03097082e+01,   2.26543850e+00,  -4.20536065e+00,   4.72670098e+00, 
              6.06107631e-02,  -3.43922735e+00,   7.95831243e-01,   2.48554516e+00,  -2.42193288e+00, 
              2.27687313e+00,  -1.69877662e+01,  -2.10626297e+00,   8.51292344e+00,  -4.51782828e+00, 
              6.34844435e+00,  -6.44370899e-02,  -4.46878526e+00,   1.32662433e+01,   1.28354483e+01, 
              1.05377997e+01,  -5.48655442e+00,   9.18352534e+00,   5.99436736e+00,   6.75837143e-01, 
              7.91447102e+00,  -6.19899101e+00,  -4.15927481e+00,   1.03736623e+00,  -5.44410792e+00, 
              3.57685162e+00,  -4.81019425e+00,   5.40812938e+00,   2.16149589e+00,  -1.01361197e+01, 
             -6.05311898e+00,  -4.45496074e+00,   1.62783850e+00,  -2.58965184e+00,   3.16085517e+00, 
              7.96045269e+00,  -4.40856440e-01,   4.68535742e+00,  -1.36106372e-01,  -3.88587922e+00, 
              4.50691798e+00,   6.10958902e+00,  -3.21963189e+00,  -7.71169564e+00,  -3.46301935e+00, 
             -4.86718386e+00,  -4.62654402e+00,   1.68977358e+00,  -1.56699570e+00,   1.05620296e+01, 
             -3.84012769e+00,  -6.15840487e+00,  -7.04054227e+00,  -1.88883107e+00,  -3.85987244e+00, 
              7.54587322e+00,  -1.03618993e+00,   8.72935874e-01,  -2.72531834e+00,   1.40887101e+00, 
              8.47305623e-01,  -4.22017401e-01,  -3.58195092e+00,  -1.40515949e+00,  -1.23596581e+00, 
              7.56444610e+00,  -9.61484331e+00,  -4.02745149e+00,  -6.78263734e+00,   2.05989501e+00, 
             -6.71935554e+00,  -4.00012359e+00,  -8.37766664e+00,  -1.27164368e+01,   1.02117251e+00, 
             -5.64806071e-01,  -1.48152716e+00,  -9.61439595e-01,   5.56736418e+00,  -1.09873159e+00, 
             -2.18317961e+00,   3.54538097e+00,  -1.71375042e+00,   3.47717883e+00,   1.29344666e+01, 
              2.14078248e+00,   7.51004909e+00,  -1.90472525e+00,  -8.59134481e+00,  -1.23497250e+00, 
             -5.07837704e+00,  -2.52917707e+00,  -2.27419793e+00,  -8.36659479e-01,   7.90501008e+00, 
              7.15164304e+00,  -1.98624027e+00,   5.91120806e+00,  -2.14485683e+00,   8.91776848e+00, 
              3.41235661e+00,  -6.81457353e+00,   9.14894880e+00,   1.58007552e+00,  -1.71774737e+00, 
              1.07451174e+01,  -3.01153570e+00,  -7.78796110e+00,   2.19259868e+00,  -2.53421954e-01, 
             -4.63550688e+00,   8.97533989e+00,   4.71225597e+00,  -1.62990409e+00,  -2.18147454e+00, 
              9.86072401e+00,  -1.29730045e+00,  -4.28147543e+00,  -4.30193250e+00,   6.03175524e+00, 
             -2.20259301e-01,  -2.73823974e+00,   4.96061041e+00,   3.44872689e-01,   7.32827611e-01, 
             -1.41181519e+00,  -1.81208066e+00,  -6.58929527e+00,   3.37328776e+00,  -3.08949536e+00, 
              6.09584999e-01,   7.78332813e+00,  -3.48288708e+00,   3.90101198e+00,   1.02726906e-01, 
              1.84197537e-01,   4.87414745e-01,   2.04391786e+00,   6.73562851e+00,  -8.15448701e+00, 
             -7.14583675e+00,  -2.46743616e+00,   7.50767207e+00,  -8.94973620e+00,  -2.32919417e+00, 
             -4.18701240e+00,  -7.94131396e+00,  -7.32184339e+00,   1.14622051e+01,   1.40843430e+01, 
             -3.40494548e+00,  -2.32748321e+00,  -6.41635963e+00,  -3.75081385e+00,  -5.80414138e+00, 
             -3.96118442e+00,   3.97065930e-01,   4.72918387e+00,   5.46063472e+00,   5.22601767e-01, 
              3.25852071e+00,  -3.89284772e+00,   8.37500361e+00,  -1.13614953e+01,   3.69716746e+00, 
             -1.40408003e+00,  -1.93733342e-01,  -7.85824023e+00,  -2.81554852e+00,   5.61130249e+00, 
             -2.84885217e-01,  -3.48693209e+00,   7.31012897e+00,   2.38711238e+00,  -1.98898879e+00, 
             -2.79015721e+00,   3.95082353e+00,   3.14179066e-03,  -2.59629871e+00,   1.15240421e+01, 
              2.27401943e+00,   5.68729975e+00,   5.38368396e+00,   1.33992337e+00,   1.62667151e+00, 
             -5.42818606e+00,   3.70750837e+00,  -1.10745346e+01,   4.58755487e+00,   2.25196079e+00, 
             -4.22315001e+00,  -4.45827978e+00,   3.33355412e+00,  -1.71336894e+00,  -2.59939004e+00, 
              1.26077400e+00,  -8.33084129e+00,   1.75443900e+00,   1.92373356e+01,  -3.96392145e+00, 
              1.07747599e+01,   9.60203932e+00,  -1.00274052e+01,  -1.90503525e+00,  -6.82178149e+00, 
              4.01529576e+00,  -5.06227906e+00,   8.45490250e-01,  -3.59181377e+00,   4.58837219e+00, 
             -2.76134035e+00,  -5.02846947e+00,  -8.45083064e+00,  -9.35465256e-01,   1.20230316e-01, 
             -5.64233461e+00,   4.39819211e+00,   8.96876105e-01,  -9.99971094e+00,  -1.03095691e+01, 
             -1.35665671e+01,   1.68684627e-01,  -1.05797375e+00,  -1.69746368e+00,  -1.03075439e+00, 
             -1.18092924e+00,   1.08630606e+00,  -1.00676259e+01,  -5.53454333e+00,   2.47370748e+00, 
              1.43148886e+00,   7.13177953e-01,   1.23062189e+01,   1.46049243e+00,  -1.20151899e+01, 
              2.08514734e+00,   4.24731714e+00,   5.41326801e+00,  -9.82069544e+00,   4.43824919e+00, 
             -2.47936110e+01,  -1.41524321e+01,   2.77621113e+01,  -2.93246583e+00,  -3.14842911e-01, 
             -8.10008385e-01,  -7.61286156e+00,   6.09513011e+00,  -1.62579092e+01,  -6.45842355e+00, 
             -9.82090861e+00,   8.13352927e+00,  -2.75198385e+00,   1.35226645e+01,  -1.84222695e+01, 
              2.40844007e+01,  -1.55489363e+01,   7.84000112e+00 ]
         </p>
         <m shape='(2266)'>
          [   2.18941669e+04,   2.91651223e+04,   2.18941669e+04,   2.91651223e+04,   2.91651223e+04, 
              2.18941669e+04,   1.83736223e+03,   1.83736223e+03,   1.83736223e+03,   1.83736223e+03, 
              1.83736223e+03,   1.83736223e+03,   2.18941669e+04,   2.91651223e+04,   2.18941669e+04, 
              2.91651223e+04,   2.91651223e+04,   2.18941669e+04,   1.83736223e+03,   1.83736223e+03, 
              1.83736223e+03,   1.83736223e+03,   1.83736223e+03,   1.83736223e+03,   2.18941669e+04, 
              2.91651223e+04,   2.18941669e+04,   2.91651223e+04,   2.91651223e+04,   2.18941669e+04, 
              1.83736223e+03,   1.83736223e+03,   1.83736223e+03,   1.83736223e+03,   1.83736223e+03, 
              1.83736223e+03,   2.18941669e+04,   2.91651223e+04,   2.18941669e+04,   2.91651223e+04, 
              2.91651223e+04,   2.18941669e+04,   1.83736223e+03,   1.83736223e+03,   1.83736223e+03, 
              1.83736223e+03,   1.83736223e+03,   1.83736223e+03,   2.18941669e+04,   2.91651223e+04, 
              2.18941669e+04,   2.91651223e+04,   2.91651223e+04,   2.18941669e+04,   1.83736223e+03, 
              1.83736223e+03,   1.83736223e+03,   1.83736223e+03,   1.83736223e+03,   1.83736223e+03, 
              2.18941669e+04,   2.91651223e+04,   2.18941669e+04,   2.91651223e+04,   2.91651223e+04, 
              2.18941669e+04,   1.83736223e+03,   1.83736223e+03,   1.83736223e+03,   1.83736223e+03, 
              1.83736223e+03,   1.83736223e+03,   2.18941669e+04,   2.91651223e+04,   2.18941669e+04, 
              2.91651223e+04,   2.91651223e+04,   2.18941669e+04,   1.83736223e+03,   1.83736223e+03, 
              1.83736223e+03,   1.83736223e+03,   1.83736223e+03,   1.83736223e+03,   2.18941669e+04, 
              2.91651223e+04,   2.18941669e+04,   2.91651223e+04,   2.91651223e+04,   2.18941669e+04, 
              1.83736223e+03,   1.83736223e+03,   1.83736223e+03,   1.83736223e+03,   1.83736223e+03, 
              1.83736223e+03,   2.18941669e+04,   2.91651223e+04,   2.18941669e+04,   2.91651223e+04, 
              2.91651223e+04,   2.18941669e+04,   1.83736223e+03,   1.83736223e+03,   1.83736223e+03, 
              1.83736223e+03,   1.83736223e+03,   1.83736223e+03,   2.18941669e+04,   2.91651223e+04, 
              2.18941669e+04,   2.91651223e+04,   2.91651223e+04,   2.18941669e+04,   1.83736223e+03, 
              1.83736223e+03,   1.83736223e+03,   1.83736223e+03,   1.83736223e+03,   1.83736223e+03, 
              2.18941669e+04,   2.91651223e+04,   2.18941669e+04,   2.91651223e+04,   2.91651223e+04, 
              2.18941669e+04,   1.83736223e+03,   1.83736223e+03,   1.83736223e+03,   1.83736223e+03, 
              1.83736223e+03,   1.83736223e+03,   2.18941669e+04,   2.91651223e+04,   2.18941669e+04, 
              2.91651223e+04,   2.91651223e+04,   2.18941669e+04,   1.83736223e+03,   1.83736223e+03, 
              1.83736223e+03,   1.83736223e+03,   1.83736223e+03,   1.83736223e+03,   2.18941669e+04, 
              2.91651223e+04,   2.18941669e+04,   2.91651223e+04,   2.91651223e+04,   2.18941669e+04, 
              1.83736223e+03,   1.83736223e+03,   1.83736223e+03,   1.83736223e+03,   1.83736223e+03, 
              1.83736223e+03,   2.18941669e+04,   2.91651223e+04,   2.18941669e+04,   2.91651223e+04, 
              2.91651223e+04,   2.18941669e+04,   1.83736223e+03,   1.83736223e+03,   1.83736223e+03, 
              1.83736223e+03,   1.83736223e+03,   1.83736223e+03,   2.18941669e+04,   2.91651223e+04, 
              2.18941669e+04,   2.91651223e+04,   2.91651223e+04,   2.18941669e+04,   1.83736223e+03, 
              1.83736223e+03,   1.83736223e+03,   1.83736223e+03,   1.83736223e+03,   1.83736223e+03, 
              2.18941669e+04,   2.91651223e+04,   2.18941669e+04,   2.91651223e+04,   2.91651223e+04, 
              2.18941669e+04,   1.83736223e+03,   1.83736223e+03,   1.83736223e+03,   1.83736223e+03, 
              1.83736223e+03,   1.83736223e+03,   2.18941669e+04,   2.91651223e+04,   2.18941669e+04, 
              2.91651223e+04,   2.91651223e+04,   2.18941669e+04,   1.83736223e+03,   1.83736223e+03, 
              1.83736223e+03,   1.83736223e+03,   1.83736223e+03,   1.83736223e+03,   2.18941669e+04, 
              2.91651223e+04,   2.18941669e+04,   2.91651223e+04,   2.91651223e+04,   2.18941669e+04, 
              1.83736223e+03,   1.83736223e+03,   1.83736223e+03,   1.83736223e+03,   1.83736223e+03, 
              1.83736223e+03,   2.18941669e+04,   2.91651223e+04,   2.18941669e+04,   2.91651223e+04, 
              2.91651223e+04,   2.18941669e+04,   1.83736223e+03,   1.83736223e+03,   1.83736223e+03, 
              1.83736223e+03,   1.83736223e+03,   1.83736223e+03,   2.18941669e+04,   2.91651223e+04, 
              2.18941669e+04,   2.91651223e+04,   2.91651223e+04,   2.18941669e+04,   1.83736223e+03, 
              1.83736223e+03,   1.83736223e+03,   1.83736223e+03,   1.83736223e+03,   1.83736223e+03, 
              2.18941669e+04,   2.91651223e+04,   2.18941669e+04,   2.91651223e+04,   2.91651223e+04, 
              2.18941669e+04,   1.83736223e+03,   1.83736223e+03,   1.83736223e+03,   1.83736223e+03, 
              1.83736223e+03,   1.83736223e+03,   2.18941669e+04,   2.91651223e+04,   2.18941669e+04, 
              2.91651223e+04,   2.91651223e+04,   2.18941669e+04,   1.83736223e+03,   1.83736223e+03, 
              1.83736223e+03,   1.83736223e+03,   1.83736223e+03,   1.83736223e+03,   2.18941669e+04, 
              2.91651223e+04,   2.18941669e+04,   2.91651223e+04,   2.91651223e+04,   2.18941669e+04, 
              1.83736223e+03,   1.83736223e+03,   1.83736223e+03,   1.83736223e+03,   1.83736223e+03, 
              1.83736223e+03,   2.18941669e+04,   2.91651223e+04,   2.18941669e+04,   2.91651223e+04, 
              2.91651223e+04,   2.18941669e+04,   1.83736223e+03,   1.83736223e+03,   1.83736223e+03, 
              1.83736223e+03,   1.83736223e+03,   1.83736223e+03,   2.18941669e+04,   2.91651223e+04, 
              2.18941669e+04,   2.91651223e+04,   2.91651223e+04,   2.18941669e+04,   1.83736223e+03, 
              1.83736223e+03,   1.83736223e+03,   1.83736223e+03,   1.83736223e+03,   1.83736223e+03, 
              2.18941669e+04,   2.91651223e+04,   2.18941669e+04,   2.91651223e+04,   2.91651223e+04, 
              2.18941669e+04,   1.83736223e+03,   1.83736223e+03,   1.83736223e+03,   1.83736223e+03, 
              1.83736223e+03,   1.83736223e+03,   2.18941669e+04,   2.91651223e+04,   2.18941669e+04, 
              2.91651223e+04,   2.91651223e+04,   2.18941669e+04,   1.83736223e+03,   1.83736223e+03, 
              1.83736223e+03,   1.83736223e+03,   1.83736223e+03,   1.83736223e+03,   2.18941669e+04, 
              2.91651223e+04,   2.18941669e+04,   2.91651223e+04,   2.91651223e+04,   2.18941669e+04, 
              1.83736223e+03,   1.83736223e+03,   1.83736223e+03,   1.83736223e+03,   1.83736223e+03, 
              1.83736223e+03,   2.18941669e+04,   2.91651223e+04,   2.18941669e+04,   2.91651223e+04, 
              2.91651223e+04,   2.18941669e+04,   1.83736223e+03,   1.83736223e+03,   1.83736223e+03, 
              1.83736223e+03,   1.83736223e+03,   1.83736223e+03,   2.18941669e+04,   2.91651223e+04, 
              2.18941669e+04,   2.91651223e+04,   2.91651223e+04,   2.18941669e+04,   1.83736223e+03, 
              1.83736223e+03,   1.83736223e+03,   1.83736223e+03,   1.83736223e+03,   1.83736223e+03, 
              2.18941669e+04,   2.91651223e+04,   2.18941669e+04,   2.91651223e+04,   2.91651223e+04, 
              2.18941669e+04,   1.83736223e+03,   1.83736223e+03,   1.83736223e+03,   1.83736223e+03, 
              1.83736223e+03,   1.83736223e+03,   2.18941669e+04,   2.91651223e+04,   2.18941669e+04, 
              2.91651223e+04,   2.91651223e+04,   2.18941669e+04,   1.83736223e+03,   1.83736223e+03, 
              1.83736223e+03,   1.83736223e+03,   1.83736223e+03,   1.83736223e+03,   2.18941669e+04, 
              2.91651223e+04,   2.18941669e+04,   2.91651223e+04,   2.91651223e+04,   2.18941669e+04, 
              1.83736223e+03,   1.83736223e+03,   1.83736223e+03,   1.83736223e+03,   1.83736223e+03, 
              1.83736223e+03,   2.18941669e+04,   2.91651223e+04,   2.18941669e+04,   2.91651223e+04, 
              2.91651223e+04,   2.18941669e+04,   1.83736223e+03,   1.83736223e+03,   1.83736223e+03, 
              1.83736223e+03,   1.83736223e+03,   1.83736223e+03,   2.18941669e+04,   2.91651223e+04, 
              2.18941669e+04,   2.91651223e+04,   2.91651223e+04,   2.18941669e+04,   1.83736223e+03, 
              1.83736223e+03,   1.83736223e+03,   1.83736223e+03,   1.83736223e+03,   1.83736223e+03, 
              2.18941669e+04,   2.91651223e+04,   2.18941669e+04,   2.91651223e+04,   2.91651223e+04, 
              2.18941669e+04,   1.83736223e+03,   1.83736223e+03,   1.83736223e+03,   1.83736223e+03, 
              1.83736223e+03,   1.83736223e+03,   2.18941669e+04,   2.91651223e+04,   2.18941669e+04, 
              2.91651223e+04,   2.91651223e+04,   2.18941669e+04,   1.83736223e+03,   1.83736223e+03, 
              1.83736223e+03,   1.83736223e+03,   1.83736223e+03,   1.83736223e+03,   2.18941669e+04, 
              2.91651223e+04,   2.18941669e+04,   2.91651223e+04,   2.91651223e+04,   2.18941669e+04, 
              1.83736223e+03,   1.83736223e+03,   1.83736223e+03,   1.83736223e+03,   1.83736223e+03, 
              1.83736223e+03,   2.18941669e+04,   2.91651223e+04,   2.18941669e+04,   2.91651223e+04, 
              2.91651223e+04,   2.18941669e+04,   1.83736223e+03,   1.83736223e+03,   1.83736223e+03, 
              1.83736223e+03,   1.83736223e+03,   1.83736223e+03,   2.18941669e+04,   2.91651223e+04, 
              2.18941669e+04,   2.91651223e+04,   2.91651223e+04,   2.18941669e+04,   1.83736223e+03, 
              1.83736223e+03,   1.83736223e+03,   1.83736223e+03,   1.83736223e+03,   1.83736223e+03, 
              2.18941669e+04,   2.91651223e+04,   2.18941669e+04,   2.91651223e+04,   2.91651223e+04, 
              2.18941669e+04,   1.83736223e+03,   1.83736223e+03,   1.83736223e+03,   1.83736223e+03, 
              1.83736223e+03,   1.83736223e+03,   2.18941669e+04,   2.91651223e+04,   2.18941669e+04, 
              2.91651223e+04,   2.91651223e+04,   2.18941669e+04,   1.83736223e+03,   1.83736223e+03, 
              1.83736223e+03,   1.83736223e+03,   1.83736223e+03,   1.83736223e+03,   2.18941669e+04, 
              2.91651223e+04,   2.18941669e+04,   2.91651223e+04,   2.91651223e+04,   2.18941669e+04, 
              1.83736223e+03,   1.83736223e+03,   1.83736223e+03,   1.83736223e+03,   1.83736223e+03, 
              1.83736223e+03,   2.18941669e+04,   2.91651223e+04,   2.18941669e+04,   2.91651223e+04, 
              2.91651223e+04,   2.18941669e+04,   1.83736223e+03,   1.83736223e+03,   1.83736223e+03, 
              1.83736223e+03,   1.83736223e+03,   1.83736223e+03,   2.18941669e+04,   2.91651223e+04, 
              2.18941669e+04,   2.91651223e+04,   2.91651223e+04,   2.18941669e+04,   1.83736223e+03, 
              1.83736223e+03,   1.83736223e+03,   1.83736223e+03,   1.83736223e+03,   1.83736223e+03, 
              2.18941669e+04,   2.91651223e+04,   2.18941669e+04,   2.91651223e+04,   2.91651223e+04, 
              2.18941669e+04,   1.83736223e+03,   1.83736223e+03,   1.83736223e+03,   1.83736223e+03, 
              1.83736223e+03,   1.83736223e+03,   2.18941669e+04,   2.91651223e+04,   2.18941669e+04, 
              2.91651223e+04,   2.91651223e+04,   2.18941669e+04,   1.83736223e+03,   1.83736223e+03, 
              1.83736223e+03,   1.83736223e+03,   1.83736223e+03,   1.83736223e+03,   2.18941669e+04, 
              2.91651223e+04,   2.18941669e+04,   2.91651223e+04,   2.91651223e+04,   2.18941669e+04, 
              1.83736223e+03,   1.83736223e+03,   1.83736223e+03,   1.83736223e+03,   1.83736223e+03, 
              1.83736223e+03,   2.18941669e+04,   2.91651223e+04,   2.18941669e+04,   2.91651223e+04, 
              2.91651223e+04,   2.18941669e+04,   1.83736223e+03,   1.83736223e+03,   1.83736223e+03, 
              1.83736223e+03,   1.83736223e+03,   1.83736223e+03,   2.18941669e+04,   2.91651223e+04, 
              2.18941669e+04,   2.91651223e+04,   2.91651223e+04,   2.18941669e+04,   1.83736223e+03, 
              1.83736223e+03,   1.83736223e+03,   1.83736223e+03,   1.83736223e+03,   1.83736223e+03, 
              2.18941669e+04,   2.91651223e+04,   2.18941669e+04,   2.91651223e+04,   2.91651223e+04, 
              2.18941669e+04,   1.83736223e+03,   1.83736223e+03,   1.83736223e+03,   1.83736223e+03, 
              1.83736223e+03,   1.83736223e+03,   2.18941669e+04,   2.91651223e+04,   2.18941669e+04, 
              2.91651223e+04,   2.91651223e+04,   2.18941669e+04,   1.83736223e+03,   1.83736223e+03, 
              1.83736223e+03,   1.83736223e+03,   1.83736223e+03,   1.83736223e+03,   2.18941669e+04, 
              2.91651223e+04,   2.18941669e+04,   2.91651223e+04,   2.91651223e+04,   2.18941669e+04, 
              1.83736223e+03,   1.83736223e+03,   1.83736223e+03,   1.83736223e+03,   1.83736223e+03, 
              1.83736223e+03,   2.18941669e+04,   2.91651223e+04,   2.18941669e+04,   2.91651223e+04, 
              2.91651223e+04,   2.18941669e+04,   1.83736223e+03,   1.83736223e+03,   1.83736223e+03, 
              1.83736223e+03,   1.83736223e+03,   1.83736223e+03,   2.18941669e+04,   2.91651223e+04, 
              2.18941669e+04,   2.91651223e+04,   2.91651223e+04,   2.18941669e+04,   1.83736223e+03, 
              1.83736223e+03,   1.83736223e+03,   1.83736223e+03,   1.83736223e+03,   1.83736223e+03, 
              2.18941669e+04,   2.91651223e+04,   2.18941669e+04,   2.91651223e+04,   2.91651223e+04, 
              2.18941669e+04,   1.83736223e+03,   1.83736223e+03,   1.83736223e+03,   1.83736223e+03, 
              1.83736223e+03,   1.83736223e+03,   2.18941669e+04,   2.91651223e+04,   2.18941669e+04, 
              2.91651223e+04,   2.91651223e+04,   2.18941669e+04,   1.83736223e+03,   1.83736223e+03, 
              1.83736223e+03,   1.83736223e+03,   1.83736223e+03,   1.83736223e+03,   2.18941669e+04, 
              2.91651223e+04,   2.18941669e+04,   2.91651223e+04,   2.91651223e+04,   2.18941669e+04, 
              1.83736223e+03,   1.83736223e+03,   1.83736223e+03,   1.83736223e+03,   1.83736223e+03, 
              1.83736223e+03,   2.18941669e+04,   2.91651223e+04,   2.18941669e+04,   2.91651223e+04, 
              2.91651223e+04,   2.18941669e+04,   1.83736223e+03,   1.83736223e+03,   1.83736223e+03, 
              1.83736223e+03,   1.83736223e+03,   1.83736223e+03,   2.18941669e+04,   2.91651223e+04, 
              2.18941669e+04,   2.91651223e+04,   2.91651223e+04,   2.18941669e+04,   1.83736223e+03, 
              1.83736223e+03,   1.83736223e+03,   1.83736223e+03,   1.83736223e+03,   1.83736223e+03, 
              2.18941669e+04,   2.91651223e+04,   2.18941669e+04,   2.91651223e+04,   2.91651223e+04, 
              2.18941669e+04,   1.83736223e+03,   1.83736223e+03,   1.83736223e+03,   1.83736223e+03, 
              1.83736223e+03,   1.83736223e+03,   2.18941669e+04,   2.91651223e+04,   2.18941669e+04, 
              2.91651223e+04,   2.91651223e+04,   2.18941669e+04,   1.83736223e+03,   1.83736223e+03, 
              1.83736223e+03,   1.83736223e+03,   1.83736223e+03,   1.83736223e+03,   2.18941669e+04, 
              2.91651223e+04,   2.18941669e+04,   2.91651223e+04,   2.91651223e+04,   2.18941669e+04, 
              1.83736223e+03,   1.83736223e+03,   1.83736223e+03,   1.83736223e+03,   1.83736223e+03, 
              1.83736223e+03,   2.18941669e+04,   2.91651223e+04,   2.18941669e+04,   2.91651223e+04, 
              2.91651223e+04,   2.18941669e+04,   1.83736223e+03,   1.83736223e+03,   1.83736223e+03, 
              1.83736223e+03,   1.83736223e+03,   1.83736223e+03,   2.18941669e+04,   2.91651223e+04, 
              2.18941669e+04,   2.91651223e+04,   2.91651223e+04,   2.18941669e+04,   1.83736223e+03, 
              1.83736223e+03,   1.83736223e+03,   1.83736223e+03,   1.83736223e+03,   1.83736223e+03, 
              2.18941669e+04,   2.91651223e+04,   2.18941669e+04,   2.91651223e+04,   2.91651223e+04, 
              2.18941669e+04,   1.83736223e+03,   1.83736223e+03,   1.83736223e+03,   1.83736223e+03, 
              1.83736223e+03,   1.83736223e+03,   2.18941669e+04,   2.91651223e+04,   2.18941669e+04, 
              2.91651223e+04,   2.91651223e+04,   2.18941669e+04,   1.83736223e+03,   1.83736223e+03, 
              1.83736223e+03,   1.83736223e+03,   1.83736223e+03,   1.83736223e+03,   2.18941669e+04, 
              2.91651223e+04,   2.18941669e+04,   2.91651223e+04,   2.91651223e+04,   2.18941669e+04, 
              1.83736223e+03,   1.83736223e+03,   1.83736223e+03,   1.83736223e+03,   1.83736223e+03, 
              1.83736223e+03,   2.18941669e+04,   2.91651223e+04,   2.18941669e+04,   2.91651223e+04, 
              2.91651223e+04,   2.18941669e+04,   1.83736223e+03,   1.83736223e+03,   1.83736223e+03, 
              1.83736223e+03,   1.83736223e+03,   1.83736223e+03,   2.18941669e+04,   2.91651223e+04, 
              2.18941669e+04,   2.91651223e+04,   2.91651223e+04,   2.18941669e+04,   1.83736223e+03, 
              1.83736223e+03,   1.83736223e+03,   1.83736223e+03,   1.83736223e+03,   1.83736223e+03, 
              2.18941669e+04,   2.91651223e+04,   2.18941669e+04,   2.91651223e+04,   2.91651223e+04, 
              2.18941669e+04,   1.83736223e+03,   1.83736223e+03,   1.83736223e+03,   1.83736223e+03, 
              1.83736223e+03,   1.83736223e+03,   2.18941669e+04,   2.91651223e+04,   2.18941669e+04, 
              2.91651223e+04,   2.91651223e+04,   2.18941669e+04,   1.83736223e+03,   1.83736223e+03, 
              1.83736223e+03,   1.83736223e+03,   1.83736223e+03,   1.83736223e+03,   2.18941669e+04, 
              2.91651223e+04,   2.18941669e+04,   2.91651223e+04,   2.91651223e+04,   2.18941669e+04, 
              1.83736223e+03,   1.83736223e+03,   1.83736223e+03,   1.83736223e+03,   1.83736223e+03, 
              1.83736223e+03,   2.18941669e+04,   2.91651223e+04,   2.18941669e+04,   2.91651223e+04, 
              2.91651223e+04,   2.18941669e+04,   1.83736223e+03,   1.83736223e+03,   1.83736223e+03, 
              1.83736223e+03,   1.83736223e+03,   1.83736223e+03,   2.18941669e+04,   2.91651223e+04, 
              2.18941669e+04,   2.91651223e+04,   2.91651223e+04,   2.18941669e+04,   1.83736223e+03, 
              1.83736223e+03,   1.83736223e+03,   1.83736223e+03,   1.83736223e+03,   1.83736223e+03, 
              2.18941669e+04,   2.91651223e+04,   2.18941669e+04,   2.91651223e+04,   2.91651223e+04, 
              2.18941669e+04,   1.83736223e+03,   1.83736223e+03,   1.83736223e+03,   1.83736223e+03, 
              1.83736223e+03,   1.83736223e+03,   2.18941669e+04,   2.91651223e+04,   2.18941669e+04, 
              2.91651223e+04,   2.91651223e+04,   2.18941669e+04,   1.83736223e+03,   1.83736223e+03, 
              1.83736223e+03,   1.83736223e+03,   1.83736223e+03,   1.83736223e+03,   2.18941669e+04, 
              2.91651223e+04,   2.18941669e+04,   2.91651223e+04,   2.91651223e+04,   2.18941669e+04, 
              1.83736223e+03,   1.83736223e+03,   1.83736223e+03,   1.83736223e+03,   1.83736223e+03, 
              1.83736223e+03,   2.18941669e+04,   2.91651223e+04,   2.18941669e+04,   2.91651223e+04, 
              2.91651223e+04,   2.18941669e+04,   1.83736223e+03,   1.83736223e+03,   1.83736223e+03, 
              1.83736223e+03,   1.83736223e+03,   1.83736223e+03,   2.18941669e+04,   2.91651223e+04, 
              2.18941669e+04,   2.91651223e+04,   2.91651223e+04,   2.18941669e+04,   1.83736223e+03, 
              1.83736223e+03,   1.83736223e+03,   1.83736223e+03,   1.83736223e+03,   1.83736223e+03, 
              2.18941669e+04,   2.91651223e+04,   2.18941669e+04,   2.91651223e+04,   2.91651223e+04, 
              2.18941669e+04,   1.83736223e+03,   1.83736223e+03,   1.83736223e+03,   1.83736223e+03, 
              1.83736223e+03,   1.83736223e+03,   2.18941669e+04,   2.91651223e+04,   2.18941669e+04, 
              2.91651223e+04,   2.91651223e+04,   2.18941669e+04,   1.83736223e+03,   1.83736223e+03, 
              1.83736223e+03,   1.83736223e+03,   1.83736223e+03,   1.83736223e+03,   2.18941669e+04, 
              2.91651223e+04,   2.18941669e+04,   2.91651223e+04,   2.91651223e+04,   2.18941669e+04, 
              1.83736223e+03,   1.83736223e+03,   1.83736223e+03,   1.83736223e+03,   1.83736223e+03, 
              1.83736223e+03,   2.18941669e+04,   2.91651223e+04,   2.18941669e+04,   2.91651223e+04, 
              2.91651223e+04,   2.18941669e+04,   1.83736223e+03,   1.83736223e+03,   1.83736223e+03, 
              1.83736223e+03,   1.83736223e+03,   1.83736223e+03,   2.18941669e+04,   2.91651223e+04, 
              2.18941669e+04,   2.91651223e+04,   2.91651223e+04,   2.18941669e+04,   1.83736223e+03, 
              1.83736223e+03,   1.83736223e+03,   1.83736223e+03,   1.83736223e+03,   1.83736223e+03, 
              2.18941669e+04,   2.91651223e+04,   2.18941669e+04,   2.91651223e+04,   2.91651223e+04, 
              2.18941669e+04,   1.83736223e+03,   1.83736223e+03,   1.83736223e+03,   1.83736223e+03, 
              1.83736223e+03,   1.83736223e+03,   2.18941669e+04,   2.91651223e+04,   2.18941669e+04, 
              2.91651223e+04,   2.91651223e+04,   2.18941669e+04,   1.83736223e+03,   1.83736223e+03, 
              1.83736223e+03,   1.83736223e+03,   1.83736223e+03,   1.83736223e+03,   2.18941669e+04, 
              2.91651223e+04,   2.18941669e+04,   2.91651223e+04,   2.91651223e+04,   2.18941669e+04, 
              1.83736223e+03,   1.83736223e+03,   1.83736223e+03,   1.83736223e+03,   1.83736223e+03, 
              1.83736223e+03,   2.18941669e+04,   2.91651223e+04,   2.18941669e+04,   2.91651223e+04, 
              2.91651223e+04,   2.18941669e+04,   1.83736223e+03,   1.83736223e+03,   1.83736223e+03, 
              1.83736223e+03,   1.83736223e+03,   1.83736223e+03,   2.18941669e+04,   2.91651223e+04, 
              2.18941669e+04,   2.91651223e+04,   2.91651223e+04,   2.18941669e+04,   1.83736223e+03, 
              1.83736223e+03,   1.83736223e+03,   1.83736223e+03,   1.83736223e+03,   1.83736223e+03, 
              2.18941669e+04,   2.91651223e+04,   2.18941669e+04,   2.91651223e+04,   2.91651223e+04, 
              2.18941669e+04,   1.83736223e+03,   1.83736223e+03,   1.83736223e+03,   1.83736223e+03, 
              1.83736223e+03,   1.83736223e+03,   2.18941669e+04,   2.91651223e+04,   2.18941669e+04, 
              2.91651223e+04,   2.91651223e+04,   2.18941669e+04,   1.83736223e+03,   1.83736223e+03, 
              1.83736223e+03,   1.83736223e+03,   1.83736223e+03,   1.83736223e+03,   2.18941669e+04, 
              2.91651223e+04,   2.18941669e+04,   2.91651223e+04,   2.91651223e+04,   2.18941669e+04, 
              1.83736223e+03,   1.83736223e+03,   1.83736223e+03,   1.83736223e+03,   1.83736223e+03, 
              1.83736223e+03,   2.18941669e+04,   2.91651223e+04,   2.18941669e+04,   2.91651223e+04, 
              2.91651223e+04,   2.18941669e+04,   1.83736223e+03,   1.83736223e+03,   1.83736223e+03, 
              1.83736223e+03,   1.83736223e+03,   1.83736223e+03,   2.18941669e+04,   2.91651223e+04, 
              2.18941669e+04,   2.91651223e+04,   2.91651223e+04,   2.18941669e+04,   1.83736223e+03, 
              1.83736223e+03,   1.83736223e+03,   1.83736223e+03,   1.83736223e+03,   1.83736223e+03, 
              2.18941669e+04,   2.91651223e+04,   2.18941669e+04,   2.91651223e+04,   2.91651223e+04, 
              2.18941669e+04,   1.83736223e+03,   1.83736223e+03,   1.83736223e+03,   1.83736223e+03, 
              1.83736223e+03,   1.83736223e+03,   2.18941669e+04,   2.91651223e+04,   2.18941669e+04, 
              2.91651223e+04,   2.91651223e+04,   2.18941669e+04,   1.83736223e+03,   1.83736223e+03, 
              1.83736223e+03,   1.83736223e+03,   1.83736223e+03,   1.83736223e+03,   2.18941669e+04, 
              2.91651223e+04,   2.18941669e+04,   2.91651223e+04,   2.91651223e+04,   2.18941669e+04, 
              1.83736223e+03,   1.83736223e+03,   1.83736223e+03,   1.83736223e+03,   1.83736223e+03, 
              1.83736223e+03,   2.18941669e+04,   2.91651223e+04,   2.18941669e+04,   2.91651223e+04, 
              2.91651223e+04,   2.18941669e+04,   1.83736223e+03,   1.83736223e+03,   1.83736223e+03, 
              1.83736223e+03,   1.83736223e+03,   1.83736223e+03,   2.18941669e+04,   2.91651223e+04, 
              2.18941669e+04,   2.91651223e+04,   2.91651223e+04,   2.18941669e+04,   1.83736223e+03, 
              1.83736223e+03,   1.83736223e+03,   1.83736223e+03,   1.83736223e+03,   1.83736223e+03, 
              2.18941669e+04,   2.91651223e+04,   2.18941669e+04,   2.91651223e+04,   2.91651223e+04, 
              2.18941669e+04,   1.83736223e+03,   1.83736223e+03,   1.83736223e+03,   1.83736223e+03, 
              1.83736223e+03,   1.83736223e+03,   2.18941669e+04,   2.91651223e+04,   2.18941669e+04, 
              2.91651223e+04,   2.91651223e+04,   2.18941669e+04,   1.83736223e+03,   1.83736223e+03, 
              1.83736223e+03,   1.83736223e+03,   1.83736223e+03,   1.83736223e+03,   2.18941669e+04, 
              2.91651223e+04,   2.18941669e+04,   2.91651223e+04,   2.91651223e+04,   2.18941669e+04, 
              1.83736223e+03,   1.83736223e+03,   1.83736223e+03,   1.83736223e+03,   1.83736223e+03, 
              1.83736223e+03,   2.18941669e+04,   2.91651223e+04,   2.18941669e+04,   2.91651223e+04, 
              2.91651223e+04,   2.18941669e+04,   1.83736223e+03,   1.83736223e+03,   1.83736223e+03, 
              1.83736223e+03,   1.83736223e+03,   1.83736223e+03,   2.18941669e+04,   2.91651223e+04, 
              2.18941669e+04,   2.91651223e+04,   2.91651223e+04,   2.18941669e+04,   1.83736223e+03, 
              1.83736223e+03,   1.83736223e+03,   1.83736223e+03,   1.83736223e+03,   1.83736223e+03, 
              2.18941669e+04,   2.91651223e+04,   2.18941669e+04,   2.91651223e+04,   2.91651223e+04, 
              2.18941669e+04,   1.83736223e+03,   1.83736223e+03,   1.83736223e+03,   1.83736223e+03, 
              1.83736223e+03,   1.83736223e+03,   2.18941669e+04,   2.91651223e+04,   2.18941669e+04, 
              2.91651223e+04,   2.91651223e+04,   2.18941669e+04,   1.83736223e+03,   1.83736223e+03, 
              1.83736223e+03,   1.83736223e+03,   1.83736223e+03,   1.83736223e+03,   2.18941669e+04, 
              2.91651223e+04,   2.18941669e+04,   2.91651223e+04,   2.91651223e+04,   2.18941669e+04, 
              1.83736223e+03,   1.83736223e+03,   1.83736223e+03,   1.83736223e+03,   1.83736223e+03, 
              1.83736223e+03,   2.18941669e+04,   2.91651223e+04,   2.18941669e+04,   2.91651223e+04, 
              2.91651223e+04,   2.18941669e+04,   1.83736223e+03,   1.83736223e+03,   1.83736223e+03, 
              1.83736223e+03,   1.83736223e+03,   1.83736223e+03,   2.18941669e+04,   2.91651223e+04, 
              2.18941669e+04,   2.91651223e+04,   2.91651223e+04,   2.18941669e+04,   1.83736223e+03, 
              1.83736223e+03,   1.83736223e+03,   1.83736223e+03,   1.83736223e+03,   1.83736223e+03, 
              2.18941669e+04,   2.91651223e+04,   2.18941669e+04,   2.91651223e+04,   2.91651223e+04, 
              2.18941669e+04,   1.83736223e+03,   1.83736223e+03,   1.83736223e+03,   1.83736223e+03, 
              1.83736223e+03,   1.83736223e+03,   2.18941669e+04,   2.91651223e+04,   2.18941669e+04, 
              2.91651223e+04,   2.91651223e+04,   2.18941669e+04,   1.83736223e+03,   1.83736223e+03, 
              1.83736223e+03,   1.83736223e+03,   1.83736223e+03,   1.83736223e+03,   2.18941669e+04, 
              2.91651223e+04,   2.18941669e+04,   2.91651223e+04,   2.91651223e+04,   2.18941669e+04, 
              1.83736223e+03,   1.83736223e+03,   1.83736223e+03,   1.83736223e+03,   1.83736223e+03, 
              1.83736223e+03,   2.18941669e+04,   2.91651223e+04,   2.18941669e+04,   2.91651223e+04, 
              2.91651223e+04,   2.18941669e+04,   1.83736223e+03,   1.83736223e+03,   1.83736223e+03, 
              1.83736223e+03,   1.83736223e+03,   1.83736223e+03,   2.18941669e+04,   2.91651223e+04, 
              2.18941669e+04,   2.91651223e+04,   2.91651223e+04,   2.18941669e+04,   1.83736223e+03, 
              1.83736223e+03,   1.83736223e+03,   1.83736223e+03,   1.83736223e+03,   1.83736223e+03, 
              2.18941669e+04,   2.91651223e+04,   2.18941669e+04,   2.91651223e+04,   2.91651223e+04, 
              2.18941669e+04,   1.83736223e+03,   1.83736223e+03,   1.83736223e+03,   1.83736223e+03, 
              1.83736223e+03,   1.83736223e+03,   2.18941669e+04,   2.91651223e+04,   2.18941669e+04, 
              2.91651223e+04,   2.91651223e+04,   2.18941669e+04,   1.83736223e+03,   1.83736223e+03, 
              1.83736223e+03,   1.83736223e+03,   1.83736223e+03,   1.83736223e+03,   2.18941669e+04, 
              2.91651223e+04,   2.18941669e+04,   2.91651223e+04,   2.91651223e+04,   2.18941669e+04, 
              1.83736223e+03,   1.83736223e+03,   1.83736223e+03,   1.83736223e+03,   1.83736223e+03, 
              1.83736223e+03,   2.18941669e+04,   2.91651223e+04,   2.18941669e+04,   2.91651223e+04, 
              2.91651223e+04,   2.18941669e+04,   1.83736223e+03,   1.83736223e+03,   1.83736223e+03, 
              1.83736223e+03,   1.83736223e+03,   1.83736223e+03,   2.18941669e+04,   2.91651223e+04, 
              2.18941669e+04,   2.91651223e+04,   2.91651223e+04,   2.18941669e+04,   1.83736223e+03, 
              1.83736223e+03,   1.83736223e+03,   1.83736223e+03,   1.83736223e+03,   1.83736223e+03, 
              2.18941669e+04,   2.91651223e+04,   2.18941669e+04,   2.91651223e+04,   2.91651223e+04, 
              2.18941669e+04,   1.83736223e+03,   1.83736223e+03,   1.83736223e+03,   1.83736223e+03, 
              1.83736223e+03,   1.83736223e+03,   2.18941669e+04,   2.91651223e+04,   2.18941669e+04, 
              2.91651223e+04,   2.91651223e+04,   2.18941669e+04,   1.83736223e+03,   1.83736223e+03, 
              1.83736223e+03,   1.83736223e+03,   1.83736223e+03,   1.83736223e+03,   2.18941669e+04, 
              2.91651223e+04,   2.18941669e+04,   2.91651223e+04,   2.91651223e+04,   2.18941669e+04, 
              1.83736223e+03,   1.83736223e+03,   1.83736223e+03,   1.83736223e+03,   1.83736223e+03, 
              1.83736223e+03,   2.18941669e+04,   2.91651223e+04,   2.18941669e+04,   2.91651223e+04, 
              2.91651223e+04,   2.18941669e+04,   1.83736223e+03,   1.83736223e+03,   1.83736223e+03, 
              1.83736223e+03,   1.83736223e+03,   1.83736223e+03,   2.18941669e+04,   2.91651223e+04, 
              2.18941669e+04,   2.91651223e+04,   2.91651223e+04,   2.18941669e+04,   1.83736223e+03, 
              1.83736223e+03,   1.83736223e+03,   1.83736223e+03,   1.83736223e+03,   1.83736223e+03, 
              2.18941669e+04,   2.91651223e+04,   2.18941669e+04,   2.91651223e+04,   2.91651223e+04, 
              2.18941669e+04,   1.83736223e+03,   1.83736223e+03,   1.83736223e+03,   1.83736223e+03, 
              1.83736223e+03,   1.83736223e+03,   2.18941669e+04,   2.91651223e+04,   2.18941669e+04, 
              2.91651223e+04,   2.91651223e+04,   2.18941669e+04,   1.83736223e+03,   1.83736223e+03, 
              1.83736223e+03,   1.83736223e+03,   1.83736223e+03,   1.83736223e+03,   2.18941669e+04, 
              2.91651223e+04,   2.18941669e+04,   2.91651223e+04,   2.91651223e+04,   2.18941669e+04, 
              1.83736223e+03,   1.83736223e+03,   1.83736223e+03,   1.83736223e+03,   1.83736223e+03, 
              1.83736223e+03,   2.18941669e+04,   2.91651223e+04,   2.18941669e+04,   2.91651223e+04, 
              2.91651223e+04,   2.18941669e+04,   1.83736223e+03,   1.83736223e+03,   1.83736223e+03, 
              1.83736223e+03,   1.83736223e+03,   1.83736223e+03,   2.18941669e+04,   2.91651223e+04, 
              2.18941669e+04,   2.91651223e+04,   2.91651223e+04,   2.18941669e+04,   1.83736223e+03, 
              1.83736223e+03,   1.83736223e+03,   1.83736223e+03,   1.83736223e+03,   1.83736223e+03, 
              2.18941669e+04,   2.91651223e+04,   2.18941669e+04,   2.91651223e+04,   2.91651223e+04, 
              2.18941669e+04,   1.83736223e+03,   1.83736223e+03,   1.83736223e+03,   1.83736223e+03, 
              1.83736223e+03,   1.83736223e+03,   2.18941669e+04,   2.91651223e+04,   2.18941669e+04, 
              2.91651223e+04,   2.91651223e+04,   2.18941669e+04,   1.83736223e+03,   1.83736223e+03, 
              1.83736223e+03,   1.83736223e+03,   1.83736223e+03,   1.83736223e+03,   2.18941669e+04, 
              2.91651223e+04,   2.18941669e+04,   2.91651223e+04,   2.91651223e+04,   2.18941669e+04, 
              1.83736223e+03,   1.83736223e+03,   1.83736223e+03,   1.83736223e+03,   1.83736223e+03, 
              1.83736223e+03,   2.18941669e+04,   2.91651223e+04,   2.18941669e+04,   2.91651223e+04, 
              2.91651223e+04,   2.18941669e+04,   1.83736223e+03,   1.83736223e+03,   1.83736223e+03, 
              1.83736223e+03,   1.83736223e+03,   1.83736223e+03,   2.18941669e+04,   2.91651223e+04, 
              2.18941669e+04,   2.91651223e+04,   2.91651223e+04,   2.18941669e+04,   1.83736223e+03, 
              1.83736223e+03,   1.83736223e+03,   1.83736223e+03,   1.83736223e+03,   1.83736223e+03, 
              2.18941669e+04,   2.91651223e+04,   2.18941669e+04,   2.91651223e+04,   2.91651223e+04, 
              2.18941669e+04,   1.83736223e+03,   1.83736223e+03,   1.83736223e+03,   1.83736223e+03, 
              1.83736223e+03,   1.83736223e+03,   2.18941669e+04,   2.91651223e+04,   2.18941669e+04, 
              2.91651223e+04,   2.91651223e+04,   2.18941669e+04,   1.83736223e+03,   1.83736223e+03, 
              1.83736223e+03,   1.83736223e+03,   1.83736223e+03,   1.83736223e+03,   2.18941669e+04, 
              2.91651223e+04,   2.18941669e+04,   2.91651223e+04,   2.91651223e+04,   2.18941669e+04, 
              1.83736223e+03,   1.83736223e+03,   1.83736223e+03,   1.83736223e+03,   1.83736223e+03, 
              1.83736223e+03,   2.18941669e+04,   2.91651223e+04,   2.18941669e+04,   2.91651223e+04, 
              2.91651223e+04,   2.18941669e+04,   1.83736223e+03,   1.83736223e+03,   1.83736223e+03, 
              1.83736223e+03,   1.83736223e+03,   1.83736223e+03,   2.18941669e+04,   2.91651223e+04, 
              2.18941669e+04,   2.91651223e+04,   2.91651223e+04,   2.18941669e+04,   1.83736223e+03, 
              1.83736223e+03,   1.83736223e+03,   1.83736223e+03,   1.83736223e+03,   1.83736223e+03, 
              2.91651223e+04,   2.18941669e+04,   2.91651223e+04,   2.18941669e+04,   2.18941669e+04, 
              2.91651223e+04,   1.83736223e+03,   1.83736223e+03,   1.83736223e+03,   1.83736223e+03, 
              2.91651223e+04,   2.18941669e+04,   2.91651223e+04,   2.18941669e+04,   2.18941669e+04, 
              2.91651223e+04,   1.83736223e+03,   1.83736223e+03,   1.83736223e+03,   1.83736223e+03, 
              2.91651223e+04,   2.18941669e+04,   2.91651223e+04,   2.18941669e+04,   2.18941669e+04, 
              2.91651223e+04,   1.83736223e+03,   1.83736223e+03,   1.83736223e+03,   1.83736223e+03, 
              2.91651223e+04,   2.18941669e+04,   2.91651223e+04,   2.18941669e+04,   2.18941669e+04, 
              2.91651223e+04,   1.83736223e+03,   1.83736223e+03,   1.83736223e+03,   1.83736223e+03, 
              2.91651223e+04,   2.18941669e+04,   2.91651223e+04,   2.18941669e+04,   2.18941669e+04, 
              2.91651223e+04,   1.83736223e+03,   1.83736223e+03,   1.83736223e+03,   1.83736223e+03, 
              2.91651223e+04,   2.18941669e+04,   2.91651223e+04,   2.18941669e+04,   2.18941669e+04, 
              2.91651223e+04,   1.83736223e+03,   1.83736223e+03,   1.83736223e+03,   1.83736223e+03, 
              2.91651223e+04,   2.18941669e+04,   2.91651223e+04,   2.18941669e+04,   2.18941669e+04, 
              2.91651223e+04,   1.83736223e+03,   1.83736223e+03,   1.83736223e+03,   1.83736223e+03, 
              2.91651223e+04,   2.18941669e+04,   2.91651223e+04,   2.18941669e+04,   2.18941669e+04, 
              2.91651223e+04,   1.83736223e+03,   1.83736223e+03,   1.83736223e+03,   1.83736223e+03, 
              2.91651223e+04,   2.18941669e+04,   2.91651223e+04,   2.18941669e+04,   2.18941669e+04, 
              2.91651223e+04,   1.83736223e+03,   1.83736223e+03,   1.83736223e+03,   1.83736223e+03, 
              2.91651223e+04,   2.18941669e+04,   2.91651223e+04,   2.18941669e+04,   2.18941669e+04, 
              2.91651223e+04,   1.83736223e+03,   1.83736223e+03,   1.83736223e+03,   1.83736223e+03, 
              2.91651223e+04,   2.18941669e+04,   2.91651223e+04,   2.18941669e+04,   2.18941669e+04, 
              2.91651223e+04,   1.83736223e+03,   1.83736223e+03,   1.83736223e+03,   1.83736223e+03, 
              2.91651223e+04,   2.18941669e+04,   2.91651223e+04,   2.18941669e+04,   2.18941669e+04, 
              2.91651223e+04,   1.83736223e+03,   1.83736223e+03,   1.83736223e+03,   1.83736223e+03, 
              2.91651223e+04,   2.18941669e+04,   2.91651223e+04,   2.18941669e+04,   2.18941669e+04, 
              2.91651223e+04,   1.83736223e+03,   1.83736223e+03,   1.83736223e+03,   1.83736223e+03, 
              2.91651223e+04,   2.18941669e+04,   2.91651223e+04,   2.18941669e+04,   2.18941669e+04, 
              2.91651223e+04,   1.83736223e+03,   1.83736223e+03,   1.83736223e+03,   1.83736223e+03, 
              2.91651223e+04,   2.18941669e+04,   2.91651223e+04,   2.18941669e+04,   2.18941669e+04, 
              2.91651223e+04,   1.83736223e+03,   1.83736223e+03,   1.83736223e+03,   1.83736223e+03, 
              2.91651223e+04,   2.18941669e+04,   2.91651223e+04,   2.18941669e+04,   2.18941669e+04, 
              2.91651223e+04,   1.83736223e+03,   1.83736223e+03,   1.83736223e+03,   1.83736223e+03, 
              2.91651223e+04,   2.18941669e+04,   2.91651223e+04,   2.18941669e+04,   2.18941669e+04, 
              2.91651223e+04,   1.83736223e+03,   1.83736223e+03,   1.83736223e+03,   1.83736223e+03, 
              2.91651223e+04,   2.18941669e+04,   2.91651223e+04,   2.18941669e+04,   2.18941669e+04, 
              2.91651223e+04,   1.83736223e+03,   1.83736223e+03,   1.83736223e+03,   1.83736223e+03, 
              2.91651223e+04,   2.18941669e+04,   2.91651223e+04,   2.18941669e+04,   2.18941669e+04, 
              2.91651223e+04,   1.83736223e+03,   1.83736223e+03,   1.83736223e+03,   1.83736223e+03, 
              2.91651223e+04,   2.18941669e+04,   2.91651223e+04,   2.18941669e+04,   2.18941669e+04, 
              2.91651223e+04,   1.83736223e+03,   1.83736223e+03,   1.83736223e+03,   1.83736223e+03, 
              2.91651223e+04,   2.18941669e+04,   2.91651223e+04,   2.18941669e+04,   2.18941669e+04, 
              2.91651223e+04,   1.83736223e+03,   1.83736223e+03,   1.83736223e+03,   1.83736223e+03, 
              2.91651223e+04,   2.18941669e+04,   2.91651223e+04,   2.18941669e+04,   2.18941669e+04, 
              2.91651223e+04,   1.83736223e+03,   1.83736223e+03,   1.83736223e+03,   1.83736223e+03, 
              2.91651223e+04,   2.18941669e+04,   2.91651223e+04,   2.18941669e+04,   2.18941669e+04, 
              2.91651223e+04,   1.83736223e+03,   1.83736223e+03,   1.83736223e+03,   1.83736223e+03, 
              2.91651223e+04,   2.18941669e+04,   2.91651223e+04,   2.18941669e+04,   2.18941669e+04, 
              2.91651223e+04,   1.83736223e+03,   1.83736223e+03,   1.83736223e+03,   1.83736223e+03, 
              2.91651223e+04,   2.18941669e+04,   2.91651223e+04,   2.18941669e+04,   2.18941669e+04, 
              2.91651223e+04,   1.83736223e+03,   1.83736223e+03,   1.83736223e+03,   1.83736223e+03, 
              2.91651223e+04,   2.18941669e+04,   2.91651223e+04,   2.18941669e+04,   2.18941669e+04, 
              2.91651223e+04,   1.83736223e+03,   1.83736223e+03,   1.83736223e+03,   1.83736223e+03, 
              2.91651223e+04,   2.18941669e+04,   2.91651223e+04,   2.18941669e+04,   2.18941669e+04, 
              2.91651223e+04,   1.83736223e+03,   1.83736223e+03,   1.83736223e+03,   1.83736223e+03, 
              2.91651223e+04,   2.18941669e+04,   2.91651223e+04,   2.18941669e+04,   2.18941669e+04, 
              2.91651223e+04,   1.83736223e+03,   1.83736223e+03,   1.83736223e+03,   1.83736223e+03, 
              2.91651223e+04,   2.18941669e+04,   2.91651223e+04,   2.18941669e+04,   2.18941669e+04, 
              2.91651223e+04,   1.83736223e+03,   1.83736223e+03,   1.83736223e+03,   1.83736223e+03, 
              2.91651223e+04,   2.18941669e+04,   2.91651223e+04,   2.18941669e+04,   2.18941669e+04, 
              2.91651223e+04,   1.83736223e+03,   1.83736223e+03,   1.83736223e+03,   1.83736223e+03, 
              2.91651223e+04,   2.18941669e+04,   2.91651223e+04,   2.18941669e+04,   2.18941669e+04, 
              2.91651223e+04,   1.83736223e+03,   1.83736223e+03,   1.83736223e+03,   1.83736223e+03, 
              2.91651223e+04,   2.18941669e+04,   2.91651223e+04,   2.18941669e+04,   2.18941669e+04, 
              2.91651223e+04,   1.83736223e+03,   1.83736223e+03,   1.83736223e+03,   1.83736223e+03, 
              2.91651223e+04,   2.18941669e+04,   2.91651223e+04,   2.18941669e+04,   2.18941669e+04, 
              2.91651223e+04,   1.83736223e+03,   1.83736223e+03,   1.83736223e+03,   1.83736223e+03, 
              2.91651223e+04,   2.18941669e+04,   2.91651223e+04,   2.18941669e+04,   2.18941669e+04, 
              2.91651223e+04,   1.83736223e+03,   1.83736223e+03,   1.83736223e+03,   1.83736223e+03, 
              2.91651223e+04,   2.18941669e+04,   2.91651223e+04,   2.18941669e+04,   2.18941669e+04, 
              2.91651223e+04,   1.83736223e+03,   1.83736223e+03,   1.83736223e+03,   1.83736223e+03, 
              2.91651223e+04,   2.18941669e+04,   2.91651223e+04,   2.18941669e+04,   2.18941669e+04, 
              2.91651223e+04,   1.83736223e+03,   1.83736223e+03,   1.83736223e+03,   1.83736223e+03, 
              2.91651223e+04,   2.18941669e+04,   2.91651223e+04,   2.18941669e+04,   2.18941669e+04, 
              2.91651223e+04,   1.83736223e+03,   1.83736223e+03,   1.83736223e+03,   1.83736223e+03, 
              2.91651223e+04,   2.18941669e+04,   2.91651223e+04,   2.18941669e+04,   2.18941669e+04, 
              2.91651223e+04,   1.83736223e+03,   1.83736223e+03,   1.83736223e+03,   1.83736223e+03, 
              2.91651223e+04,   2.18941669e+04,   2.91651223e+04,   2.18941669e+04,   2.18941669e+04, 
              2.91651223e+04,   1.83736223e+03,   1.83736223e+03,   1.83736223e+03,   1.83736223e+03, 
              2.91651223e+04,   2.18941669e+04,   2.91651223e+04,   2.18941669e+04,   2.18941669e+04, 
              2.91651223e+04,   1.83736223e+03,   1.83736223e+03,   1.83736223e+03,   1.83736223e+03, 
              2.91651223e+04,   2.18941669e+04,   2.91651223e+04,   2.18941669e+04,   2.18941669e+04, 
              2.91651223e+04,   1.83736223e+03,   1.83736223e+03,   1.83736223e+03,   1.83736223e+03, 
              2.91651223e+04,   2.18941669e+04,   2.91651223e+04,   2.18941669e+04,   2.18941669e+04, 
              2.91651223e+04,   1.83736223e+03,   1.83736223e+03,   1.83736223e+03,   1.83736223e+03, 
              2.91651223e+04,   2.18941669e+04,   2.91651223e+04,   2.18941669e+04,   2.18941669e+04, 
              2.91651223e+04,   1.83736223e+03,   1.83736223e+03,   1.83736223e+03,   1.83736223e+03, 
              2.91651223e+04,   2.18941669e+04,   2.91651223e+04,   2.18941669e+04,   2.18941669e+04, 
              2.91651223e+04,   1.83736223e+03,   1.83736223e+03,   1.83736223e+03,   1.83736223e+03, 
              2.91651223e+04,   2.18941669e+04,   2.91651223e+04,   2.18941669e+04,   2.18941669e+04, 
              2.91651223e+04,   1.83736223e+03,   1.83736223e+03,   1.83736223e+03,   1.83736223e+03, 
              1.26526691e+04,   1.26526691e+04,   1.26526691e+04,   1.26526691e+04,   1.26526691e+04, 
              1.26526691e+04,   1.26526691e+04,   1.26526691e+04,   1.26526691e+04,   1.26526691e+04, 
              1.26526691e+04,   1.26526691e+04,   1.26526691e+04,   1.26526691e+04,   1.26526691e+04, 
              1.26526691e+04,   1.26526691e+04,   3.46319703e+04,   5.64617127e+04,   3.46319703e+04, 
              3.46319703e+04,   3.46319703e+04,   3.46319703e+04,   3.46319703e+04,   3.46319703e+04, 
              5.64617127e+04,   3.46319703e+04,   3.46319703e+04,   3.46319703e+04,   3.46319703e+04, 
              3.46319703e+04,   3.46319703e+04,   5.64617127e+04,   3.46319703e+04,   3.46319703e+04, 
              3.46319703e+04,   3.46319703e+04,   3.46319703e+04,   3.46319703e+04,   5.64617127e+04, 
              3.46319703e+04,   3.46319703e+04,   3.46319703e+04,   3.46319703e+04,   3.46319703e+04, 
              3.46319703e+04,   5.64617127e+04,   3.46319703e+04,   3.46319703e+04,   3.46319703e+04, 
              3.46319703e+04,   3.46319703e+04,   3.46319703e+04,   5.64617127e+04,   3.46319703e+04, 
              3.46319703e+04,   3.46319703e+04,   3.46319703e+04,   3.46319703e+04,   3.46319703e+04, 
              5.64617127e+04,   3.46319703e+04,   3.46319703e+04,   3.46319703e+04,   3.46319703e+04, 
              3.46319703e+04,   3.46319703e+04,   5.64617127e+04,   3.46319703e+04,   3.46319703e+04, 
              3.46319703e+04,   3.46319703e+04,   3.46319703e+04,   3.46319703e+04,   5.64617127e+04, 
              3.46319703e+04,   3.46319703e+04,   3.46319703e+04,   3.46319703e+04,   3.46319703e+04, 
              3.46319703e+04,   5.64617127e+04,   3.46319703e+04,   3.46319703e+04,   3.46319703e+04, 
              3.46319703e+04,   3.46319703e+04,   3.46319703e+04,   5.64617127e+04,   3.46319703e+04, 
              3.46319703e+04,   3.46319703e+04,   3.46319703e+04,   3.46319703e+04,   3.46319703e+04, 
              5.64617127e+04,   3.46319703e+04,   3.46319703e+04,   3.46319703e+04,   3.46319703e+04, 
              3.46319703e+04,   3.46319703e+04,   5.64617127e+04,   3.46319703e+04,   3.46319703e+04, 
              3.46319703e+04,   3.46319703e+04,   3.46319703e+04,   3.46319703e+04,   5.64617127e+04, 
              3.46319703e+04,   3.46319703e+04,   3.46319703e+04,   3.46319703e+04,   3.46319703e+04, 
              3.46319703e+04,   5.64617127e+04,   3.46319703e+04,   3.46319703e+04,   3.46319703e+04, 
              3.46319703e+04,   3.46319703e+04,   3.46319703e+04,   5.64617127e+04,   3.46319703e+04, 
              3.46319703e+04,   3.46319703e+04,   3.46319703e+04,   3.46319703e+04,   3.46319703e+04, 
              5.64617127e+04,   3.46319703e+04,   3.46319703e+04,   3.46319703e+04,   3.46319703e+04, 
              3.46319703e+04 ]
         </m>
         <names shape='(2266)'>
          [ C, O, C, O, O, 
            C, H, H, H, H, 
            H, H, C, O, C, 
            O, O, C, H, H, 
            H, H, H, H, C, 
            O, C, O, O, C, 
            H, H, H, H, H, 
            H, C, O, C, O, 
            O, C, H, H, H, 
            H, H, H, C, O, 
            C, O, O, C, H, 
            H, H, H, H, H, 
            C, O, C, O, O, 
            C, H, H, H, H, 
            H, H, C, O, C, 
            O, O, C, H, H, 
            H, H, H, H, C, 
            O, C, O, O, C, 
            H, H, H, H, H, 
            H, C, O, C, O, 
            O, C, H, H, H, 
            H, H, H, C, O, 
            C, O, O, C, H, 
            H, H, H, H, H, 
            C, O, C, O, O, 
            C, H, H, H, H, 
            H, H, C, O, C, 
            O, O, C, H, H, 
            H, H, H, H, C, 
            O, C, O, O, C, 
            H, H, H, H, H, 
            H, C, O, C, O, 
            O, C, H, H, H, 
            H, H, H, C, O, 
            C, O, O, C, H, 
            H, H, H, H, H, 
            C, O, C, O, O, 
            C, H, H, H, H, 
            H, H, C, O, C, 
            O, O, C, H, H, 
            H, H, H, H, C, 
            O, C, O, O, C, 
            H, H, H, H, H, 
            H, C, O, C, O, 
            O, C, H, H, H, 
            H, H, H, C, O, 
            C, O, O, C, H, 
            H, H, H, H, H, 
            C, O, C, O, O, 
            C, H, H, H, H, 
            H, H, C, O, C, 
            O, O, C, H, H, 
            H, H, H, H, C, 
            O, C, O, O, C, 
            H, H, H, H, H, 
            H, C, O, C, O, 
            O, C, H, H, H, 
            H, H, H, C, O, 
            C, O, O, C, H, 
            H, H, H, H, H, 
            C, O, C, O, O, 
            C, H, H, H, H, 
            H, H, C, O, C, 
            O, O, C, H, H, 
            H, H, H, H, C, 
            O, C, O, O, C, 
            H, H, H, H, H, 
            H, C, O, C, O, 
            O, C, H, H, H, 
            H, H, H, C, O, 
            C, O, O, C, H, 
            H, H, H, H, H, 
            C, O, C, O, O, 
            C, H, H, H, H, 
            H, H, C, O, C, 
            O, O, C, H, H, 
            H, H, H, H, C, 
            O, C, O, O, C, 
            H, H, H, H, H, 
            H, C, O, C, O, 
            O, C, H, H, H, 
            H, H, H, C, O, 
            C, O, O, C, H, 
            H, H, H, H, H, 
            C, O, C, O, O, 
            C, H, H, H, H, 
            H, H, C, O, C, 
            O, O, C, H, H, 
            H, H, H, H, C, 
            O, C, O, O, C, 
            H, H, H, H, H, 
            H, C, O, C, O, 
            O, C, H, H, H, 
            H, H, H, C, O, 
            C, O, O, C, H, 
            H, H, H, H, H, 
            C, O, C, O, O, 
            C, H, H, H, H, 
            H, H, C, O, C, 
            O, O, C, H, H, 
            H, H, H, H, C, 
            O, C, O, O, C, 
            H, H, H, H, H, 
            H, C, O, C, O, 
            O, C, H, H, H, 
            H, H, H, C, O, 
            C, O, O, C, H, 
            H, H, H, H, H, 
            C, O, C, O, O, 
            C, H, H, H, H, 
            H, H, C, O, C, 
            O, O, C, H, H, 
            H, H, H, H, C, 
            O, C, O, O, C, 
            H, H, H, H, H, 
            H, C, O, C, O, 
            O, C, H, H, H, 
            H, H, H, C, O, 
            C, O, O, C, H, 
            H, H, H, H, H, 
            C, O, C, O, O, 
            C, H, H, H, H, 
            H, H, C, O, C, 
            O, O, C, H, H, 
            H, H, H, H, C, 
            O, C, O, O, C, 
            H, H, H, H, H, 
            H, C, O, C, O, 
            O, C, H, H, H, 
            H, H, H, C, O, 
            C, O, O, C, H, 
            H, H, H, H, H, 
            C, O, C, O, O, 
            C, H, H, H, H, 
            H, H, C, O, C, 
            O, O, C, H, H, 
            H, H, H, H, C, 
            O, C, O, O, C, 
            H, H, H, H, H, 
            H, C, O, C, O, 
            O, C, H, H, H, 
            H, H, H, C, O, 
            C, O, O, C, H, 
            H, H, H, H, H, 
            C, O, C, O, O, 
            C, H, H, H, H, 
            H, H, C, O, C, 
            O, O, C, H, H, 
            H, H, H, H, C, 
            O, C, O, O, C, 
            H, H, H, H, H, 
            H, C, O, C, O, 
            O, C, H, H, H, 
            H, H, H, C, O, 
            C, O, O, C, H, 
            H, H, H, H, H, 
            C, O, C, O, O, 
            C, H, H, H, H, 
            H, H, C, O, C, 
            O, O, C, H, H, 
            H, H, H, H, C, 
            O, C, O, O, C, 
            H, H, H, H, H, 
            H, C, O, C, O, 
            O, C, H, H, H, 
            H, H, H, C, O, 
            C, O, O, C, H, 
            H, H, H, H, H, 
            C, O, C, O, O, 
            C, H, H, H, H, 
            H, H, C, O, C, 
            O, O, C, H, H, 
            H, H, H, H, C, 
            O, C, O, O, C, 
            H, H, H, H, H, 
            H, C, O, C, O, 
            O, C, H, H, H, 
            H, H, H, C, O, 
            C, O, O, C, H, 
            H, H, H, H, H, 
            C, O, C, O, O, 
            C, H, H, H, H, 
            H, H, C, O, C, 
            O, O, C, H, H, 
            H, H, H, H, C, 
            O, C, O, O, C, 
            H, H, H, H, H, 
            H, C, O, C, O, 
            O, C, H, H, H, 
            H, H, H, C, O, 
            C, O, O, C, H, 
            H, H, H, H, H, 
            C, O, C, O, O, 
            C, H, H, H, H, 
            H, H, C, O, C, 
            O, O, C, H, H, 
            H, H, H, H, C, 
            O, C, O, O, C, 
            H, H, H, H, H, 
            H, C, O, C, O, 
            O, C, H, H, H, 
            H, H, H, C, O, 
            C, O, O, C, H, 
            H, H, H, H, H, 
            C, O, C, O, O, 
            C, H, H, H, H, 
            H, H, C, O, C, 
            O, O, C, H, H, 
            H, H, H, H, C, 
            O, C, O, O, C, 
            H, H, H, H, H, 
            H, C, O, C, O, 
            O, C, H, H, H, 
            H, H, H, C, O, 
            C, O, O, C, H, 
            H, H, H, H, H, 
            C, O, C, O, O, 
            C, H, H, H, H, 
            H, H, C, O, C, 
            O, O, C, H, H, 
            H, H, H, H, C, 
            O, C, O, O, C, 
            H, H, H, H, H, 
            H, C, O, C, O, 
            O, C, H, H, H, 
            H, H, H, C, O, 
            C, O, O, C, H, 
            H, H, H, H, H, 
            C, O, C, O, O, 
            C, H, H, H, H, 
            H, H, C, O, C, 
            O, O, C, H, H, 
            H, H, H, H, C, 
            O, C, O, O, C, 
            H, H, H, H, H, 
            H, C, O, C, O, 
            O, C, H, H, H, 
            H, H, H, C, O, 
            C, O, O, C, H, 
            H, H, H, H, H, 
            C, O, C, O, O, 
            C, H, H, H, H, 
            H, H, C, O, C, 
            O, O, C, H, H, 
            H, H, H, H, C, 
            O, C, O, O, C, 
            H, H, H, H, H, 
            H, C, O, C, O, 
            O, C, H, H, H, 
            H, H, H, C, O, 
            C, O, O, C, H, 
            H, H, H, H, H, 
            C, O, C, O, O, 
            C, H, H, H, H, 
            H, H, C, O, C, 
            O, O, C, H, H, 
            H, H, H, H, C, 
            O, C, O, O, C, 
            H, H, H, H, H, 
            H, C, O, C, O, 
            O, C, H, H, H, 
            H, H, H, C, O, 
            C, O, O, C, H, 
            H, H, H, H, H, 
            C, O, C, O, O, 
            C, H, H, H, H, 
            H, H, C, O, C, 
            O, O, C, H, H, 
            H, H, H, H, C, 
            O, C, O, O, C, 
            H, H, H, H, H, 
            H, C, O, C, O, 
            O, C, H, H, H, 
            H, H, H, C, O, 
            C, O, O, C, H, 
            H, H, H, H, H, 
            C, O, C, O, O, 
            C, H, H, H, H, 
            H, H, C, O, C, 
            O, O, C, H, H, 
            H, H, H, H, C, 
            O, C, O, O, C, 
            H, H, H, H, H, 
            H, C, O, C, O, 
            O, C, H, H, H, 
            H, H, H, C, O, 
            C, O, O, C, H, 
            H, H, H, H, H, 
            C, O, C, O, O, 
            C, H, H, H, H, 
            H, H, C, O, C, 
            O, O, C, H, H, 
            H, H, H, H, C, 
            O, C, O, O, C, 
            H, H, H, H, H, 
            H, C, O, C, O, 
            O, C, H, H, H, 
            H, H, H, C, O, 
            C, O, O, C, H, 
            H, H, H, H, H, 
            C, O, C, O, O, 
            C, H, H, H, H, 
            H, H, C, O, C, 
            O, O, C, H, H, 
            H, H, H, H, C, 
            O, C, O, O, C, 
            H, H, H, H, H, 
            H, C, O, C, O, 
            O, C, H, H, H, 
            H, H, H, C, O, 
            C, O, O, C, H, 
            H, H, H, H, H, 
            C, O, C, O, O, 
            C, H, H, H, H, 
            H, H, C, O, C, 
            O, O, C, H, H, 
            H, H, H, H, C, 
            O, C, O, O, C, 
            H, H, H, H, H, 
            H, C, O, C, O, 
            O, C, H, H, H, 
            H, H, H, C, O, 
            C, O, O, C, H, 
            H, H, H, H, H, 
            C, O, C, O, O, 
            C, H, H, H, H, 
            H, H, C, O, C, 
            O, O, C, H, H, 
            H, H, H, H, C, 
            O, C, O, O, C, 
            H, H, H, H, H, 
            H, C, O, C, O, 
            O, C, H, H, H, 
            H, H, H, C, O, 
            C, O, O, C, H, 
            H, H, H, H, H, 
            O, C, O, C, C, 
            O, H, H, H, H, 
            O, C, O, C, C, 
            O, H, H, H, H, 
            O, C, O, C, C, 
            O, H, H, H, H, 
            O, C, O, C, C, 
            O, H, H, H, H, 
            O, C, O, C, C, 
            O, H, H, H, H, 
            O, C, O, C, C, 
            O, H, H, H, H, 
            O, C, O, C, C, 
            O, H, H, H, H, 
            O, C, O, C, C, 
            O, H, H, H, H, 
            O, C, O, C, C, 
            O, H, H, H, H, 
            O, C, O, C, C, 
            O, H, H, H, H, 
            O, C, O, C, C, 
            O, H, H, H, H, 
            O, C, O, C, C, 
            O, H, H, H, H, 
            O, C, O, C, C, 
            O, H, H, H, H, 
            O, C, O, C, C, 
            O, H, H, H, H, 
            O, C, O, C, C, 
            O, H, H, H, H, 
            O, C, O, C, C, 
            O, H, H, H, H, 
            O, C, O, C, C, 
            O, H, H, H, H, 
            O, C, O, C, C, 
            O, H, H, H, H, 
            O, C, O, C, C, 
            O, H, H, H, H, 
            O, C, O, C, C, 
            O, H, H, H, H, 
            O, C, O, C, C, 
            O, H, H, H, H, 
            O, C, O, C, C, 
            O, H, H, H, H, 
            O, C, O, C, C, 
            O, H, H, H, H, 
            O, C, O, C, C, 
            O, H, H, H, H, 
            O, C, O, C, C, 
            O, H, H, H, H, 
            O, C, O, C, C, 
            O, H, H, H, H, 
            O, C, O, C, C, 
            O, H, H, H, H, 
            O, C, O, C, C, 
            O, H, H, H, H, 
            O, C, O, C, C, 
            O, H, H, H, H, 
            O, C, O, C, C, 
            O, H, H, H, H, 
            O, C, O, C, C, 
            O, H, H, H, H, 
            O, C, O, C, C, 
            O, H, H, H, H, 
            O, C, O, C, C, 
            O, H, H, H, H, 
            O, C, O, C, C, 
            O, H, H, H, H, 
            O, C, O, C, C, 
            O, H, H, H, H, 
            O, C, O, C, C, 
            O, H, H, H, H, 
            O, C, O, C, C, 
            O, H, H, H, H, 
            O, C, O, C, C, 
            O, H, H, H, H, 
            O, C, O, C, C, 
            O, H, H, H, H, 
            O, C, O, C, C, 
            O, H, H, H, H, 
            O, C, O, C, C, 
            O, H, H, H, H, 
            O, C, O, C, C, 
            O, H, H, H, H, 
            O, C, O, C, C, 
            O, H, H, H, H, 
            O, C, O, C, C, 
            O, H, H, H, H, 
            O, C, O, C, C, 
            O, H, H, H, H, 
            Li, Li, Li, Li, Li, 
            Li, Li, Li, Li, Li, 
            Li, Li, Li, Li, Li, 
            Li, Li, F, P, F, 
            F, F, F, F, F, 
            P, F, F, F, F, 
            F, F, P, F, F, 
            F, F, F, F, P, 
            F, F, F, F, F, 
            F, P, F, F, F, 
            F, F, F, P, F, 
            F, F, F, F, F, 
            P, F, F, F, F, 
            F, F, P, F, F, 
            F, F, F, F, P, 
            F, F, F, F, F, 
            F, P, F, F, F, 
            F, F, F, P, F, 
            F, F, F, F, F, 
            P, F, F, F, F, 
            F, F, P, F, F, 
            F, F, F, F, P, 
            F, F, F, F, F, 
            F, P, F, F, F, 
            F, F, F, P, F, 
            F, F, F, F, F, 
            P, F, F, F, F, 
            F ]
         </names>
      </beads>
      <cell shape='(3, 3)'>
       [   7.98387633e+02,   4.90002849e-14,   4.89019006e-14,   0.00000000e+00,   8.00235381e+02, 
           4.89019006e-14,   0.00000000e+00,   0.00000000e+00,   7.98628644e+02 ]
      </cell>
   </system>
</simulation>
